Rank,Name,Age,Tier,Height,Weight,Position,Wingspan,Team,,ModalKey,Freenote,Pronote,Snapshot,SpatialIQ,FitMatrix,DefensiveProfile,ArchetypeDrift,RiskIndex,CoachabilityIndex,ShotQualityModel,HistoricalEchoes
1,Darryn Peterson,18,Platinum,"6'5""",195,SG/PG,"6'8""",Kansas,,ModalKey-Peterson,"Peterson has brought immediate scoring value to Kansas, flashing the poise and three-level potential that translate well at the college pace. He’s shown early signs of improved shot selection and growing comfort reading defenses. The deeper evaluation explores how his decision-making and evolving role shape his long-term outlook.","Darryn Peterson is a powerful, assertive scoring guard whose identity is built on physicality, balance, and the ability to create advantages from multiple spots on the floor. He plays with a forceful downhill presence, using strength and coordination to get into his jumper or finish through contact. His handle is compact and functional, giving him access to pull‑ups, hesitation drives, and controlled changes of pace that keep defenders off balance. The scoring foundation is real — he can generate his own look without needing elaborate setup, and he carries himself with the confidence of a primary option.

His possession impact comes from how consistently he pressures the defense. He can initiate actions, operate as a second‑side creator, or attack off movement, and he maintains value even when he’s not the focal point. His willingness to absorb contact, make simple reads, and stay aggressive gives him a scalable offensive profile that fits alongside other creators.

Defensively, his frame and competitiveness allow him to guard up or down a position, navigate physical matchups, and contest with strength. As his decision‑making sharpens, he projects as a rugged, high‑usage guard with real two‑way upside and the versatility to anchor or complement a modern perimeter core.","Name: Darryn Peterson
Badge Tier: Platinum
Team: Kansas
Height/Weight: 6'6, 205 lbs
Wingspan: 6'8

","Peterson manipulates space like a seasoned guard, using pace changes and shoulder angles to create driving lanes. He reads the second defender early and consistently gets to his preferred spots, especially in the mid‑range. His off‑ball positioning is intentional — he drifts into windows that stress the defense and opens cutting lanes for teammates. He processes help rotations quickly and rarely drives into crowds without a plan.",,"Peterson competes on the ball with strength and balance, using his frame to absorb contact and stay attached to drivers. He navigates screens well for a young guard and shows discipline in closeouts. Off the ball, he rotates on time and rarely loses track of assignments. His physical tools and engagement give him a strong two‑way foundation.","Peterson continues to drift toward a primary‑creator archetype, showing more comfort initiating offense and generating advantages against set defenses. His blend of strength, handle, and scoring versatility has shifted him from a combo‑guard profile toward a true lead‑guard identity. The increased on‑ball responsibility has clarified his long‑term role as a possession‑driver rather than an off‑ball scorer.","Peterson carries a moderate risk profile driven by shot selection volatility and the difficulty level of his self‑created attempts, which can swing efficiency depending on matchup and rhythm. The tape and early‑season stats show stretches of strong advantage creation, but also periods where he leans into contested jumpers or early‑clock pull‑ups that stall possessions. His physical strength and ability to generate paint touches stabilize some concerns, yet the variability in decision patterns and reliance on tough makes introduce meaningful outcome risk for a high‑usage guard.","Shows willingness to adapt to Kansas’ structure and take on a high‑usage guard role without drifting outside the offense. Responds well to feedback on shot selection and live‑dribble reads, with steady improvement in pacing and decision‑making. Competes physically, embraces contact, and maintains aggression even when responsibilities shift. Needs continued development in defensive communication and balancing scoring instincts with playmaking discipline, but overall trajectory reflects a guard who absorbs coaching and scales responsibilities without losing competitiveness.","Peterson’s shot quality fluctuates with his reliance on self‑created jumpers. He can generate clean pull‑ups, but stretches of contested mid‑range attempts lower possession quality. His best shots come from downhill drives and controlled PnR pacing; his worst come from rhythm‑hunting early in the clock.","Closest Echo: ⭐ Bradley Beal (Florida) — the cleanest match in strength‑based creation, mid‑range touch, and multi‑level scoring instincts.
Peterson fits the lineage of power‑based scoring guards who generated advantages through balance, physicality, and touch before their handle and decision‑making fully matured.
Primary Echo Cluster (Functional + Developmental)
• 	⭐ Bradley Beal (Florida) — strength‑driven creation and polished mid‑range scoring.
• 	⭐ Devin Booker (Kentucky) — balance, footwork, and controlled pull‑up mechanics.
• 	⭐ O.J. Mayo (USC) — early tough‑shot tolerance and confident three‑level scoring.
Secondary Echo Cluster (Role + Scalability)
• 	⭐ Ben Gordon (UConn) — compact, powerful scoring guard with rhythm‑based creation.
• 	⭐ Victor Oladipo (Indiana) — slashing power and defensive engagement with evolving perimeter polish.
Modern Contextual Echoes
• 	⭐ Jalen Brunson — strength‑based creation without elite burst.
• 	⭐ Tyler Herro — multi‑platform scoring in modern spacing.
Throughline: Peterson aligns with guards who scale through physicality, pacing, and shot versatility, thriving as multi‑level scorers once decision‑making sharpens."
2,AJ Dybantsa,18,Platinum,"6'9""",190,SF,"6'11""",BYU,,ModalKey-Dybantsa,"Dybantsa has adjusted quickly at BYU, showing the same blend of length, coordination, and scoring touch that made him a top prospect. His mid season minutes highlight encouraging flashes as a creator and improving discipline on the defensive end. The full report breaks down how his feel, physical tools, and developing consistency project forward.","AJ Dybantsa is a dynamic wing scorer whose game is built on fluid athleticism, advanced footwork, and a natural ability to create separation. He plays with a poised, controlled tempo that lets him get to his spots without forcing the issue, and his combination of length and balance gives him multiple scoring solutions in tight spaces. His handle is already functional at a high level, allowing him to shift pace, change directions, and attack defenders in isolation or off movement. The shooting foundation is real — clean mechanics, confident release, and the ability to rise over contests — giving him a scalable perimeter base.

His possession impact comes from how consistently he bends defenses. He can initiate when needed, operate as a second‑side creator, or play off another handler without losing value. His off‑ball instincts are strong for a young scorer, with purposeful cuts, timely relocations, and an understanding of how to stay available as a pressure point. Defensively, his tools and competitiveness give him real versatility, with the length and mobility to guard wings and disrupt actions.

As his strength and decision‑making continue to mature, he projects as a high‑end, multi‑level scoring wing with two‑way upside and the scalability to fit across modern NBA systems.
","Name: AJ Dybantsa
Badge Tier: Platinum
Team: BYU
Height/Weight: 6'9, 200 lbs
Wingspan: 7'0

","                   
  Dybantsa shows an advanced understanding of spatial manipulation for a freshman, especially in the middle third where he consistently forces defenders into compromised positions. His pacing is already a weapon — he uses controlled deceleration, shoulder turns, and delayed gathers to freeze help and create clean angles without needing a high‑usage dribble package.  

Off the ball, he’s ahead of schedule. He recognizes when the weakside tag is late and cuts with intent, and when the help is early he drifts into open pockets rather than running into congestion. His timing as a relocator is improving too; he adjusts his depth based on the ball handler’s rhythm instead of drifting aimlessly.  

With the ball, he reads the low man better than most freshmen. He’s comfortable probing until the coverage commits, then attacking the seam with stride efficiency that lets him cover ground without losing balance. His ability to maintain advantage after contact is trending upward — he doesn’t over‑dribble, and he rarely drifts into dead space.  

Defensively, his spatial reads are improving at a steady rate. He’s beginning to anticipate slot drives and skip passes, showing better discipline staying attached to shooters while still being able to contest at the rim. His recovery range is a real separator — he closes space without overextending, and his stride length allows him to influence plays he appears out of.  

Overall, his spatial processing is functioning at a multi‑layer pace: he identifies where advantages are forming, positions himself to receive or deny them, and adjusts his route mid‑possession without losing intent. As his strength and handle tighten, this module projects as one of the core drivers of his long‑term ceiling.

",,"Dybantsa offers real multi-positional defensive value, with the length, mobility, and recovery range to function across several schemes. He’s most effective as a secondary defender who can influence actions from the wing or the nail, using his stride efficiency and timing to shrink space without overcommitting. His ability to cover ground in rotation allows him to impact drives, skip passes, and late-clock situations even when he begins the possession a step behind.
On the ball, he shows improving discipline against both strength-based and pace-based matchups. He absorbs initial contact better than expected for his age and uses his chest and length to steer handlers toward help rather than relying solely on recovery contests. His footwork is trending upward — fewer false steps, more controlled slides, and better anticipation of counters — which helps him stay attached through changes of direction.
Off the ball, he reads developing actions with increasing clarity. He’s comfortable tagging rollers, stunting at drivers, and recovering to shooters without losing balance or drifting out of position. His instincts as a weakside helper are ahead of schedule; he recognizes when to rotate early to deter a finish and when to stay home to protect spacing integrity. His closeouts are improving as well, with better deceleration and fewer overextended contests.
In switch-heavy systems, he provides real lineup flexibility. He can guard up a position against face-up forwards and hold his own down a position against bigger guards who rely on rhythm and pacing. His length allows him to contest without fouling, and his ability to influence shots late in the possession gives him value in scramble situations.
Overall, Dybantsa projects as a scalable, scheme-versatile defender whose combination of length, mobility, and processing allows him to contribute across multiple roles. As his strength base and physical maturity continue to develop, his defensive versatility becomes one of the most reliable components of his long-term profile.
","Dybantsa’s archetype is trending toward a modern scoring wing with secondary creation equity, but the direction of his development shows meaningful drift toward a more advantage‑driven initiator than originally projected. Early in his college sample, he’s leaning less on pure athletic tools and more on pacing, manipulation, and multi‑layer reads, which shifts him away from a traditional slashing forward archetype and toward a wing creator who can operate comfortably in the middle third.
His handle sequencing and ability to create functional angles without excessive dribble volume suggest a drift toward a more polished on‑ball profile. He’s beginning to use tempo changes, shoulder angles, and controlled deceleration to generate separation rather than relying solely on length and stride. This evolution expands the range of lineups he can anchor and increases the number of actions he can initiate without compromising efficiency.
Off the ball, his drift is moving away from a pure play‑finisher archetype. His timing as a cutter, relocator, and spacer is improving, and he’s showing more comfort reading the second level of the defense before committing to a route. This positions him closer to a hybrid wing who can toggle between creation and finishing depending on personnel and scheme.
Defensively, his archetype is drifting toward a multi‑positional disruptor rather than a single‑assignment stopper. His ability to influence actions from the nail, rotate early, and recover with length gives him value in systems that emphasize activity and layered help. As his strength base develops, he projects as a defender who can guard up or down a position without losing functional impact.
Overall, Dybantsa’s archetype drift points toward a scalable, high‑leverage wing creator who can operate across multiple roles on both ends. The shift from raw tools to intentional processing is the defining trend of his early development and one of the clearest indicators of his long‑term ceiling.","                                                                                           Dybantsa carries a relatively controlled risk profile for a high‑ceiling wing, with most of his volatility tied to physical maturation and the refinement of his handle rather than decision‑making or feel. His processing baseline is already strong enough to mitigate many of the typical freshman pitfalls — he rarely forces low‑value shots, doesn’t drift into dead space, and shows early signs of understanding how to manage possessions without overextending.
The primary developmental risk centers on his strength base and how quickly it catches up to his role. He can be displaced by stronger defenders at the point of attack, and his ability to finish through contact is still inconsistent. These are solvable issues, but they influence how quickly he can scale into higher‑usage creation. His handle, while functional, remains susceptible to pressure when he’s forced to string together multiple moves, which introduces some turnover volatility against physical, well‑timed defenders.
Defensively, the risk is tied to consistency rather than tools. His length and recovery range allow him to impact plays even when he’s a step behind, but he can still lose connection on off‑ball actions or arrive a beat late on rotations. As his awareness sharpens and his physical base strengthens, these lapses should diminish, but they remain part of his early profile.
The overarching risk index is moderated by his adaptability. He doesn’t require a tailored scheme to be effective, and his game scales across multiple roles and lineup constructions. The combination of spatial awareness, multi‑layer processing, and natural scoring instincts reduces the probability of stagnation. The remaining risks are developmental rather than structural, making his long‑term projection one of the more stable among high‑end prospects.","Shows strong willingness to adapt to BYU’s structure and accept early role definition while still exploring his on‑ball creation reps. Responds well to tactical feedback, particularly in defensive discipline and off‑ball positioning, where his improvement has been steady across the season. Competes with intent, embraces physical challenges, and shows maturity in balancing scoring instincts with system flow. Needs continued development in decision‑making under pressure and maintaining consistent engagement across long stretches, but overall trajectory reflects a player who absorbs coaching, adjusts quickly, and scales responsibilities without losing efficiency or competitiveness.","Dybantsa’s shot quality is stabilized by a balanced diet: controlled pull‑ups, strong‑side drives, and physical finishes. He rarely leans into low‑percentage attempts, and his creation difficulty is moderate relative to usage. Efficiency holds because he generates clean looks through strength and pacing rather than contested jumpers.","Closest Echo: ⭐ Jayson Tatum (Duke) — the cleanest match in pacing, stride efficiency, and multi‑context scoring instincts.
Dybantsa fits the lineage of long, fluid scoring wings who generated advantages through pacing, strength, and controlled tempo before their handle fully matured.
Primary Echo Cluster (Functional + Developmental)
•         ⭐ Jayson Tatum (Duke) — pacing, deceleration, and angle manipulation over burst.
•         ⭐ Brandon Ingram (Duke) — stride efficiency, mid‑range touch, and early secondary‑creation flashes.
•         ⭐ Danny Granger (New Mexico) — length, defensive range, and scalable on‑ball/off‑ball utility.
Secondary Echo Cluster (Role + Scalability)
•         ⭐ Paul George (Fresno State) — long wing who grew into multi‑positional defense and advantage creation.
•         ⭐ Harrison Barnes (UNC) — disciplined shot selection and early‑career stability across multiple systems.
Modern Contextual Echoes
•         ⭐ Franz Wagner — spatial awareness, timing, and low‑dribble advantage creation.
•         ⭐ Mikal Bridges (post‑Phoenix) — evolution from play‑finisher to multi‑level scorer with improved pacing.
Throughline: Dybantsa aligns with wings who scale through length, pacing, and multi‑level scoring instincts, expanding into higher‑usage creation as handle and strength mature."
3,Cameron Boozer,17,Platinum,"6'9""",250,PF,"7'1""",Duke,,ModalKey-CamBoozer,"Boozer has been a steady presence for Duke, impacting games with his strength, touch, and reliable feel on both ends. His early-season play shows a smooth transition to the college level, with flashes of expanded perimeter skill. The full breakdown examines how his versatility and physical maturity continue to scale.","Cameron Boozer is a powerful, polished forward whose game is defined by strength, touch, and a mature sense of how to control possessions. He plays with a physical interior presence, using his frame to carve out space, finish through contact, and impose himself around the rim. His footwork and balance give him a reliable scoring base, and his touch allows him to operate comfortably from multiple levels. The passing feel is a real differentiator — he sees the floor well for his size and keeps possessions flowing with quick, simple reads that elevate the players around him.

His possession impact comes from how many different ways he can stabilize an offense. He can initiate from the elbows, operate as a connector, or anchor actions as a finisher without losing efficiency. He doesn’t need the ball to be effective, but he can take on more responsibility when the offense slows, giving him a rare blend of reliability and versatility for a young forward.

Defensively, his strength, timing, and competitiveness allow him to guard bigger bodies while still sliding with mobile forwards. As his perimeter shooting and conditioning continue to sharpen, he projects as a high‑floor, multi‑dimensional frontcourt piece with scalable value in modern systems.
","Name: Cameron Boozer
Badge Tier: Platinum
Team: Duke
Height/Weight: 6'9, 235 lbs
Wingspan: 7'1

","Boozer’s spatial feel is elite for a forward his size. He understands how to occupy gaps without clogging actions, and he times his dives, seals, and short‑roll catches with professional precision. He reads help early and uses his frame to carve out angles before the ball arrives. His ability to play in tight spaces — elbows, nail, dunker — makes him a stabilizing presence in any lineup",,"Boozer brings reliable positional defense with strong fundamentals and excellent anticipation. He uses his body well to wall up without fouling and reads actions early, allowing him to contest effectively. His mobility enables him to handle switches in short stretches, and he consistently makes the right help‑side reads. A stabilizing presence who rarely makes defensive mistakes.","Boozer’s game has drifted toward a frontcourt hub archetype, with more possessions flowing through his decision‑making in the mid‑post and short roll. His passing reads and interior scoring have become more central to his usage, moving him away from a pure interior finisher and toward a versatile offensive anchor. The shift reflects his ability to stabilize possessions and connect actions.","Boozer carries a relatively low risk profile because his tape and early‑season production show consistent decision‑making, stable efficiency, and a role that rarely drifts into volatility. His possessions are predictable in a positive way — strong interior touch, disciplined reads, and reliable physical engagement — though there are occasional stretches where self‑creation late in the clock flattens out. Contextually, his usage, physical profile, and statistical stability all point toward a high floor, with the primary risk tied to how much on‑ball creation he can shoulder at higher levels rather than any meaningful inconsistency in his current game.","Shows strong buy‑in to Duke’s system and embraces role clarity on both ends. Demonstrates mature practice habits, consistent effort, and a willingness to anchor actions as a scorer, connector, or interior presence depending on game flow. Responds well to tactical adjustments, particularly in defensive positioning and short‑roll decision‑making. Needs continued development in conditioning and perimeter confidence to fully unlock versatility, but overall profile reflects a highly coachable forward with reliable habits and the temperament to scale into larger responsibilities.","Free: Reliable mid‑range touch, expanding range.
Pro: Comfortable face‑up jumper, developing three‑point shot, and efficient finisher around the rim with both hands. His shot profile is trending toward a balanced inside‑out threat, giving him versatility as both a scorer and floor‑spacer","Closest Echo: ⭐ Carlos Boozer (Duke) — the cleanest match in strength, touch, interior efficiency, and low‑variance decision‑making.
Boozer fits the lineage of high‑IQ, interior‑first forwards who stabilized possessions through strength, touch, and mature reads long before their perimeter game fully expanded.
Primary Echo Cluster (Functional + Developmental)
• 	⭐ Carlos Boozer (Duke) — strength, touch, and disciplined interior scoring.
• 	⭐ Chris Webber (Michigan) — feel, passing instincts, and multi‑context offensive anchoring.
• 	⭐ Julius Randle (Kentucky) — physicality, rebounding presence, and early multi‑level scoring flashes.
Secondary Echo Cluster (Role + Scalability)
• 	⭐ Al Horford (Florida) — interior stability, mature reads, and scalable two‑way impact.
• 	⭐ David West (Xavier) — strength‑based scoring and consistent mid‑range touch.
Modern Contextual Echoes
• 	⭐ Paolo Banchero — power, touch, and playmaking within modern spacing.
• 	⭐ Jaren Jackson Jr. — defensive range and interior presence with emerging perimeter skill.
Throughline: Boozer aligns with forwards who stabilize possessions through strength, touch, and mature decision‑making, scaling into multi‑context offensive hubs as perimeter skill expands."
4,Koa Peat,18,Platinum,"6'8""",225,PF,"7'0""",Arizona,,ModalKey-Peat,"Peat has carved out a valuable role at Arizona, contributing with his blend of strength, mobility, and connective play. He’s shown encouraging growth as a face-up scorer and decision-maker early in the season. The deeper report looks at how his offensive polish and defensive versatility are trending.","Peat has established himself as a reliable contributor at Arizona, providing steady value through physicality, mobility, and connective play. He impacts possessions without needing volume, consistently staying involved as actions develop and giving the offense structure through smart positioning and timely decisions. His early-season growth reflects a player growing more comfortable asserting himself while maintaining efficiency.

Offensively, Peat has shown encouraging progress as a face-up scorer. He attacks with control, uses his strength to finish through contact, and makes quick, uncomplicated decisions when defenses react. His ability to contribute as both a scorer and facilitator allows him to remain effective across different lineup configurations, particularly when paired with ball-dominant guards.

Defensively, Peat brings dependable versatility. He competes with physicality, holds ground against bigger players, and moves well enough to stay involved on the perimeter. His awareness and communication help stabilize team defense, and his consistency allows more aggressive teammates to play freely around him.

Overall, Peat profiles as a scalable forward whose value comes from doing many things well rather than dominating any single area. His combination of physical tools, improving offensive polish, and reliable defensive engagement makes him a strong fit across a wide range of roles and team needs.","Name: Koa Peat
Badge Tier: Platinum
Team: Arizona
Height/Weight: 6'8, 225 lbs
Wingspan: 7'0

","Peat plays with advanced timing and floor awareness, consistently finding pockets in the mid‑post and short corner. He recognizes when help is committed and adjusts his attack angles accordingly, using strength and pacing to create clean looks. Off‑ball, he positions himself to maintain spacing integrity and opens natural driving lanes for guards. His reads are decisive and rarely rushed.",,"Peat defends with physicality and discipline, using his strength to contain drives and hold ground in the post. He rotates early, communicates well, and consistently makes the correct help decisions. His lateral mobility allows him to guard multiple positions, and he competes on every possession. A dependable, scheme‑versatile defender.","Peat is continuing toward a power‑wing initiator archetype, blending physical drives with improved handling and playmaking. His ability to attack mismatches and create advantages has expanded his role beyond a traditional forward. The trend points toward a multi‑positional initiator who can toggle between scoring and facilitating.","Peat carries a moderate risk profile rooted in perimeter shooting consistency, lateral agility against high‑end wings, and the question of whether his offensive role scales upward or settles into a complementary lane. The tape and early‑season context show a dependable physical baseline and disciplined decision‑making, but also variability in perimeter efficiency and stretches where his defensive mobility is tested by quicker matchups. If those areas stagnate, his ceiling shifts from potential offensive hub to a more constrained forward archetype, making his outcome risk tied less to volatility and more to how fully his current tools translate against elite athleticism.","Shows strong buy‑in to Arizona’s structure and embraces a role built on physicality, mobility, and connective play. Demonstrates consistent willingness to make simple, timely decisions and stay within the flow of the offense, adjusting his usage based on lineup context without losing efficiency. Responds well to feedback on assertiveness and face‑up decision‑making, with early‑season growth reflecting improved pacing and confidence. Defensively, maintains discipline and communication, anchoring schemes through effort and awareness. Needs continued development in perimeter comfort and maintaining aggression across long stretches, but overall profile reflects a forward who absorbs coaching, adapts quickly, and enhances team stability through reliable habits.","Peat’s shot quality is mixed: strong interior efficiency and controlled mid‑range looks, but perimeter attempts vary in quality. His creation difficulty increases when asked to self‑initiate, leading to occasional contested jumpers. Overall, his best shots come from strength‑based drives and structured actions.","Closest Echo: ⭐ David West (Xavier) — the cleanest match in strength, maturity, mid‑range touch, and low‑variance decision‑making.
Peat fits the lineage of strong, multi‑context forwards who impacted games early through physicality, maturity, and disciplined reads rather than high‑variance creation.
Primary Echo Cluster (Functional + Developmental)
• 	⭐ David West (Xavier) — strength‑based scoring, mid‑range touch, and mature offensive approach.
• 	⭐ Shane Battier (Duke) — early defensive versatility and low‑maintenance offensive value.
• 	⭐ Grant Hill (Duke) — multi‑context utility, controlled tempo, and physical drives (stylistic, not athletic‑ceiling).
Secondary Echo Cluster (Role + Scalability)
• 	⭐ Al-Farouq Aminu (Wake Forest) — defensive range and multi‑positional fit with evolving polish.
• 	⭐ Julius Randle (Kentucky) — physicality, interior presence, and role‑dependent offensive usage.
Modern Contextual Echoes
• 	⭐ Aaron Gordon — strength, defensive versatility, and scalable offense.
• 	⭐ Kyle Kuzma — multi‑level scoring flashes within structured systems.
Throughline: Peat aligns with forwards who stabilize possessions through strength, maturity, and versatility, scaling into multi‑role contributors as perimeter skill continues to develop."
5,Mikel Brown Jr.,18,Platinum,"6'5""",180,PG,"6'5""",Louisville,,ModalKey-Brown Jr.,"Brown has brought steady guard play to Louisville, showing the poise and pace that translate well at the college level. His early-season minutes highlight his comfort operating in ball screens, his ability to pressure defenses with quickness, and flashes of improved decision-making as a distributor. The full evaluation breaks down how his feel, shooting development, and defensive consistency are trending.","Brown has provided Louisville with steady, organized guard play, showing comfort directing possessions and maintaining tempo against college pressure. He plays with composure for a freshman, rarely speeding himself up, and has shown an increasing willingness to balance his own scoring with distribution as defenses react. His early minutes suggest a guard who understands how to manage a game rather than simply attack it.

Offensively, Brown pressures defenses through quickness and timing, keeping opponents engaged even when he’s not hunting shots. He is comfortable initiating offense, operating late in the clock, and converting advantage situations without over-dribbling. As his shooting confidence continues to develop, his ability to force defenders to play him honestly should further open passing windows and driving lanes.

Away from the ball, Brown remains engaged, maintaining spacing discipline and re-entering plays as actions evolve. Defensively, he competes with focus, using anticipation and activity to disrupt ball handlers and stay involved despite size limitations. Overall, Brown profiles as a guard whose pace control, feel, and improving decision-making give him a strong foundation for scalable backcourt responsibility.","Name: Mikel Brown Jr.
Badge Tier: Platinum
Team: Louisville
Height/Weight: 6'5, 190 lbs
Wingspan: 6'7

","Brown uses pace manipulation and tight handle control to navigate crowded floors. He’s comfortable probing until a defender commits, then exploiting the opening with a pull‑up or a pocket pass. His off‑ball spacing is sharp — he relocates with purpose and understands how to maintain optimal distance from the primary action. He processes help rotations quickly and rarely wastes dribbles.",,"Brown uses quick hands and sharp anticipation to disrupt actions at the point of attack. He stays low, navigates screens effectively, and competes on switches despite size limitations. Off the ball, he reads passing lanes well and positions himself intelligently. His effort and instincts make him a reliable perimeter defender","Brown’s archetype has drifted toward a pace‑controlling lead guard, with more emphasis on timing, manipulation, and shot creation. His comfort operating in ball screens and creating separation has clarified his long‑term identity as a primary handler rather than a secondary guard. The shift reflects his growing command of offensive flow","Brown carries a moderate risk profile tied to the difficulty level of his shot diet and the variability that comes with a guard who leans heavily on self‑created jumpers. The tape and early‑season numbers show stretches of efficient pull‑up shooting and poised pick‑and‑roll reads, but also periods where contested jumpers and rhythm‑dependent creation flatten out his impact. His handle and timing reduce turnover risk, yet the reliance on tough makes introduces outcome volatility that will scale differently depending on usage and defensive attention.","Shows strong responsiveness to Louisville’s structure, embracing responsibilities as a pace‑setting guard and adjusting his decision‑making as defenses shift. Demonstrates maturity in managing possessions, rarely rushing actions, and showing clear improvement in balancing scoring with distribution. Applies feedback well in ball‑screen reads and spacing discipline, staying engaged even when operating off the ball. Defensively, competes with intent and maintains focus despite physical limitations, reflecting a willingness to execute scheme responsibilities. Needs continued development in shooting confidence and sustaining physical engagement across matchups, but overall trajectory reflects a guard who listens, adapts, and integrates coaching points into his game flow.
","Brown’s shot quality is volatile due to a heavy diet of self‑created jumpers. His pull‑up game produces clean looks when he’s in rhythm, but contested attempts appear when he leans too heavily on perimeter creation. Efficiency stabilizes when he plays through PnR and avoids early‑clock pull‑ups.","Closest Echo: ⭐ Mark Price (Georgia Tech) — the cleanest match in footwork, balance, precision‑based creation, and rhythm‑driven pull‑up scoring.
Brown fits the lineage of rhythm‑based, pull‑up guards who leveraged pacing, touch, and manipulation long before their physical tools fully matured.
Primary Echo Cluster (Functional + Developmental)
• 	⭐ Mark Price (Georgia Tech) — precision footwork, balance, and timing‑based creation.
• 	⭐ CJ McCollum (Lehigh) — rhythm scoring and clean jumper creation without elite burst.
• 	⭐ Trey Burke (Michigan) — pacing, hesitation, and pull‑up timing to open windows.
Secondary Echo Cluster (Role + Scalability)
• 	⭐ Jameer Nelson (Saint Joseph’s) — compact frame, strong pacing, and efficient reads in structured offense.
• 	⭐ Darius Garland (Vanderbilt) — pull‑up versatility and the ability to toggle between scoring and facilitating.
Modern Contextual Echoes
• 	⭐ Tyrese Maxey — speed‑change creation and pull‑up comfort in modern spacing.
• 	⭐ Kemba Walker (prime) — rhythm‑driven scoring with compact mechanics.
Throughline: Brown aligns with guards who scale through pacing, touch, and manipulation, thriving as precision‑based creators rather than pure athletes."
6,Caleb Wilson,18,Gold,"6'9""",205,PF,"7'2""",North Carolina,,ModalKey-Wilson,"Wilson’s length and fluidity have translated well at UNC, where he’s already providing value as an active defender and opportunistic scorer. His early-season flashes hint at broader offensive upside as his confidence grows. The full evaluation highlights how his feel and consistency are developing","Caleb Wilson is a long, fluid forward whose game is built on versatility, mobility, and a natural feel for impacting multiple phases of play. Offensively, he thrives in space — attacking closeouts, initiating transition, and leveraging his length to finish around the rim. His handle is advanced for his size, allowing him to create mismatches and operate comfortably as a secondary initiator. Wilson’s passing flashes are real; he sees cutters, anticipates rotations, and plays with an unselfish approach that elevates team flow. His shooting is still developing, but the touch indicators and confidence point toward long‑term growth. Defensively, he covers ground with ease, using his length to contest shots, disrupt passing lanes, and switch across positions. His motor and competitiveness give him a strong baseline, and as his frame fills out, he projects as a scalable, modern forward who can contribute as a connective playmaker, versatile defender, and transition weapon.","Name: Caleb Wilson
Badge Tier: Gold
Team: North Carolina
Height/Weight: 6'9, 210 lbs
Wingspan: 7'2

","Wilson’s spatial feel is rooted in his versatility — he can operate from the perimeter, mid‑post, or short roll and understands how to create advantages from each spot. He reads help early and uses his length to pass over the top or finish through gaps. Off‑ball, he finds soft spots in the defense and times his cuts well. His ability to shift between creator and connector roles gives him strong spatial adaptability.",,"Wilson’s length and mobility give him strong defensive versatility. He covers ground quickly, contests shots without overcommitting, and rotates with purpose. His ability to guard multiple positions and recover when beaten adds real value. As he continues to add strength, his defensive impact should scale even further.","Wilson continues to drift toward a fluid, multi‑positional forward archetype, with more possessions initiated from the perimeter and mid‑range. His slashing, passing, and mobility have pushed him away from a traditional big‑forward profile and toward a modern hybrid role. The trend highlights his versatility and adaptability across different offensive structures","Wilson’s risk profile stems from inconsistency in assertiveness and the gap between his physical tools and possession‑to‑possession impact. The tape shows stretches where his length and mobility create clear advantages, but also long segments where he drifts to the perimeter or plays with reduced physical engagement, leading to low‑impact possessions. His statistical output reflects this variability, making his outcome risk tied to how consistently he can leverage his tools rather than any glaring decision‑making volatility.","Has adjusted smoothly to North Carolina’s structure, showing a clear willingness to take on different responsibilities depending on lineup needs. Carries coaching points into live play, especially in how he picks his spots as a secondary initiator and how he uses his length within defensive schemes. His decision‑making has sharpened as the season progresses — he’s becoming more selective with his attacks and more disciplined in help‑side rotations. Still learning to sustain physical engagement across long stretches and to trust his developing jumper within the flow of the offense, but his adaptability, unselfish approach, and steady improvement reflect a forward who responds well to guidance and integrates structure without losing his natural fluidity","Wilson’s shot quality fluctuates with assertiveness. When engaged, he generates clean looks through length and mobility; when passive, he settles for low‑leverage perimeter touches. His creation difficulty is moderate, but efficiency swings reflect inconsistency in shot selection and physical engagement.","Closest Echo: ⭐ Andrei Kirilenko (Russia/Utah) — the cleanest match in length, mobility, weak‑side activity, and multi‑context defensive value.
Wilson fits the lineage of long, fluid forwards whose impact fluctuated with assertiveness but who showed early flashes of multi‑level scoring, mobility, and defensive range.
Primary Echo Cluster (Functional + Developmental)
• 	⭐ Andrei Kirilenko (Russia/Utah) — rangy movement, weak‑side activity, and multi‑context defensive impact.
• 	⭐ Jonathan Isaac (Florida State) — length, mobility, and defensive range with developing offensive assertiveness.
• 	⭐ Lamar Odom (Rhode Island) — versatile forward with slashing flashes and variable possession‑to‑possession engagement.
Secondary Echo Cluster (Role + Scalability)
• 	⭐ Tayshaun Prince (Kentucky) — length‑driven defensive versatility and low‑maintenance offensive fit.
• 	⭐ Harrison Barnes (UNC) — scalable scoring profile with stretches of passivity tied to role and usage.
Modern Contextual Echoes
• 	⭐ Jaden McDaniels — rangy defender with emerging offensive polish.
• 	⭐ Michael Porter Jr. — length, shooting flashes, and variability tied to assertiveness.
Throughline: Wilson aligns with long, fluid forwards whose value scales through mobility, length, and multi‑context defensive impact, with offensive consistency determining long‑term role expansion.
"
7,Nate Ament,18,Gold,"6'9""",207,PF,"7'1""",Tennessee,,ModalKey-Ament,"Long, fluid forward with real perimeter skill and the ability to impact the game in multiple phases. Shows comfort handling the ball, attacking closeouts, and finishing above the rim. Still growing into his frame but already flashes high‑end versatility","Nate Ament is a rangy, high‑upside forward whose game blends fluid athleticism, emerging skill, and strong defensive instincts. He moves with ease for his size, showing comfort handling the ball, attacking from the perimeter, and finishing above the rim. His offensive game is still forming, but the flashes are significant — face‑up drives, touch around the basket, and a developing jumper that projects well long‑term. Ament’s defensive potential is a major selling point; he covers space effortlessly, rotates with timing, and uses his length to contest shots and disrupt actions. He competes on the glass and shows a willingness to take on physical assignments despite still adding strength. As his frame matures and his perimeter skill set sharpens, he projects as a versatile two‑way forward with real developmental runway and the tools to fit a wide range of modern systems.","Name: Nate Ament
Badge Tier: Gold
Team: Tennessee
Height/Weight: 6'10, 207 lbs
Wingspan: 6'11

","Ament’s spatial feel is rooted in his fluidity — he naturally drifts into advantageous spots without disrupting spacing. He reads help early and uses his length to attack gaps before they fully form. Off‑ball, he relocates intelligently and times his cuts to exploit defenders who overplay his jumper. His ability to operate from multiple levels of the floor gives him strong adaptability in different lineup structures",,"Ament’s length and mobility give him real versatility across multiple positions. He covers ground quickly, contests without fouling, and shows good instincts as a weak‑side helper. His ability to slide with wings and recover when beaten makes him a valuable scheme‑flexible defender. As he continues to add strength, his physical tools should translate even more cleanly.","Ament’s archetype has drifted toward a jumbo‑connector role, with increased emphasis on handling, passing, and off‑ball movement. His length and fluidity allow him to operate as a secondary initiator rather than a pure finisher. The shift reflects his growing comfort influencing possessions without dominating usage.","Ament presents a moderate risk profile driven by physical development, offensive assertiveness, and the translation of his fluidity against stronger, more disciplined defenders. The tape shows flashes of high‑end slashing and defensive versatility, but also stretches where he’s neutralized by physicality or settles for low‑leverage perimeter touches. His outcome risk is tied to how reliably he can impose his tools possession‑to‑possession rather than any major decision‑making concerns.","Shows growing comfort within Tennessee’s system, absorbing role clarity and applying it through improved pacing, shot selection, and defensive discipline. He adjusts quickly to coaching emphasis, particularly in how he times his drives and uses his length to influence possessions without overextending. His willingness to take on physical assignments despite still adding strength signals competitive buy‑in, and he’s becoming more consistent in executing team‑defense rules. Needs to continue refining decision‑making under pressure and maintaining assertiveness when the offense stalls, but his trajectory reflects a player who processes feedback, adapts to structure, and expands his impact as responsibilities scale. He's already added 25lbs of strength since signing to Tennessee so he's clearly listening to someone on the staff asking him to be more physical.","Ament’s shot quality is tied to slashing opportunities. His best looks come from downhill attacks and transition, while half‑court creation produces mixed results. Perimeter attempts vary in quality, and his efficiency dips when forced into contested jumpers. Creation difficulty is moderate‑to‑high..
","Closest Echo: ⭐ Shawn Marion (UNLV) — the cleanest match in length, mobility, slashing instincts, and multi‑positional defensive versatility.
Ament fits the lineage of rangy, slashing forwards who generate early value through mobility, length, and defensive versatility while developing a more polished half‑court scoring package.
Primary Echo Cluster (Functional + Developmental)
• 	⭐ Shawn Marion (UNLV) — transition impact, slashing, and multi‑positional defensive value.
• 	⭐ Andrei Kirilenko (Russia/Utah) — weak‑side activity, rangy defense, and opportunistic scoring.
• 	⭐ Derrick McKey (Alabama) — fluid forward with feel, defensive range, and evolving offensive assertiveness.
Secondary Echo Cluster (Role + Scalability)
• 	⭐ Tayshaun Prince (Kentucky) — length‑driven defensive versatility and low‑maintenance offensive fit.
• 	⭐ Jeff Green (Georgetown) — fluid forward who toggles roles depending on lineup context.
Modern Contextual Echoes
• 	⭐ Jaden McDaniels — rangy defender with slashing flashes and emerging offensive polish.
• 	⭐ OG Anunoby — multi‑positional defense with scalable, low‑volatility offense.
Throughline: Ament aligns with long, fluid forwards whose early value comes from mobility, defensive versatility, and slashing, with offensive consistency determining long‑term role expansion."
8,Chris Cenac Jr.,18,Gold,"6'10""",200,PF/C,"7'2""",Houston,,ModalKey-Cenac Jr.,"Explosive, high‑motor forward with length and strong defensive tools. Finishes plays around the rim and thrives in transition. Offense is still developing, but the physical foundation is undeniable.","Chris Cenac Jr. is an explosive, high‑motor forward whose game is defined by athleticism, energy, and emerging skill. He plays with force around the rim, finishing through contact, attacking gaps, and generating easy offense with his speed and vertical pop. His handle is functional and improving, allowing him to initiate in transition and attack mismatches in the half court. Cenac’s jumper is still developing, but the touch indicators and confidence suggest long‑term growth. Defensively, he brings real versatility — able to guard multiple positions, switch onto smaller players, and provide weak‑side rim protection with timing and length. His motor, competitiveness, and willingness to do the dirty work make him a consistent impact player. As his shooting and decision‑making continue to evolve, he projects as a dynamic, high‑energy forward with two‑way upside and strong scalability.","Name: Chris Cenac Jr.
Badge Tier: Gold
Team: Houston
Height/Weight: 6'11, 240 lbs
Wingspan: 7'4

Scouting Notes: Long, mobile big with inside-out scoring and rim-running value. Comfortable posting, facing up, and stretching to three; shows poise finishing and operating in space. Rebounding presence with improving foul discipline and turnover control.

Defensive Profile: Length-driven disruptor with shot-blocking and switchable flashes in space; projects plus rim protection with scheme versatility.
Historical Echoes: Jaren Jackson Jr. (length + rim protection + face-up scoring), Evan Mobley (mobility + touch + defensive range).
Audit Notes: Consensus top-10 recruit; verified Houston roster and measurements; wingspan and early production align with modern two-way big overlays.","Cenac leverages his length and mobility to create angles as a slasher and cutter. He recognizes when the defense is tilted and attacks from the weak side with strong timing. His off‑ball spacing is improving — he’s learning to stay lifted instead of drifting into traffic — and he finds soft spots in the mid‑range where he can rise over contests. His spatial reads are still developing, but the instincts are trending upward.",,"Cenac brings high‑end defensive activity with the length and motor to disrupt plays all over the floor. He rotates aggressively, challenges shots at the rim, and uses his mobility to stay attached to drivers. His energy level creates extra possessions, and he consistently competes through contact. A natural play‑disruptor with scalable defensive value.","Cenac continues to move toward an athletic play‑finisher archetype, with his impact driven by mobility, rim pressure, and defensive activity. His offensive role has simplified into cutting, transition play, and opportunistic scoring, moving him away from perimeter‑oriented experimentation. The trend reinforces his identity as a high‑energy, vertical‑threat forward.","Cenac’s risk profile is shaped by role dependence and the simplicity of his current offensive game, which can lead to muted impact when transition, cutting lanes, or activity‑based scoring opportunities are limited. The tape shows a high‑motor forward who thrives in open‑floor and advantage situations but offers limited half‑court creation, making his statistical output highly context‑sensitive. His outcome risk stems from how well his energy‑driven scoring scales when opponents shrink the floor and force him into more deliberate reads.","Has embraced Houston’s demands for energy, physicality, and defensive versatility, translating coaching emphasis into more disciplined rotations and better timing as a weak‑side defender. Shows clear growth in how he channels his motor — picking better moments to attack gaps, staying within spacing principles, and reducing unnecessary risks. His willingness to run, screen, and do the dirty work reflects strong role acceptance, and he’s becoming more intentional with his off‑ball positioning as the season progresses. Still developing consistency in shot selection and decision‑making when operating in space, but his competitiveness, responsiveness to structure, and upward trend in discipline point toward a player who absorbs coaching and refines habits over time.","Cenac’s shot quality is high when operating as an activity scorer: cuts, transition, put‑backs, and simple finishes. Efficiency drops when he’s asked to self‑create, as his handle and jumper produce contested looks. His shot diet is highly context‑dependent, with strong outcomes in advantage situations.","Closest Echo: ⭐ Darius Miles (East St. Louis HS) — the cleanest match in length, fluidity, slashing instincts, and early defensive versatility.
Cenac fits the lineage of activity‑driven, rangy forwards who generate early value through mobility, length, and opportunistic scoring rather than polished half‑court creation.
Primary Echo Cluster (Functional + Developmental)
• 	⭐ Darius Miles (East St. Louis HS) — long, fluid forward with slashing flashes and developing structure.
• 	⭐ Shawn Marion (UNLV) — length, mobility, cutting, and transition impact.
• 	⭐ Andrei Kirilenko (Russia/Utah) — weak‑side activity, rangy defense, and opportunistic scoring windows.
Secondary Echo Cluster (Role + Scalability)
• 	⭐ Trevor Ariza (UCLA) — low‑maintenance scoring, defensive range, and value tied to activity.
• 	⭐ Al-Farouq Aminu (Wake Forest) — multi‑positional defense with evolving offensive polish.
Modern Contextual Echoes
• 	⭐ Jaden McDaniels — length‑driven defensive versatility and slashing flashes.
• 	⭐ Herb Jones — activity, defensive range, and efficient, low‑usage offense.
Throughline: Cenac aligns with long, mobile forwards whose value comes from activity, defensive versatility, and opportunistic scoring, with offensive polish determining long‑term role expansion."
9,Jayden Quaintance,18,Gold,"6'9""",225,PF,"7'3""",Kentucky,,ModalKey-Quaintance,Explosive young big with advanced physical tools and strong interior presence. Finishes plays above the rim and protects the basket with natural timing. One of the highest‑upside long‑term prospects in the class.,"Jayden Quaintance is a young,  powerful, explosive big whose game is defined by physical tools, rim pressure, and a rapidly expanding skill base. At Kentucky he brings a rare blend of strength, mobility, and vertical pop, allowing him to finish through contact, play above the rim, and generate easy offense simply by running the floor with force. His coordination at his size stands out — he can put the ball down in straight lines, attack mismatches, and operate as a pressure point in short‑roll situations. The touch indicators are encouraging, giving him long‑term scoring versatility beyond pure interior play.

His possession impact comes from how consistently he collapses defenses. He screens with intent, dives hard, and forces rotations that open clean reads for teammates. He doesn’t need post touches to matter; his activity level, rim gravity, and willingness to play through contact make him a natural fit alongside guards who want downhill spacing. He can also extend possessions with offensive rebounding and second‑effort plays, giving him scalable value in different lineup constructions.

Defensively, his length, strength, and mobility give him real versatility. He can anchor actions around the rim, slide with mobile forwards, and disrupt plays with his timing and physicality. As his decision‑making and perimeter skill continue to mature, he projects as a high‑impact, two‑way big with long‑term upside and a modern, scalable frontcourt profile.
","Name: Jayden Quaintance
Badge Tier: Gold
Team: Kentucky
Height/Weight: 6'10, 255 lbs
Wingspan: 7'3

","Quaintance’s spatial feel is advanced for a young big — he understands how to seal early, create angles, and open passing windows before the ball arrives. He positions himself well in short‑roll pockets and reads help defenders quickly enough to finish or move the ball. Off‑ball, he stays active without drifting into crowded areas, maintaining clean spacing for guards. His timing as a cutter and rim runner gives him consistent advantages.",,"Quaintance is a rare early‑age big who already plays defense with professional seriousness. He’s not a pure rim‑protector in the traditional sense — he’s a rim‑controller. His timing is advanced for his age, but what separates him is how quickly he loads and reloads into second‑jump contests. He doesn’t chase blocks; he erases angles. His hips are more fluid than most 6'9+ prospects, allowing him to survive switches without looking panicked or overextended. He’s still learning when to absorb vs. redirect contact, but the foundation is elite: vertical discipline, early reads, and a natural sense of where the possession is flowing. His defensive ceiling is tied to his ability to anchor without fouling, but the instincts are already ahead of the curve.","Quaintance entered the cycle looking like a traditional rim‑running big with long‑term stretch potential, but his mid‑season tape shows a clear drift toward a hybrid interior initiator. He’s not a perimeter creator, but he’s also not a pure play‑finisher anymore. The shift is happening in the short‑roll and elbow‑touch game: he’s reading tags earlier, making functional passes, and showing comfort operating as a pressure‑absorber rather than just a vertical threat. His handle is still mechanical, but the confidence to take two dribbles into space is new. Defensively, he’s drifting from “shot‑blocker” to “possession shaper,” using anticipation instead of pure tools. The archetype is trending toward a modern, scheme‑flexible big who can anchor, connect, and punish mismatches without needing high‑usage touches.","Quaintance presents a moderate risk profile driven by age, physical maturity, and the translation of his interior scoring against older, stronger competition. The tape shows impressive touch, mobility, and defensive flashes, but also stretches where physicality disrupts his finishing and positioning. His outcome risk is tied to how reliably his tools scale as the game becomes more physical and structured, especially given his youth and current strength profile.","Quaintance has integrated cleanly into Kentucky’s system, channeling his physical tools with more structure as the season progresses. He’s shown clear responsiveness to coaching in how he times his dives, chooses when to put the ball down, and stays within defensive principles rather than chasing blocks out of position. His willingness to screen with intent, run the floor consistently, and embrace contact on both ends reflects strong competitive buy‑in for a young big. Continued growth in short‑roll reads and perimeter discipline will elevate his reliability, but his motor, adaptability, and upward trend in decision‑making signal a frontcourt prospect who applies coaching direction and expands his impact quickly.","Quaintance’s shot quality is strong in structured actions: rolls, seals, and interior touches. Efficiency dips when physicality disrupts his finishing angles or when he’s forced into touch shots outside his comfort zones. Creation difficulty is low, but age‑related strength gaps affect outcomes.
","Closest Echo: ⭐ Jaren Jackson Jr. (Michigan State) — the cleanest match in length, mobility, weak‑side rim protection, and modern stretch‑big developmental arc.
Quaintance fits the lineage of mobile, rangy bigs who blend shot‑blocking instincts, fluid movement, and emerging perimeter skill, projecting into modern schemes that value switchability and vertical defense.
Primary Echo Cluster (Functional + Developmental)
• 	⭐ Jaren Jackson Jr. (Michigan State) — weak‑side rim protection, mobility, and evolving perimeter scoring.
• 	⭐ Evan Mobley (USC) — fluidity, defensive range, and long‑lever finishing.
• 	⭐ Jonathan Isaac (Florida State) — length, mobility, and multi‑level defensive impact.
Secondary Echo Cluster (Role + Scalability)
• 	⭐ Jarrett Allen (Texas) — vertical rim protection, mobility, and efficient finishing.
• 	⭐ Dereck Lively II (Duke) — rim protection, lob gravity, and defensive mobility in modern spacing.
Modern Contextual Echoes
• 	⭐ Nic Claxton — switchable rim protector with fluid movement and emerging offensive polish.
• 	⭐ Jalen Duren — physical finishing, verticality, and defensive upside with growing skill.
Throughline: Quaintance aligns with long, mobile bigs whose value comes from rim protection, fluidity, and modern defensive versatility, with long‑term upside tied to strength development, shooting consistency, and decision‑making refinement.
"
10,Cayden Boozer,18,Gold,"6'4""",205,PG,"6'7""",Duke,,ModalKey-CaydenBoozer,"Combo guard who thrives in uptempo play, blending vision, toughness, and defensive instincts.","The younger and shorter of the Boozer twiins, Cayden Boozer is a poised, well‑rounded lead guard whose game is built on pace control, decision‑making, and the ability to stabilize possessions.The  He plays with a calm, deliberate rhythm, using his handle and balance to get into the paint, manipulate defenders, and flow into pull‑ups or touch finishes. His passing feel is a defining trait — he sees rotations early, delivers the ball on time, and consistently makes the read that keeps an offense organized. The scoring foundation is steady rather than flashy, built on craft, timing, and an understanding of how to create advantages without needing a burst‑heavy style.

His possession impact comes from how reliably he manages the flow of a game. He can initiate sets, operate as a secondary creator, or play off another handler while maintaining efficiency. His ability to toggle between scoring and facilitating depending on what the possession needs makes him easy to pair with different lineup types. He doesn’t require high‑usage isolation touches to matter; his value comes from connective play, smart decisions, and the ability to settle an offense when the floor tightens.

Defensively, his strength, discipline, and competitiveness allow him to guard physical matchups and navigate screens with purpose. As his perimeter scoring continues to expand, he projects as a steady, scalable lead guard who elevates teammates and fits cleanly into modern backcourt constructions.
","Name: Cayden Boozer
Badge Tier: Gold
Team: Duke
Height/Weight: 6'4, 205 lbs
Wingspan: 6'7

","Boozer demonstrates advanced feel for tempo and spacing, consistently manipulating defenders with his passing angles and anticipation. In transition, he pushes pace while keeping teammates engaged, and in the half‑court he balances probing drives with quick ball movement. His ability to read rotations and anticipate defensive shifts makes him a natural floor general, though he occasionally forces plays when pressured",,"Boozer projects as a defensive tone‑setter in the backcourt. His length and anticipation allow him to disrupt passing lanes, while his physicality at the point of attack mirrors Marcus Smart’s ability to absorb contact without losing balance. He consistently fights through screens and shows the grit to neutralize primary ball handlers, though his aggression occasionally leads to over‑gambling. In Duke’s system, his defensive versatility allows him to toggle between guarding lead guards and secondary wings, giving him immediate lineup value.","Projects toward a lead guard archetype with potential to grow into a primary initiator. Development hinges on refining perimeter shooting consistency and expanding his playmaking repertoire, which would elevate him from secondary creator to full offensive engine. His trajectory suggests a guard who can scale between roles depending on roster construction.","Risk tied to streaky perimeter shooting and occasional over‑aggression. Without improved shot selection and polished decision‑making, efficiency could dip against elite defenses. His ceiling depends on stabilizing his jumper and balancing aggression with control.","Boozer has shown strong early command of Duke’s offense, reflecting a guard who processes structure quickly and manages possessions with maturity. He’s embraced coaching emphasis on pacing, reading rotations, and balancing scoring with facilitation, becoming more decisive in ball‑screen actions as the season unfolds. His defensive discipline — navigating screens, absorbing contact, and maintaining positioning — signals strong buy‑in to team concepts. As his perimeter scoring continues to expand, the next step is sustaining assertiveness without drifting into passivity. Overall, he projects as a guard who integrates coaching direction seamlessly and elevates team organization through steady, adaptable decision‑making.","Comfortable attacking off the dribble and finishing through contact. His mid‑range jumper is reliable, while his perimeter shot remains streaky but improving. Mechanics show repeatability, suggesting upside as a catch‑and‑shoot threat. His willingness to take big shots reflects confidence, though efficiency will depend on refinement","Echoes Marcus Smart, Tyus Jones, and Andre Miller — versatile guards blending toughness, IQ, and floor general instincts. Deron Williams serves as a stylistic benchmark if Boozer’s strength and scoring gravity fully develop, pointing to a ceiling as a balanced lead guard with both scoring and playmaking gravity."
11,Jalen Haralson,18,Gold,"6'7""",220,SG/SF,"6'10""",Notre Dame,,ModalKey-Haralson,"Haralson is a powerful, physically mature 6'7"", 220‑pound freshman wing at Notre Dame who entered college as a consensus five‑star recruit and the highest‑rated commit in program history. Through 14 games, he is averaging 14.7 PTS, 3.7 REB, 2.6 AST on 48.1% FG. A former McDonald’s All‑American and U17 World Cup gold medalist with Team USA, he brings a rare blend of strength, scoring versatility, and playmaking for his size.","Jalen Haralson is a big, powerful perimeter creator whose game is built on strength, poise, and the ability to get downhill whenever he wants. At Notre Dame he brings a true mismatch‑wing profile — a guard in a forward’s body who can initiate offense, absorb contact, and play through physicality without losing balance. His cadence is deliberate and controlled. He doesn’t need a ton of dribble moves to create separation; he uses his frame, angles, and pace manipulation to get to his spots and finish with touch.
His possession impact comes from how reliably he bends the defense. He pressures the paint, forces rotations, and opens clean reads simply by getting two feet in the lane. When he’s operating in ball screens, he’s patient and decisive — probing until a window opens, then either powering to the rim or making the simple pass that keeps the offense connected. He thrives in second‑side actions where he can attack a tilted defense, and his ability to play through contact gives Notre Dame a stabilizing option when possessions bog down.
Defensively, Haralson has the tools to guard multiple positions. His strength lets him absorb bumps from bigger wings, and his lateral mobility is good enough to stay attached to guards. He competes, rotates with intent, and uses his frame to shrink space. As his discipline and off‑ball awareness continue to sharpen, he projects as a versatile, switch‑friendly defender who can fit into a wide range of schemes.
Long‑term, Haralson profiles as a modern power‑guard: physical downhill creation, multi‑level scoring flashes, and the defensive versatility to stay on the floor in high‑leverage lineups.","Name: Jalen Haralson
Badge Tier: Gold
Team: Notre Dame
Height/Weight: 6'7, 220 lbs
Wingspan: 6'10

","Haralson uses his frame to create space as a driver, absorbing contact and finishing through length. He’s comfortable attacking downhill, posting smaller guards, and operating from the elbows. Off‑ball, he relocates well and cuts decisively, leveraging his physicality to seal defenders. Defensively, he positions well and uses his size to contest, though lateral quickness can be tested by smaller, shiftier guards.",,"Haralson’s defensive value comes from size, strength, and versatility. At 6'7"", 220 lbs, he can guard 2–4 and absorb physical matchups. He rebounds well for a wing (3.7 RPG) and uses his frame to contest without fouling. His footwork is solid, though elite speed can challenge him laterally. With continued discipline, he projects as a switchable, multi‑position defender.","Current Drift:
A power‑wing creator who blends strength, scoring, and secondary playmaking.
Potential Drift:
If the shooting stabilizes (currently 15.4% from three), he drifts toward a complete three‑level scoring wing. If not, he remains a downhill, physical slasher with playmaking utility.
Stabilizers:
• 	Shooting development
• 	Handle tightening
• 	Defensive consistency","Haralson’s risks center on shooting scalability, efficiency from deep, and creation polish. His three‑point percentage (15.4%) is a clear developmental need. Without improved range, defenders may sag and shrink driving lanes. His turnover rate (2.9 TOV) is manageable but reflects ongoing decision‑making refinement. The physical tools and production give him a strong floor; the ceiling hinges on perimeter skill growth","Haralson has adapted quickly to the college game, showing a level of poise and physical readiness that reflects strong responsiveness to coaching. His ability to play through contact, maintain balance, and get to his spots without over‑dribbling speaks to a player who processes feedback and applies it immediately.
He’s embraced Notre Dame’s structure as a downhill creator — attacking with purpose, making simple reads when help arrives, and avoiding the forced possessions that often show up in high‑usage freshmen. His patience in ball screens and willingness to re‑attack after moving the ball reflect a mature understanding of sequencing.
Defensively, he competes with intent. His strength allows him to absorb bumps from bigger wings, and his mobility keeps him viable against guards. As his off‑ball awareness sharpens, he projects as a multi‑positional defender who fits a wide range of schemes.
Haralson’s blend of physicality, feel, and early discipline makes him one of the more coachable young wings in the class — a player who elevates structure rather than needing it built around him.","Haralson’s best shots come from downhill drives, post mismatches, and midrange pull‑ups. He converts efficiently inside the arc (51.0% on twos) and gets to the line with physicality. Catch‑and‑shoot threes are still developing. Lower‑value attempts appear when he settles for contested long twos or early‑clock jumpers. His efficiency peaks when he mixes power drives with playmaking reads.","Closest Echo: Miles Bridges — power wing, downhill scoring, strength‑based creation.
RJ Barrett — physical slashing, mismatch creation, and secondary playmaking.
Anthony Black (role similarity) — big guard/wing hybrid with strength, versatility, and developing perimeter shot."
12,Darius Acuff Jr.,19,Gold,"6'2""",180,PG,"6'6""",Arkansas,,ModalKey-Acuff Jr.,"Confident lead guard with advanced scoring instincts and strong command of pace. Creates separation with timing and footwork, and can make plays for others when defenses collapse. A natural offensive engine with room to grow","Darius Acuff Jr. is a powerful, assertive lead guard whose game is built on pace control, strength, and the ability to create clean advantages against set defenses. He plays with a mature sense of timing, using his frame and balance to get downhill, absorb contact, and flow into pull‑ups or touch finishes. His handle is compact and purposeful, giving him access to multiple scoring windows without needing excessive dribble volume. The confidence and composure he brings to the perimeter make him a natural primary option.

His possession impact comes from how consistently he forces defensive reactions. He can initiate, operate as a second‑side creator, or work off the catch without losing value, and he maintains pressure even when the floor tightens. His willingness to make simple reads, keep the ball moving, and stay aggressive gives him a scalable offensive identity that fits alongside other creators.

Defensively, his strength, competitiveness, and footwork allow him to guard physical matchups and disrupt actions at the point of attack. As his decision‑making continues to sharpen, he projects as a rugged, high‑usage guard with real two‑way upside and the versatility to anchor or complement a modern backcourt.
","Name: Darius Acuff Jr.
Badge Tier: Gold
Team: Arkansas
Height/Weight: 6'3, 190 lbs
Wingspan: 6'6

","Acuff manipulates space with advanced pacing for a young guard. He uses hesitations, angle changes, and controlled deceleration to create separation without relying on pure burst. He reads help early and consistently gets to his preferred spots, especially in the mid‑range. Off‑ball, he relocates with purpose and maintains spacing that opens natural driving lanes for teammates.
",,"Acuff competes with strength and balance at the point of attack, using his frame to absorb contact and stay attached to drivers. He reads actions well and positions himself intelligently off the ball. His discipline in closeouts and ability to navigate screens make him a dependable perimeter defender. A composed, assignment‑sound presence.","Acuff’s tendencies are tracking toward a primary‑scoring guard archetype, with his ability to generate separation and create shots becoming central to his identity. His role is clarifying as a possession‑driver who dictates tempo and offensive flow","Acuff carries a moderate risk profile centered on shot selection, usage load, and the volatility that comes with a guard who leans heavily on self‑created offense. The tape shows real scoring craft and confidence, but also stretches where contested jumpers and early‑clock attempts drag down efficiency. His outcome risk is tied to how consistently he can generate clean looks and balance creation with decision‑making, especially as defensive attention scales up.","Acuff has shown meaningful mid‑season growth in balancing his scoring instincts with Arkansas’ offensive structure. He’s become more selective in when he hunts his own shot, showing clearer reads in ball screens and better recognition of collapsing defenses. His ability to adjust pace on command reflects strong responsiveness to coaching emphasis on control and efficiency. Defensively, he’s competing with more consistency — staying attached on the ball, communicating earlier, and showing improved discipline in help rotations. He still has stretches where his confidence leads to tough‑shot sequences, but he’s increasingly receptive to recalibrating after feedback. His trajectory reflects a guard who can absorb structure while maintaining the assertiveness that drives his offensive value","Acuff’s shot quality is volatile due to a heavy diet of self‑created jumpers. He can generate clean looks with craft, but contested attempts appear when he leans into tough‑shot creation. His best shots come from controlled drives and PnR reads; his worst from early‑clock pull‑ups.","Closest Echo: ⭐ Darius Garland (Vanderbilt) — the cleanest match in pacing, pull‑up craft, touch‑based creation, and the ability to toggle between scoring and facilitating.
Acuff fits the lineage of polished, pace‑manipulating lead guards who weaponize touch, timing, and multi‑level scoring while growing into full‑time primary creators.
Primary Echo Cluster (Functional + Developmental)
• 	⭐ Darius Garland (Vanderbilt) — elite pull‑up craft, pacing, and touch‑driven creation.
• 	⭐ Trae Young (Oklahoma) — manipulation, floater game, and advanced pick‑and‑roll reads.
• 	⭐ CJ McCollum (Lehigh) — rhythm scoring, balance, and three‑level shot‑making without elite burst.
Secondary Echo Cluster (Role + Scalability)
• 	⭐ Jalen Brunson (Villanova) — strength, pacing, and efficient, compact creation.
• 	⭐ Tyrese Maxey (Kentucky) — speed changes, slashing, and efficient scoring in modern spacing.
Modern Contextual Echoes
• 	⭐ Jamal Murray — pull‑up versatility, pacing, and multi‑context scoring.
• 	⭐ Tre Mann — rhythm‑based creation and pull‑up shot‑making.
Throughline: Acuff aligns with polished, touch‑driven creators whose value comes from pacing, pull‑up craft, and multi‑level scoring, with long‑term scalability tied to defensive engagement and decision‑making refinement.
"
13,Meleek Thomas,19,Gold,"6'5""",185,PG/SG,"6'7""",Arkansas,,ModalKey-Thomas,Skilled scoring guard with advanced shot creation and confidence from all three levels. Uses pace and footwork to generate clean looks. Continues to grow as a playmaker while maintaining his scoring identity.,"Meleek Thomas is a confident, dynamic scoring guard whose game is built on shot creation, competitive fire, and a strong blend of skill and physicality. He thrives in isolation and ball‑screen actions, using pace changes, strength, and a polished handle to generate clean looks. His pull‑up game is advanced, with range extending beyond the arc and the ability to hit tough, contested jumpers. Thomas plays with an assertive mentality, embracing big moments and showing comfort as a primary option. His passing continues to develop, and he flashes the ability to make reads when defenses collapse. Defensively, he competes with physicality, using his frame to absorb contact and pressure the ball. His motor and toughness translate on both ends. As his decision‑making and off‑ball consistency improve, he projects as a high‑level scoring guard with the tools to anchor offense and contribute defensively.
","Name: Meleek Thomas
Badge Tier: Gold
Team: Arkansas
Height/Weight: 6'5, 185 lbs
Wingspan: 6'7
","Thomas has a natural scorer’s sense of space, using pace changes and footwork to carve out clean looks. He reads the second defender well and adjusts his attack angles to avoid crowds. Off‑ball, he relocates with purpose and finds windows for catch‑and‑shoot opportunities. His ability to manipulate defenders with timing rather than pure burst gives him strong spatial control for a guard.",,"Thomas competes on the perimeter with solid lateral quickness and the strength to absorb contact. He stays engaged on the ball and uses his frame to contest effectively. Off the ball, he rotates on time and rarely drifts out of position. His defensive reliability gives him a stable two‑way foundation.","Thomas continues to drift toward a scoring‑first guard archetype, with his shot creation and self‑generated offense becoming central to his identity. His ability to generate clean looks from multiple levels has pushed him away from a combo‑guard profile and toward a primary scoring role. The trend highlights his natural offensive instincts.","Thomas presents a moderate risk profile driven by shot selection and reliance on contested self‑creation, which produces efficiency swings depending on matchup and rhythm. The tape shows a confident scorer capable of tough makes, but also stretches where early‑clock jumpers or forced drives reduce possession quality. His outcome risk is tied to how consistently he can generate clean looks rather than any major decision‑making instability.","Has shown meaningful mid‑season growth in balancing his scoring instincts with Arkansas’ offensive structure. He’s become more intentional about when to hunt his own shot versus when to keep the ball moving, reflecting improved application of coaching emphasis on pacing and decision‑making. His defensive engagement has trended upward — he’s communicating more consistently, staying attached on the ball, and showing better discipline in late‑clock situations. Thomas still has stretches where tough‑shot confidence overrides possession quality, but he’s increasingly receptive to adjusting his approach after feedback, especially in ball‑screen reads and off‑ball positioning. As he continues refining shot selection and sustaining defensive focus across longer runs, he projects as a guard who can integrate coaching direction without losing the assertiveness that defines his game.
","Thomas’ shot quality is volatile due to contested jumpers and rhythm‑based creation. He can generate clean looks with burst, but stretches of tough pull‑ups lower efficiency. His best shots come from downhill drives and catch‑and‑shoot opportunities; his worst from early‑clock isolation attempts.
","Closest Echo: ⭐ Cam Thomas (LSU) — the cleanest match in tough‑shot tolerance, scoring confidence, and multi‑level bucket‑getting instincts.
Meleek fits the lineage of high‑volume, self‑creating scoring guards who weaponize touch, rhythm, and confidence to generate offense from all three levels, often before their playmaking and defensive consistency fully mature.
Primary Echo Cluster (Functional + Developmental)
• 	⭐ Cam Thomas (LSU) — tough‑shot maker with elite confidence and multi‑level scoring.
• 	⭐ Jordan Clarkson (Missouri) — rhythm‑based creation, slashing, and microwave scoring ability.
• 	⭐ O.J. Mayo (USC) — early three‑level scoring with strong frame and shot‑making versatility.
Secondary Echo Cluster (Role + Scalability)
• 	⭐ Jamal Crawford (Michigan) — handle‑driven creation and streak scoring.
• 	⭐ Norman Powell (UCLA) — strength‑based slashing with scalable off‑ball scoring.
Modern Contextual Echoes
• 	⭐ Anfernee Simons — pull‑up shot‑making and modern spacing exploitation.
• 	⭐ Tyler Herro — multi‑platform scoring with developing playmaking.
Throughline: Thomas aligns with confident, rhythm‑driven scoring guards whose value comes from multi‑level shot creation, with long‑term scalability tied to defensive engagement and playmaking growth."
14,Flory Bidunga,20,Gold,"6'10""",220,C,"7'6""",Kansas,,ModalKey-Bidunga,"Elite rim runner and shot blocker with exceptional vertical pop. Plays with nonstop energy and creates easy offense through seals, lobs, and putbacks. A true interior anchor who changes the geometry of the floor","Flory Bidunga is a powerful, explosive interior presence whose game is built on physical dominance, elite motor, and efficient finishing. He controls the paint with his strength, verticality, and ability to carve out space. Offensively, he thrives as a rim runner, lob threat, and offensive rebounder, consistently generating high‑value shots through effort and positioning. His touch around the basket is improving, and he shows flashes of short‑roll playmaking and face‑up comfort. Defensively, Bidunga is a force — protecting the rim with timing, contesting without fouling, and anchoring possessions with physicality. He rebounds at a high level and runs the floor with purpose, creating easy transition opportunities. Continued development in passing, decision‑making, and shooting will determine his ceiling, but his combination of motor, strength, and interior impact gives him a clear, translatable role from day one.","Name: Flory Bidunga
Badge Tier: Gold
Team: Kansas
Height/Weight: 6'9, 220 lbs
Wingspan: 7'4

","Bidunga’s spatial feel is built around vertical gravity and rim pressure. He understands how to position himself as a lob threat, how to seal early, and how to create passing windows for guards. His short‑roll spacing is functional — he finds the right pockets but still relies on quick decisions rather than nuanced reads. Off‑ball, he stays active and maintains spacing integrity by not clogging driving lanes.",,"Bidunga anchors the paint with elite vertical pop and strong timing as a shot blocker. He protects the rim without over‑gambling and recovers quickly when pulled away from the basket. His physicality allows him to hold ground against stronger bigs, and he runs the floor hard to impact transition defense. A true interior presence who changes opponent behavior.","Bidunga’s archetype remains firmly anchored in the rim‑running big category, with a slight drift toward a more polished interior presence. His timing, physicality, and finishing have solidified his role as a vertical spacer and paint anchor. The trend reflects consistency rather than reinvention.","Bidunga carries a low‑to‑moderate risk profile tied to offensive narrowness and the degree to which his impact depends on rim pressure, transition, and paint touches. The tape and early‑season stats show elite finishing and defensive reliability, but also a scoring profile that shrinks when opponents wall off the paint or slow the pace. His outcome risk is less about volatility and more about how consistently his current role can translate against higher‑level size and schemes.","Has integrated cleanly into Kansas’ structure, embracing a role built on energy, physicality, and interior discipline. He applies coaching points with noticeable consistency — especially in timing his rim rotations, choosing when to sprint into screens, and staying within spacing principles instead of drifting into traffic. His defensive engagement has remained steady as the season progresses, showing improved patience on contests and better recognition of when to hold ground versus when to chase blocks. Offensively, he’s becoming more selective with short‑roll decisions and shows a growing willingness to make the simple play rather than force quick finishes. Still developing comfort reading complex coverages and maintaining poise when opponents shrink the floor, but his motor, reliability, and responsiveness to structure reflect a big who absorbs guidance and refines habits without losing his natural force.","Bidunga maintains elite shot quality through rim‑only attempts: lobs, dump‑offs, rolls, and put‑backs. His creation difficulty is extremely low, and efficiency is high because he rarely takes contested or perimeter shots. His shot diet is narrow but high‑value.","Closest Echo: ⭐ Ben Wallace (Virginia Union) — the cleanest match in power, vertical dominance, defensive range, and game‑changing motor.
Bidunga fits the lineage of explosive, rim‑protecting bigs who anchor defenses through verticality, timing, and relentless activity while providing efficient, low‑maintenance scoring.
Primary Echo Cluster (Functional + Developmental)
• 	⭐ Ben Wallace (Virginia Union) — elite motor, vertical defense, and possession‑swinging physicality.
• 	⭐ DeAndre Jordan (Texas A&M) — vertical rim pressure, lob gravity, and simplified offensive role.
• 	⭐ Ike Diogu (Arizona State) — strength, interior touch, and early dominance through physicality.
Secondary Echo Cluster (Role + Scalability)
• 	⭐ Clint Capela (France) — rim running, shot blocking, and high‑efficiency finishing.
• 	⭐ Bismack Biyombo (DR Congo) — timing‑based rim protection and low‑usage offensive fit.
Modern Contextual Echoes
• 	⭐ Mitchell Robinson — elite verticality, shot blocking, and paint deterrence.
• 	⭐ Dereck Lively II — rim protection, lob threat, and defensive mobility in modern spacing.
Throughline: Bidunga aligns with explosive, defensive‑anchoring bigs whose value comes from verticality, timing, and relentless motor, scaling into high‑impact rim protectors with efficient, low‑maintenance offense.
"
15,Hannes Steinbach,19,Gold,6'11,220,PF,"7'2""",Washington,,ModalKey-Steinbach,"Steinbach is a long, fluid German forward with real defensive versatility, transition value, and flashes of perimeter skill. He plays with balance, coordination, and a natural sense of timing, giving him a scalable modern‑forward trajectory. Still early in his development curve, but the combination of mobility, length, and feel makes him one of the more intriguing international prospects in his age group.","Hannes Steinbach is a long, mobile frontcourt piece whose game is built on activity, touch, and the ability to play within structure rather than force creation. At Washington he brings a modern big‑forward profile — someone who runs the floor, finishes with coordination, and shows flashes of perimeter skill without needing a heavy usage load. His movement stands out for his size: he changes ends smoothly, slips into space as a cutter, and has the timing to convert lobs or quick dump‑offs. The touch indicators are real, giving him a foundation for pick‑and‑pop or short‑roll scoring as his confidence grows.
His possession impact comes from how cleanly he fits into the Huskies’ pace‑and‑space concepts. He screens with intent, dives hard, and opens passing windows for guards. When he catches in the short roll, he’s comfortable making simple, decisive reads that keep the offense connected. He doesn’t need scripted touches — he thrives in second‑side actions, transition lanes, and structured sets where his mobility and feel can create efficient outcomes.
Defensively, Steinbach’s length and mobility give him real versatility. He can slide with forwards, contest at the rim, and rotate with timing that reflects his European developmental background. He’s not a pure shot‑blocker, but he alters angles, covers ground, and stays within scheme. As his strength and physicality continue to mature, he projects as a scalable modern big who brings movement, touch, and lineup‑friendly versatility to a wide range of systems.","Name: Hannes Steinbach
Badge Tier: Silver
Team: Washington
Height/Weight: 6'11, 230 lbs
Wingspan: 7'2

","Steinbach uses his length and stride to create advantages in space. He attacks closeouts with long, controlled steps and adjusts angles well when navigating traffic. Off‑ball, he relocates into open pockets, cuts decisively, and understands how to maintain spacing around drivers. Defensively, he reads rotations early and covers ground fluidly, though he can be a half‑step late recovering to shooters when pulled deep into help. His spatial instincts are strong — the physical strength to fully capitalize is still developing.",,"Defense is Steinbach’s most translatable skill. He moves well laterally, uses his length to contest without fouling, and shows comfort switching onto wings and some guards. His timing as a weak‑side helper is strong — he rotates early, challenges shots vertically, and disrupts passing lanes with his reach. Strength is the main developmental need; stronger forwards can dislodge him on drives or seals. Currently averaging almost 12 rebounds a game. With added physicality, he projects as a multi‑position defender who can anchor small‑ball lineups.","Current Drift:
Trending toward a mobile, rangy forward who impacts possessions with length, defensive versatility, and opportunistic scoring. His habits — switching comfortably, running the floor, and cutting behind defenders — pull him toward a modern activity‑driven 3/4 archetype.
Potential Drift:
If the jumper stabilizes and the handle tightens, he drifts toward a stretch‑forward with real two‑way value. If not, he remains closer to a connective, defense‑first hybrid forward.
Stabilizers:
• 	Strength development
• 	Shooting consistency
• 	Defensive discipline in switches","Steinbach’s risk centers on shooting reliability, physical strength, and offensive assertiveness. If the jumper doesn’t progress, defenders may sag and limit his driving lanes. His frame needs continued development to handle higher‑level physicality, especially on the glass. Offensively, he can drift into low‑usage stretches if not actively involved in actions. The defensive mobility gives him a stable floor; the ceiling depends on skill expansion.","Steinbach has shown strong early responsiveness to Washington’s pace‑and‑space concepts, playing with the activity, timing, and discipline expected from a young forward with European developmental roots. He screens with intent, runs the floor hard, and applies coaching emphasis on spacing and movement without drifting into low‑value touches. His ability to make simple, decisive reads in the short roll reflects strong processing and a willingness to stay within structure.
Defensively, he’s embraced the program’s expectations around mobility and positional awareness. He rotates on time, contests without over‑committing, and uses his length to stay disruptive without gambling. Strength and physicality are still developing, but his engagement and consistency are clear indicators of coachability. As his frame matures, he projects as a modern big who integrates coaching direction cleanly and elevates lineup versatility.","Averaging 18 points per game on 59% FG and 40% from three in early Washington play. At the U19 World Cup, he added 17.4 points per game and showed confidence from mid‑range.","Closest Echo: Deni Avdija
Length, mobility, defensive versatility, transition value, and a forward who thrives without needing high usage.
This is the cleanest match for Steinbach’s blend of feel, movement, and defensive instincts.
Herbert Jones
Elite defensive versatility, long strides, multi‑position coverage, opportunistic scoring, and a frame that filled out over time.
This fits Steinbach’s defensive ceiling path without overstating his offensive polish.
Aaron Gordon (role similarity)
High‑end athlete with length, defensive range, cutting, slashing, and low‑usage offensive impact in a modern forward role.
This captures Steinbach’s potential role in a winning context."
16,Boogie Fland,19,Gold,"6'3""",180,PG,"6'6""",Florida,,ModalKey-Fland,Skilled guard with a polished handle and a natural feel for creating offense. Comfortable scoring from all three levels and making plays out of ball screens. Brings poise and competitiveness to every possession.,"Boogie Fland is a poised, confident lead guard whose game is built on pace control, shot‑making, and the ability to manage possessions without rushing. At Florida he brings a steadying presence, using his handle and balance to get into pull‑ups, probe gaps, and keep defenders guessing. His scoring comes from a mix of rhythm jumpers, touch finishes, and the ability to create separation in tight spaces, giving him a reliable foundation as a primary or secondary initiator.

His possession impact shows up in how cleanly he organizes an offense. He can run a set, flow into second‑side actions, or operate off the catch without losing efficiency. His willingness to make simple, timely reads keeps the ball moving, and he plays with a maturity that elevates the players around him. He doesn’t need a high‑usage runway to matter — he can scale up or down depending on lineup context.

Defensively, his competitiveness and footwork allow him to stay attached to guards and disrupt actions at the point of attack. As his strength and decision‑making continue to sharpen, he projects as a versatile, modern lead guard with real two‑way value and strong scalability across different backcourt constructions.
","Name: Boogie Fland
Badge Tier: Silver
Team: Florida
Height/Weight: 6'2, 180 lbs
Wingspan: 6'5
","Fland plays with strong pacing and a clear understanding of how to manipulate defenders with hesitations and deceleration. He probes until a defender commits, then shifts into open space with tight handle control. Off‑ball, he maintains spacing integrity and relocates with purpose, creating clean catch‑and‑shoot windows. His ability to read help rotations early gives him efficient driving lanes",,"Fland brings solid point‑of‑attack defense with good anticipation and balance. He stays low, fights through screens, and uses his timing to bother ball handlers. Off the ball, he positions himself well and makes sound help decisions without over‑gambling. A steady, reliable perimeter defender who fits cleanly into structured schemes","Fland’s role is moving toward a lead‑guard archetype, with more emphasis on ball‑screen orchestration and self‑created offense. His decision‑making and shot creation are settling into the responsibilities of a primary initiator rather than a combo‑guard scorer.","Fland carries a moderate risk profile driven by shot diet, physical profile, and the translation of his creation into efficient outcomes. The tape shows advanced pacing, touch, and pick‑and‑roll comfort, but also variability in perimeter efficiency and stretches where size and strength limitations affect finishing windows. His outcome risk is tied to how reliably he can create advantages against length and physicality, as his current scoring profile offers limited margin for error.","Fland has settled into Florida’s structure with a steady, composed approach, showing an ability to absorb coaching emphasis on pacing and decision‑making. He’s become more intentional in how he sequences ball‑screen actions, mixing scoring and facilitation with better timing as the season progresses. His willingness to adjust shot selection and stay within the offense reflects growing trust in team concepts. Defensively, he’s shown improved discipline navigating screens and maintaining positioning, a clear sign of film‑to‑floor translation. Continued growth in physicality and late‑clock assertiveness will sharpen his reliability, but his poise, adaptability, and responsiveness to structure point toward a guard who integrates coaching direction without losing his natural creativity.","Fland’s shot quality is tied to pacing. When he controls tempo, he generates clean pull‑ups and balanced PnR looks. When sped up, he drifts into contested jumpers. His creation difficulty is moderate, and efficiency stabilizes when he leans into catch‑and‑shoot and structured actions.","Closest Echo: ⭐ Tyrese Maxey (Kentucky) — the cleanest match in pace‑changing creation, confident pull‑up scoring, and compact, efficient guard play.
Fland fits the lineage of pace‑manipulating combo guards who blend scoring, slashing, and secondary playmaking, thriving in systems that allow toggling between on‑ball creation and off‑ball spacing.
Primary Echo Cluster (Functional + Developmental)
• 	⭐ Tyrese Maxey (Kentucky) — speed changes, slashing, and efficient three‑level scoring.
• 	⭐ Jalen Brunson (Villanova) — pacing, balance, and compact, efficient creation.
• 	⭐ Darius Garland (Vanderbilt) — pull‑up versatility and the ability to toggle between scoring and facilitating.
Secondary Echo Cluster (Role + Scalability)
• 	⭐ Collin Sexton (Alabama) — downhill pressure, scoring confidence, and competitive motor.
• 	⭐ Immanuel Quickley (Kentucky) — combo‑guard scoring with defensive engagement and off‑ball value.
Modern Contextual Echoes
• 	⭐ Jamal Murray — pacing, pull‑up craft, and multi‑context scoring in modern spacing.
• 	⭐ Tre Mann — rhythm‑based creation and pull‑up shot‑making.
Throughline: Fland aligns with compact, pace‑manipulating combo guards whose value comes from multi‑level scoring and slashing, with long‑term scalability tied to defensive consistency and playmaking refinement.
"
17,Solo Ball,20,Gold,"6'3""",190,SG,"7'0""",UConn,,ModalKey-Ball,"Versatile wing with size, fluidity, and a balanced offensive approach. Can handle, pass, and finish while defending multiple positions. Still refining his consistency but offers a valuable two‑way foundation.","Solo Ball is an athletic, instinctive guard whose game is built on pace, creativity, and a natural feel for advantage creation. He plays with a smooth, controlled rhythm, using his handle and change‑of‑direction ability to get into pockets of space and pressure the rim. His touch and coordination give him multiple finishing solutions, and he shows the confidence to pull up when defenders sag. The scoring foundation is complemented by real playmaking feel — he sees windows early and delivers the ball with timing that keeps teammates involved.

His possession impact comes from how fluidly he shifts between roles. He can initiate when needed, operate as a secondary creator, or play off another handler without losing value. His off‑ball instincts — cutting, relocating, staying available as a release valve — make him scalable in different lineup constructions. He doesn’t require a scripted environment to matter; his game naturally adapts to the flow of possessions.

Defensively, his length, mobility, and competitiveness allow him to guard multiple backcourt matchups and disrupt actions with active hands. As his strength and decision‑making continue to mature, he projects as a versatile, dynamic guard with two‑way upside and a scalable perimeter identity.
","Name: Solo Ball
Badge Tier: Gold
Team: UConn
Height/Weight: 6'3, 190 lbs
Wingspan: 7'0

","Ball’s spatial feel is rooted in his versatility — he can initiate, connect, or finish depending on the lineup. He recognizes when the defense is tilted and attacks from the second side with strong timing. Off‑ball, he positions himself intelligently and uses his length to create passing windows. His ability to operate from multiple levels of the floor gives him strong adaptability in different offensive structures",,"Ball’s size and fluidity allow him to defend multiple positions effectively. He moves well laterally, contests without fouling, and uses his length to shrink driving angles. Off the ball, he rotates with purpose and stays alert to cutters and skip passes. His versatility gives him value across different defensive systems.","Ball’s game is leaning toward a versatile wing‑connector archetype, with more possessions flowing through his passing, slashing, and off‑ball reads. His usage is shaping into a multi‑positional role that supports creators rather than dominating possessions.","Ball presents a moderate‑to‑high risk profile tied to offensive polish, shooting consistency, and the translation of his athletic tools into structured half‑court value. The tape shows flashes of slashing, defensive activity, and energy‑driven impact, but also long segments where limited shooting and decision‑making reduce his reliability. His outcome risk is driven by how much his current tools can stabilize in slower, more deliberate contexts where athleticism alone can’t carry possessions.","Ball has shown strong buy‑in to UConn’s system, embracing a role that shifts between slashing, connecting, and defending multiple positions. He’s become more consistent in applying coaching points around spacing, off‑ball engagement, and defensive communication, especially as his minutes have stabilized. His decision‑making has trended upward — fewer rushed drives, more purposeful cuts, and better recognition of when to move the ball versus attack. Defensively, he competes with intent and has grown more disciplined in team‑defense concepts, reflecting improved awareness. The next step is sustaining offensive aggression and tightening shot selection, but his versatility, effort level, and willingness to adjust make him a strong system fit who responds well to guidance.","Ball’s shot quality is low‑to‑moderate due to limited shooting range and a developing handle. His best looks come from slashing and energy plays; his worst from forced perimeter attempts. Creation difficulty is high relative to skill level, leading to efficiency swings.","Closest Echo: ⭐ De’Anthony Melton (USC) — the cleanest match in defensive activity, combo‑guard versatility, connective playmaking, and opportunistic scoring.
Ball fits the lineage of defense‑first, connective combo guards who generate value through motor, instincts, and multi‑context utility rather than pure on‑ball creation.
Primary Echo Cluster (Functional + Developmental)
• 	⭐ De’Anthony Melton (USC) — defensive range, activity, and low‑maintenance offensive value.
• 	⭐ Marcus Smart (Oklahoma State) — physical guard defender with connective playmaking and competitive motor.
• 	⭐ Jevon Carter (West Virginia) — point‑of‑attack pressure, toughness, and opportunistic scoring.
Secondary Echo Cluster (Role + Scalability)
• 	⭐ Josh Hart (Villanova) — rebounding guard with slashing, defensive versatility, and connective offense.
• 	⭐ Delon Wright (Utah) — length, defensive instincts, and low‑usage, high‑impact guard play.
Modern Contextual Echoes
• 	⭐ Davion Mitchell — elite defensive engagement with developing offensive polish.
• 	⭐ Dyson Daniels — multi‑positional defense, connective passing, and scalable role fit.
Throughline: Ball aligns with defense‑driven, connective combo guards whose value comes from motor, instincts, and versatility, with long‑term upside tied to shooting consistency and half‑court creation growth."
18,Aday Mara,20,Gold,"7'3""",245,C,"7'5""",Michigan,,ModalKey-Mara,"Mara is a uniquely sized 7'3 center with advanced passing feel, soft touch, and natural rim‑protection instincts. His combination of height, coordination, and playmaking gives him a rare developmental profile. The physical tools are undeniable, but his mobility, conditioning, and physicality will determine how fully his skill set translates.","Aday Mara is a towering, skilled interior presence whose game is built on touch, vision, and rare coordination for his size. At Michigan he brings a true *positional outlier* profile — a 7‑foot‑plus big who can pass, finish, and influence possessions without needing to play with brute force. His touch around the rim is soft, his timing as a finisher is advanced, and he’s comfortable operating as both a post hub and a connective piece in the half court. When he catches in space, he sees the floor early and makes the kind of anticipatory reads that bend defenses before they’re set.

His possession impact comes from how many different ways he stabilizes an offense. He screens with purpose, short‑rolls into clean passing angles, and keeps the ball moving with quick, decisive decisions. He doesn’t need a high‑usage runway — he thrives in structured actions where his feel, size, and patience create advantages for others. Michigan’s spacing and pace give him room to operate as a facilitator, finisher, and pressure point who elevates the efficiency of the players around him.

Defensively, Mara’s value starts with his sheer size and timing. He alters shots without leaving his feet, walls up effectively, and uses his length to shrink space around the rim. His mobility is still developing, but his instincts and positional discipline help him stay playable in modern schemes. As his strength, conditioning, and lateral agility continue to improve, he projects as a scalable, high‑IQ big who brings rim protection, playmaking, and lineup‑friendly versatility to a wide range of systems.
","Name: Aday Mara
Badge Tier: Gold
Team: Michigan
Height/Weight: 7'3, 255 lbs
Wingspan: 7'5

","Mara understands how to use his size to create passing angles and finishing windows. He positions himself well as a high‑post hub, reading cutters and weak‑side movement with maturity. In the paint, he seals effectively and presents a large target without drifting into traffic. Defensively, he recognizes actions early but can be late covering ground due to limited foot speed. His spatial reads are strong — the challenge is matching recognition with physical execution.",,"Mara has taken a clear step forward defensively at Michigan, showing sharper timing, improved mobility, and more consistent engagement as a rim protector. He’s reading actions earlier, rotating with better urgency, and using his length to contest without fouling. His drop coverage discipline has tightened — he maintains depth, mirrors ball handlers more effectively, and recovers to verticality instead of reaching. Michigan’s scheme has also unlocked his anticipation as a helper, where he’s blocking and altering shots at a higher rate while staying connected to the play. Lateral agility is still a swing skill, but he’s no longer the liability in space he appeared to be at UCLA; he’s moving his feet better, taking cleaner angles, and showing more confidence defending multiple actions in a possession. Strength and conditioning remain long‑term priorities, but the defensive trajectory is clearly upward.","Current Drift:
Trending toward a playmaking, touch‑driven big who influences possessions with size, timing, and passing vision. His habits — high‑post facilitation, early reads, and vertical deterrence — pull him toward a skilled interior facilitator archetype.
Potential Drift:
If mobility continues improving, he drifts toward a modern two‑way center with stretch‑big elements. If not, he remains closer to a scheme‑dependent rim protector and connective offensive hub.
Stabilizers:
• 	Conditioning and mobility
• 	Physical strength
• 	Defensive footwork","Mara’s risk centers on mobility, physicality, and defensive versatility. If he cannot handle NBA pace or defend in space, his role narrows significantly. Offensively, the passing and touch are real, but he must prove he can finish through contact and maintain balance against stronger bigs. His floor is tied to rim protection and playmaking; his ceiling depends on whether his body can support his skill set.","Mara’s move to Michigan has unlocked a sharper, more confident version of his game, and his coachability has been a major part of that leap. He’s embraced the program’s demands around conditioning, physicality, and defensive structure, translating them into more consistent rim protection, better mobility in space, and quicker reads in drop coverage. Offensively, he’s become more decisive — using his passing feel to initiate actions, choosing better angles as a finisher, and avoiding the over‑ambitious plays that showed up earlier in his UCLA tape. His improved timing, positioning, and overall engagement reflect a player who has responded exceptionally well to a new developmental environment. The upward trend in discipline and execution suggests a big who not only absorbs coaching but thrives when given clear structure and responsibility.","Mara’s best shots come from touch finishes, seals, and short‑roll opportunities. His soft hands and coordination allow him to convert around the rim, and he has shown flashes of midrange touch. Lower‑value shots appear when he’s forced into contested post isolations or when he settles for flat midrange attempts early in the clock. His efficiency rises when he plays within actions — cuts, rolls, and quick decisions — rather than slow, back‑down possessions.","Closest Echo: Domantas Sabonis — playmaking big with elite passing feel and interior touch (stylistic, not athletic).
Jakob Poeltl — rim‑protecting center who thrives in structured systems with defined defensive roles.
Boban Marjanović (physical profile similarity) — size‑driven finishing and rim deterrence with mobility‑dependent usage."
19,Morez Johnson Jr.,20,Gold,"6'9""",255,PF,"7'1""",Michigan (transfer from Illinois),,ModalKey-Johnson Jr.,"Johnson is a strong, physical interior player whose game is built around force and competitiveness. He brings a sturdy frame and a willingness to battle in crowded areas. His style leans toward doing the heavy work that anchors a frontcourt.","Morez Johnson Jr. is a physical, high‑motor interior forward whose game is built on strength, rebounding, and a willingness to do the dirty work that stabilizes possessions. At Michigan he brings a rugged, blue‑collar profile — someone who carves out space, plays through contact, and impacts the game with effort even when he isn’t getting touches. His frame and competitiveness stand out immediately. He sets hard screens, runs the floor with purpose, and finishes around the rim with force and simplicity.
His possession impact comes from how consistently he creates extra chances and cleans up mistakes. He’s an aggressive offensive rebounder who extends plays, a reliable roller who opens driving lanes for guards, and a physical interior presence who doesn’t need a scripted role to matter. When he catches in short‑range windows, he finishes quickly and decisively. He’s not a polished scorer yet, but he brings value by embracing the connective, effort‑driven responsibilities that make an offense function.
Defensively, Johnson fits the mold of a modern, physical big who can anchor schemes with toughness and positioning. He walls up effectively, absorbs contact in the post, and competes on every rotation. His mobility is good enough to contain in space, and his motor allows him to make multiple efforts in a single possession. As his discipline and timing continue to sharpen, he projects as a scalable interior defender who brings physicality, rebounding, and reliability to a wide range of lineup constructions. Coupled with Aday Mara in the paint, it's no wonder Michigan has been dominating teams there.","Name: Morez Johnson Jr.
Badge Tier: Silver
Team: Michigan
Height/Weight: 6'9, 235 lbs
Wingspan: 7'1

","Johnson plays with excellent spatial discipline for a young big. He seals early, establishes deep post position, and uses his strength to carve out rebounding angles. As a roller, he takes efficient routes to the rim and finishes with power or soft touch. Defensively, he reads drives early and positions himself well as a vertical rim protector. His footwork is functional, though not yet fluid enough to consistently defend in space against quicker forwards.",,"Defense is already a defining strength. Johnson averaged 1.1 blocks per game as a freshman at Illinois and is up to 1.3 blocks per game at Michigan. He contests vertically without fouling, rotates early, and uses his strength to hold ground in the post. His defensive rebounding is elite — 6.7 RPG at Illinois and Michigan The main developmental area is lateral mobility; quicker stretch forwards can force him into recovery situations.","Current Drift:
A physical, interior‑dominant 4/5 who impacts games with rebounding, rim protection, and efficient paint scoring.
Potential Drift:
If the touch continues to develop (career 66.0% FG), he drifts toward a high‑efficiency interior anchor with real two‑way value. If he adds a short‑corner jumper or elbow touch game, he becomes even more scalable.
Stabilizers:
• 	Strength and conditioning
• 	Defensive discipline
• 	Continued finishing efficiency
","Johnson’s risks center on offensive range, lateral mobility, and scalability in modern spacing. Without a jumper (career 0.1 threes per game), defenders may sag off him in ball screens. His mobility is functional but not dynamic, which could limit switchability. His game is heavily interior‑dependent — if he doesn’t dominate the paint, his value narrows. The floor remains high due to rebounding, strength, and finishing.
","Johnson has transitioned into Michigan’s system with the steadiness of a frontcourt player who knows exactly how to add value. His coachability shows in how consistently he embraces the physical, low‑maintenance responsibilities that stabilize possessions — screening, rebounding, sealing, and finishing quickly in tight spaces. He doesn’t drift outside his role, and he applies coaching emphasis on simplicity and force with real discipline.
Defensively, he’s bought into Michigan’s interior demands. He walls up effectively, absorbs contact, and competes through multiple efforts. His mobility is functional enough to contain in space, and his timing continues to sharpen as he adjusts to new coverages. His ability to anchor actions without freelancing reflects strong system buy‑in.
Johnson’s game is built on repeatable habits, and his willingness to lean into those habits — rather than chase touches — makes him a highly coachable interior piece with a scalable defensive floor.
","Johnson’s best shots come from deep seals, offensive rebounds, rolls, and short‑range finishes. He converts at elite efficiency — 66.0% career FG — and rarely takes low‑value jumpers. His free‑throw improvement at Michigan (81.3% FT) through 13 games is a promising indicator of touch. Lower‑value attempts appear when he forces contested post hooks or tries to self‑create outside his comfort zones.","Closest Echo: Kevon Looney — elite rebounding, physicality, interior defense, and efficient finishing.
Brandon Clarke — vertical contests, touch around the rim, and high‑motor interior scoring.
Tristan Thompson (early career) — strength, rebounding dominance, and paint‑anchored impact."
20,Tounde Yessefou,19,Gold,"6'6""",215,SG/SF,"6'8.5""",Baylor,,ModalKey-Yessefou,"Powerful, high‑motor forward who plays through contact and impacts the game with physicality. Shows real defensive versatility and the ability to finish around the rim. Continues to refine his offensive skill set while maintaining his energy‑driven identity","Tounde Yessoufou is a powerful, explosive wing whose game is built on force, balance, and a relentless ability to pressure the rim. He plays with a downhill mentality, using his strength and coordination to carve out space, finish through contact, and turn small advantages into high‑value shots. His handle is functional enough to attack gaps, initiate in transition, and punish mismatches, giving him a dependable scoring base that doesn’t rely on scripted touches. The emerging jumper adds another layer, but his core identity is rooted in physicality and assertiveness.

His possession impact comes from how consistently he destabilizes defenses. He can initiate when needed, operate as a second‑side attacker, or play off movement without losing value. His motor and willingness to stay active — cutting, crashing, relocating — make him scalable in different lineup constructions, and he doesn’t require a high‑usage runway to matter.

Defensively, his strength, length, and competitiveness allow him to guard multiple positions and disrupt actions with physicality. As his decision‑making and perimeter skill continue to sharpen, he projects as a rugged, high‑impact wing with real two‑way upside and a scalable modern profile.
","Name: Tounde Yessoufou
Badge Tier: Gold
Team: Baylor
Height/Weight: 6'5, 215 lbs
Wingspan: 6'10

","Yessefou plays with a strong sense of vertical spacing and understands how to create angles as a finisher. He positions himself well in the dunker spot, times his dives effectively, and stays active without drifting into traffic. His ability to read when the defense is tilted allows him to attack from the second side with force. Off‑ball, he maintains spacing integrity and gives guards clear passing windows.",,"Yessefou defends with power and urgency, using his strength to absorb contact and disrupt drives. He covers ground well for his size and shows real commitment as a help defender, rotating early and contesting with force. His physicality allows him to guard up and down the lineup, and he consistently brings the kind of effort that stabilizes a defensive unit.","Yessefou’s offensive identity is settling into a physical slasher‑finisher archetype, with his strength and rim pressure defining his usage. His possessions increasingly align with a downhill, contact‑absorbing forward rather than a perimeter‑oriented creator.","Yessoufou presents a moderate‑to‑high risk profile driven by offensive skill development and the translation of his power‑based scoring against higher‑level size and athleticism. The tape shows elite strength, motor, and downhill force, but also a limited perimeter game that can lead to low‑leverage possessions when lanes tighten. His outcome risk is tied to how consistently he can create value without a reliable jumper or advanced handle, making his projection sensitive to context and spacing.","Yessoufou has embraced Baylor’s physical, high‑effort identity, channeling his motor with more purpose as the season progresses. He’s shown real growth in timing his drives, choosing better angles, and staying within spacing principles rather than forcing contact into crowds. Defensively, he’s become more disciplined with rotations and closeouts, reflecting improved understanding of scheme responsibilities. His willingness to take on physical assignments and maintain effort across long stretches signals strong competitive buy‑in. Continued refinement in decision‑making and off‑ball consistency will elevate his reliability, but his energy, adaptability, and upward trend in discipline point toward a player who integrates coaching direction and thrives in structure.","Yessoufou’s shot quality is strong around the rim but limited elsewhere. His downhill attempts are high‑value, but perimeter shots and forced drives produce contested looks. Creation difficulty is high when defenses wall off the paint, leading to efficiency variability.","Closest Echo: ⭐ Stanley Johnson (Arizona) — the cleanest match in power‑wing physicality, downhill force, defensive versatility, and strength‑based scoring.
Yessoufou fits the lineage of power‑athlete wings who generate early value through strength, vertical pop, and defensive range while developing pacing, handle depth, and perimeter polish.
Primary Echo Cluster (Functional + Developmental)
• 	⭐ Stanley Johnson (Arizona) — strength, defensive versatility, and downhill physicality.
• 	⭐ Justise Winslow (Duke) — multi‑positional defense, slashing, and connective play flashes.
• 	⭐ Anthony Edwards (Georgia) — power‑athlete scoring with explosive straight‑line drives (stylistic, not ceiling).
Secondary Echo Cluster (Role + Scalability)
• 	⭐ Kelly Oubre Jr. (Kansas) — athletic scoring wing with defensive tools and streak scoring.
• 	⭐ Josh Jackson (Kansas) — slashing, transition pressure, and defensive activity with evolving polish.
Modern Contextual Echoes
• 	⭐ Cam Whitmore — power‑wing athlete with straight‑line scoring and physical finishing.
• 	⭐ Isaac Okoro — defensive versatility, strength, and low‑maintenance offensive value.
Throughline: Yessoufou aligns with power‑athlete wings whose value comes from strength, verticality, and defensive versatility, with long‑term upside tied to handle refinement, pacing, and perimeter shooting development.
"
21,Coen Carr,20,Gold,"6'6""",225,SF,"6'10""",Michigan St.,,ModalKey-Carr,Elite athlete with explosive leaping ability and a nonstop motor. Thrives in transition and brings real defensive versatility. Continues to expand his offensive game while maintaining his high‑impact energy.,"Coen Carr is an explosive, high‑energy forward whose game is defined by elite athleticism, motor, and defensive versatility. He plays above the rim with ease, generating momentum‑changing plays as a cutter, transition finisher, and offensive rebounder. His physical tools allow him to guard multiple positions, switch onto smaller players, and provide weak‑side rim protection. Carr’s offensive skill set is still developing, but he shows flashes as a straight‑line driver and connective passer. His jumper remains a swing skill, yet his impact doesn’t rely on high‑volume scoring — he influences games through effort, activity, and defensive disruption. As his handle and shooting continue to progress, he projects as a dynamic, high‑impact role player with real upside in systems that value athleticism, energy, and defensive versatility.","Name: Coen Carr
Badge Tier: Gold
Team: Michigan State
Height/Weight: 6'6, 230 lbs
Wingspan: 6'10

","Carr’s spatial feel is built around his elite verticality and timing as a cutter. He recognizes when defenders turn their head and immediately attacks open lanes, creating high‑efficiency opportunities without needing the ball. His off‑ball spacing is simple but effective — he stays active, stays out of traffic, and positions himself to punish overhelp. In transition, he reads angles instinctively and fills lanes with purpose",,"Carr brings high‑end defensive energy with the explosiveness to cover ground quickly and contest above the rim. He pressures the ball, jumps passing lanes, and recovers instantly when beaten. His physical tools allow him to guard multiple positions, and his activity level consistently disrupts opposing actions. A true play‑impact defender whose motor elevates his value.","Carr’s tendencies are shifting toward an athletic play‑finisher archetype, with more of his possessions coming from cuts, transition lanes, and opportunistic scoring rather than structured creation. His role is clarifying as a high‑energy wing who influences possessions through movement and vertical pressure rather than on‑ball initiation.","Carr carries a moderate‑to‑high risk profile tied to offensive skill development and the translation of his elite athleticism into consistent half‑court value. The tape shows explosive vertical finishing, transition dominance, and disruptive defensive flashes, but also long stretches where limited shooting gravity and a narrow creation package restrict his impact. His outcome risk is driven by how much his current tools can scale when defenses shrink the floor and force him into decision‑making and skill windows that aren’t yet strengths, making his projection highly context‑dependent.","Carr has embraced Michigan State’s demands for defensive versatility and high‑energy play, channeling his athleticism with more purpose as the season unfolds. He’s shown real progress in timing his cuts, choosing better moments to attack, and staying within spacing principles rather than drifting into congestion. His defensive engagement remains a strength — he’s more disciplined in rotations and less prone to chasing blocks out of structure, reflecting improved scheme awareness. Offensively, he’s becoming more receptive to simplifying decisions, especially as a straight‑line driver and connective passer. The next step is sustaining focus in half‑court execution and continuing to refine shot selection, but his competitiveness, willingness to adjust, and upward trend in discipline point toward a player who internalizes coaching and elevates team energy.","Carr’s shot quality is extremely role‑dependent. His best looks come from transition dunks, cuts, and offensive rebounds — all high‑value attempts. His shot quality drops sharply when forced into half‑court creation or perimeter shooting, where contested or low‑percentage attempts appear. Creation difficulty is low, but shot diet is narrow.
","Closest Echo: ⭐ Gerald Wallace (Alabama) — the cleanest match in violent athleticism, defensive range, transition pressure, and activity‑driven impact.
Carr fits the lineage of hyper‑athletic, high‑motor forwards who generate value through vertical pop, defensive versatility, and transition dominance while developing half‑court polish over time.
Primary Echo Cluster (Functional + Developmental)
• 	⭐ Gerald Wallace (Alabama) — explosive verticality, defensive chaos creation, and relentless motor.
• 	⭐ Darius Miles (East St. Louis HS) — long, fluid, explosive forward with transition dominance.
• 	⭐ Justise Winslow (Duke) — strength, defensive switchability, and connective play flashes.
Secondary Echo Cluster (Role + Scalability)
• 	⭐ Derrick Jones Jr. — vertical rim pressure, defensive versatility, and low‑usage offensive fit.
• 	⭐ Corey Brewer (Florida) — rangy defender with transition scoring and activity‑driven value.
Modern Contextual Echoes
• 	⭐ Aaron Gordon — elite vertical athlete with scalable defense and opportunistic scoring.
• 	⭐ Jaden McDaniels — rangy defender with slashing flashes and evolving offensive polish.
Throughline: Carr aligns with explosive, activity‑driven forwards whose value comes from verticality, defensive versatility, and transition pressure, with long‑term upside tied to half‑court skill development."
22,JT Toppin,20,Gold,"6'9""",210,PF,"7'1""",Texas Tech,,ModalKey-Toppin,"Veteran transfer who exploded onto the national scene after a dominant freshman year at New Mexico and a seamless transition to Texas Tech; Toppin earned Big 12 Player of the Year honors and consensus All‑American recognition before the 2025–26 season, and he’s carried that momentum into a primary‑option role for the Red Raiders.","JT Toppin is an active, explosive frontcourt piece whose game is built on mobility, timing, and a natural instinct for making high‑value plays around the rim. At Texas Tech he brings a dynamic interior presence, using his quickness and vertical pop to finish lobs, clean up misses, and pressure the paint without needing touches drawn up for him. His coordination stands out — he moves fluidly in space, runs the floor with purpose, and has the body control to finish through traffic or elevate in tight windows. The offensive value comes from efficiency and activity rather than self‑creation, giving him a scalable foundation in modern systems.

His possession impact shows up in how consistently he creates easy points and extends possessions. He screens with intent, dives hard, and forces rotations that open clean reads for teammates. He’s comfortable operating as a short‑roll decision‑maker, keeping the ball moving and maintaining tempo. His motor is a real differentiator — he’s constantly cutting, crashing, and staying available as a pressure point, which makes him easy to pair with guards who want vertical spacing and reliable energy.

Defensively, his length, mobility, and timing give him real versatility. He can slide with forwards, contest at the rim, and disrupt actions with quick rotations and second‑effort plays. As his strength and processing continue to develop, he projects as a high‑impact, scalable modern big who brings energy, rim protection, and efficient finishing to a wide range of lineup constructions.
His brother Obi is currently an Indiana Pacer.","Name: JT Toppin
Badge Tier: Gold
Team: Texas Tech
Height/Weight: 6'9, 230 lbs
Wingspan: 7'1

","Toppin shows advanced spatial awareness for a young big: he times cuts to the rim, finds the dunker spot on transition, and spaces himself intelligently on the weak side to open driving lanes. In pick‑and‑roll actions he reads drop coverage versus roll hard, often settling for high‑value short‑roll finishes or quick kickouts rather than forcing contested post touches. His movement without the ball creates easy scoring windows for teammates and himself.",,"Toppin is an active rim protector and interior deterrent who alters shots and recovers quickly to the weak side. He combines mobility with timing to block and contest at the rim while still being able to hedge and recover in pick‑and‑roll coverages. His block and rebound rates have been among the conference leaders, reinforcing his two‑way impact at the college level.","Now a high‑usage, rim‑oriented two‑way forward with developing face‑up skills. Upside paths: (A) Stretch 4/5 — adds consistent midrange/three‑point touch and becomes a multi‑positional scorer; (B) Defensive anchor — leans into rim protection and pick‑and‑roll deterrence while remaining a lob/roll finisher. The most likely near‑term outcome is a primary interior scorer who can defend multiple frontcourt roles.",Medium: durability and perimeter polish are the main concerns. He must prove consistent shooting from distance and maintain conditioning across a heavier pro schedule. Turnover rate and foul management in high‑usage minutes are watch items.,"Toppin plays with the confidence and clarity of a veteran who understands exactly how his game fits within Texas Tech’s system. His year‑over‑year growth reflects strong responsiveness to coaching — sharper timing as a roller, more disciplined defensive positioning, and improved decision‑making when operating as a primary option. He’s embraced expanded responsibility without sacrificing efficiency, showing a mature grasp of when to assert himself and when to keep the offense flowing. Defensively, he’s more consistent in communication and rotations, applying coaching points with fewer lapses than earlier in his career. His reliability, competitiveness, and ability to elevate team structure make him one of the more coachable veteran forwards in the class.","High‑value shot diet: finishes at the rim, short‑roll jumpers, and putbacks. Efficient on catch‑and‑finish opportunities; needs to expand reliable face‑up shooting to force defenses to guard him away from the rim.","Closest Echo: Jaren Jackson Jr. — rim protection and switchability with developing perimeter touch.
Bam Adebayo — defensive anchor instincts and playmaking from the short roll.
Pascal Siakam — motor, versatility, and ability to score in multiple ways."
23,Alijah Arenas,18,Gold,"6'5""",185,SG,"7'0""",USC,,ModalKey-Arenas,"Skilled scoring wing with length, touch, and natural shot‑making instincts. Comfortable creating his own offense and finding clean looks from multiple spots on the floor. Once healthy, he projects as a versatile perimeter threat.","Currently sidelined for the season, Alijah Arenas is still and high  on our board as a long, confident scoring wing whose game is built on rhythm, touch, and a natural ability to generate offense from multiple levels. He plays with a smooth, composed tempo, using his handle and pacing to get defenders off balance and flow into pull‑ups, floaters, or controlled drives. His length gives him access to clean shooting windows, and he’s comfortable rising into jumpers even when the floor is tight. The scoring instincts are advanced — he reads space well, understands how to manipulate angles, and carries himself like a player who expects to create advantages.

His possession impact comes from how easily he toggles between on‑ball creation and off‑ball scoring. He can initiate when needed, attack second‑side gaps, or operate as a movement shooter who bends coverage simply by being active. His feel for timing — relocating, cutting, staying shot‑ready — makes him scalable next to other creators, and he doesn’t require a high‑usage runway to influence the flow of a game.

Defensively, his length and mobility give him real potential. He can slide with wings, contest with reach, and disrupt actions when he’s engaged. As his strength and decision‑making continue to mature, he projects as a versatile scoring wing with long‑term two‑way upside and a modern, scalable perimeter profile. Hopes are he makes better locker room decisions than his legendary father.
","Name: Alijah Arenas
Badge Tier: Gold
Team: USC
Height/Weight: 6'6, 195 lbs
Wingspan: 7'0

","Arenas’ spatial feel is built around his scoring instincts — he’s comfortable operating in tight spaces, finding angles to get to his pull‑up, and using his length to create separation. His off‑ball spacing can drift at times, but when he’s engaged, he finds workable pockets on the wing and baseline. Most of his reads are scoring‑first, but he shows enough awareness to recognize collapsing help and make simple kickouts.",,"The tools are real: length, frame, and the ability to absorb contact without getting dislodged. His defensive tape shows a wing who can contest and recover when engaged, using his reach to bother shots. Lateral quickness is still developing, and screen navigation remains inconsistent, but the foundation is there for a multi‑positional defender once he regains full health and conditioning.",,"Arenas carries a moderate‑to‑high risk profile tied to shot selection, efficiency swings, and the variability that comes with a young scorer still calibrating decision‑making. The tape shows real scoring instincts and confidence, but also periods where contested jumpers and forced drives reduce possession quality. His outcome risk is tied to how consistently he can generate efficient offense without leaning into low‑percentage attempts, especially as defensive attention increases.","Because Arenas is sidelined, his coachability read is built from pre‑injury habits, developmental trajectory, and how his game projects within structure. His film shows a scorer who plays with composure, understands spacing, and adjusts his attack angles based on help — indicators of a player who processes feedback and applies it in real time. His off‑ball timing, relocation instincts, and willingness to flow into secondary actions suggest strong scalability next to other creators. The next step, once healthy, will be demonstrating consistent defensive engagement and decision‑making within team concepts. His scoring instincts and feel give him a strong foundation to integrate coaching direction effectively when he returns.
","Arenas’ shot quality is inconsistent due to tough‑shot selection and a scoring approach that leans into contested jumpers. His best looks come from catch‑and‑shoot threes and straight‑line drives; his worst from forced pull‑ups and early‑clock attempts. Creation difficulty is high relative to efficiency.
","Closest Echo: ⭐ DeMar DeRozan (USC) — the cleanest match in slashing style, mid‑range touch, physical scoring, and long‑lever athleticism.
Arenas fits the lineage of power‑slashing scoring wings who generate value through physical drives, mid‑range craft, and athletic finishing while developing pacing, decision‑making, and perimeter consistency.
Primary Echo Cluster (Functional + Developmental)
•         ⭐ DeMar DeRozan (USC) — long‑lever slashing, mid‑range scoring, and physical finishing.
•         ⭐ Terrence Ross (Washington) — athletic scoring wing with three‑level flashes and vertical pop.
•         ⭐ R.J. Barrett (Duke) — strength‑based slashing, mid‑range comfort, and scoring versatility.
Secondary Echo Cluster (Role + Scalability)
•         ⭐ Kelly Oubre Jr. (Kansas) — athletic scoring wing with defensive tools and streak scoring.
•         ⭐ Josh Jackson (Kansas) — slashing, transition pressure, and defensive activity with evolving polish.
Modern Contextual Echoes
•         ⭐ Cam Whitmore — power‑athlete wing with straight‑line scoring and physical finishing.
•         ⭐ Jalen Green — vertical pop, slashing, and rhythm scoring in modern spacing.
Throughline: Arenas aligns with long, athletic scoring wings whose value comes from slashing, mid‑range touch, and physical finishing, with long‑term upside tied to handle refinement, pacing, and perimeter shooting development.
"
24,Dash Daniels,18,Gold,"6'6""",200,PG,"6'10""","Melbourne United (NBL Next Stars, Australia)",,ModalKey-Daniels,Smooth guard with strong feel and a balanced approach to scoring and facilitating. Plays under control and makes sound decisions with the ball. Brings poise and versatility to any backcourt.,"Dash Daniels is a smooth, confident lead guard whose game is built on pace control, shooting versatility, and a natural feel for orchestrating offense. He plays with composure, rarely sped up, and uses a polished handle to navigate ball screens and create advantages. His jumper is a real weapon — comfortable off the catch, off movement, and off the dribble, with range that forces defenses to extend. Daniels reads the floor well, making timely passes and keeping the offense organized without overhandling. Defensively, he competes with discipline, using anticipation and positioning to offset physical limitations. His poise, shooting gravity, and decision‑making give him a scalable guard profile. Continued strength development and defensive consistency will shape his long‑term ceiling, but the foundation is that of a skilled, steady lead guard who elevates team structure.","Name: Dash Daniels
Badge Tier: Gold
Team: Melbourne United (NBL Next Stars)
Height/Weight: 6'6, 198 lbs
Wingspan: 6'10
","Daniels plays with a calm, controlled sense of spacing, rarely rushing into traffic. He probes until a defender commits, then uses his handle to shift into open lanes. Off‑ball, he positions himself intelligently to maintain spacing and create natural driving lanes for teammates. His timing on cuts and relocations is sharp, and he processes help rotations quickly for a young guard.",,"Daniels defends with poise and discipline, using his length to bother ball handlers and shrink passing angles. He navigates screens well and maintains balance when guarding in space. Off the ball, he anticipates actions early and positions himself to help without overcommitting. A steady, intelligent defender who fits cleanly into multiple schemes","Daniels’ archetype has drifted toward a balanced guard‑connector role, emphasizing decision‑making, ball movement, and efficient scoring. His poise and versatility have shifted him away from a pure scoring guard identity and toward a stabilizing backcourt presence. The trend reflects his adaptability within structured offenses.","Daniels carries a relatively low risk profile, with tape and early‑season numbers showing steady decision‑making, balanced shot selection, and a role that avoids high‑volatility possessions. His efficiency dips slightly when asked to scale up creation, but his poise and discipline stabilize his floor. His outcome risk is tied primarily to usage scalability rather than inconsistency or volatility.","Daniels has adapted smoothly to the NBL’s physicality and pace, showing a steady ability to absorb structure and translate coaching points into cleaner reads. His possession management has sharpened as the season progresses — he’s more deliberate in how he manipulates ball screens, more selective with pull‑ups, and more consistent in keeping the offense organized without overhandling. He shows a clear willingness to adjust his approach based on lineup context, toggling between facilitator and scorer without losing rhythm. Defensively, he’s become more disciplined with positioning and timing, reflecting improved understanding of team concepts. Continued growth in strength and sustained defensive assertiveness will elevate his reliability, but his poise, adaptability, and film‑to‑floor translation signal a guard who responds well to coaching and thrives within structure.",," **Closest Echo:** ⭐ **Jamal Murray (Kentucky)** — the cleanest match in pacing, pull‑up craft, combo‑guard scoring instincts, and off‑ball/on‑ball interchangeability.

Daniels fits the lineage of **combo guards** who blend scoring, pacing, and secondary playmaking, thriving in systems that allow toggling between advantage creation and off‑ball spacing.

### **Primary Echo Cluster (Functional + Developmental)**  
- ⭐ **Jamal Murray (Kentucky)** — pacing, pull‑up craft, and multi‑context scoring.  
- ⭐ **Tyrese Maxey (Kentucky)** — speed changes, slashing, and efficient scoring without overhandling.  
- ⭐ **Austin Rivers (Duke)** — rhythm‑based creation and confident three‑level scoring.

### **Secondary Echo Cluster (Role + Scalability)**  
- ⭐ **Immanuel Quickley (Kentucky)** — combo‑guard scoring with defensive engagement and off‑ball value.  
- ⭐ **Jordan Poole (Michigan)** — streak scoring, pull‑up range, and rhythm‑driven creation.

### **Modern Contextual Echoes**  
- ⭐ **Jalen Williams (Santa Clara)** — pacing, slashing, and multi‑platform scoring in modern spacing.  
- ⭐ **Bones Hyland** — confident shot‑making and microwave scoring in second‑unit contexts.

**Throughline:** Daniels aligns with combo guards who scale through pacing, pull‑up craft, and multi‑level scoring, with long‑term value tied to defensive consistency and decision‑making refinement.

"
25,Dame Sarr,19,Gold,"6'5""",185,SG/SF,"6'10""",Duke,,ModalKey-Sarr,"Italian freshman wing at Duke with pro seasoning from FC Barcelona. Early ACC flashes show a confident scoring wing who spaces the floor, competes defensively, and brings international polish to a young Blue Devils rotation.","At Duke, Sarr has carved out value through physicality, defensive engagement, and a willingness to impact possessions without needing offensive volume. His presence is felt through effort, strength, and competitiveness, particularly in moments where defensive intensity or lineup balance is required. He plays with purpose, rarely drifting through possessions, and consistently brings energy on both ends.

Offensively, Sarr’s value is still consolidating, but he has shown encouraging comfort attacking advantages when they present themselves. He plays decisively with the ball, keeping actions simple and avoiding wasted dribbles, and has flashed the ability to finish through contact or convert opportunistic looks. As his offensive confidence continues to grow, his ability to contribute without disrupting spacing or flow becomes increasingly important.

Defensively, Sarr provides real on-ball pressure and physical resistance on the perimeter. He competes through contact, stays engaged across assignments, and uses his strength to contain drives and challenge ball handlers. His defensive reliability gives him a clear pathway to staying on the floor as his offensive role continues to take shape.

Overall, Sarr profiles as a wing whose early value is driven by defense, effort, and physical presence, with offensive growth representing the primary swing area. His two-way foundation and competitive edge give him a scalable role as his game continues to round out.","Name: Dame Sarr
Badge Tier: Gold
Team: Duke
Height/Weight: 6'8, 190 lbs
Wingspan: 6'10

","Sarr plays with a patient, composed rhythm, rarely rushing decisions. He understands how to find soft spots in the defense, especially as a floor-spacer and secondary handler. His off-ball movement is purposeful — he relocates well after passes and times his cuts to exploit defensive lapses. Still learning how to manipulate defenders with fakes and pacing, but the foundation is strong.",,"Active and instinctive defender with the tools to guard 2–4. Uses his 6'10 wingspan to disrupt passing lanes and contest shots without fouling. Shows flashes of switchability and help-side awareness, though he can lose focus off-ball. When locked in, he’s a plus defender who can guard multiple actions in a single possession.","Currently tracks as a 3-and-D wing with secondary scoring upside. If the handle tightens and the shot creation improves, he could drift toward a more dynamic scoring role. If not, he still projects as a valuable two-way wing who complements stars and thrives in modern spacing schemes.","Carries himself with poise and professionalism, likely shaped by his European development path. Doesn’t force the issue and plays within the system. Still adjusting to the physicality and pace of the ACC, but shows signs of emotional control and coachability.","Sarr’s prior professional experience shows in how seamlessly he’s integrated into Duke’s system. He processes spacing concepts quickly, adjusts his role based on lineup needs, and rarely forces possessions — all indicators of a player accustomed to tactical structure. His defensive discipline has improved steadily, with better timing in rotations and a willingness to take on physical matchups despite still adding strength. Offensively, he’s applied coaching points around shot selection and movement timing, becoming more decisive as a catch‑and‑shoot threat and secondary attacker. As he continues refining decision‑making under pressure, he projects as a wing who blends international polish with strong adaptability and coachable habits.","Prefers catch-and-shoot threes and straight-line drives. Mechanics are clean and repeatable, though his release can be a touch slow under pressure. Doesn’t yet create much off the bounce, but he’s efficient when set. Shot diet is clean — mostly open looks and rhythm jumpers — with room to expand into midrange and floater territory.","Closest Echo: Andrew Wiggins — the most direct parallel, capturing Sarr’s athletic scoring wing profile, perimeter upside, and defensive versatility when engaged.
Nicolas Batum — mirrors his length, feel, and ability to impact games without dominating the ball.
Tim Hardaway Jr. — reflects his streaky but confident shooting and ability to space the floor in complementary lineups."
26,Donnie Freeman,19,Gold,"6'9""",215,PF,"7'1""",Syracuse,,ModalKey-Freeman,"Veteran Syracuse forward who stepped into a featured role after a productive freshman campaign and is producing at a high clip early in 2025–26. Averaging ~17.8 PPG and 6.0 RPG in the current sample, Freeman blends interior scoring, free‑throw reliability, and positional length that translate well to pro timelines. Missed 9 games with injjury*","Though he started the season injured Freeman has come back with a force. Donnie Freeman is a long, mobile forward whose game is built on fluid movement, touch, and a natural sense for finding advantages within the flow of a possession. At Syracuse he brings a versatile frontcourt presence, using his coordination and stride length to attack in straight lines, finish with soft touch, and operate comfortably as a face‑up threat. His scoring comes from a blend of mid‑range feel, opportunistic drives, and the ability to finish plays created by guards. He plays with a smooth, composed tempo that lets him slip into space rather than force his way into traffic.

His possession impact shows up in how seamlessly he fits into different offensive structures. He screens with intent, cuts with timing, and makes quick, simple reads that keep the ball moving. He doesn’t need a high‑usage runway to matter — he can attack second‑side rotations, operate as a connective passer, or space the floor as a catch‑and‑shoot option as his jumper continues to develop. His activity level and willingness to stay engaged make him easy to pair with creators who want reliable movement and decision‑making around them.

Defensively, his length, mobility, and anticipation give him real versatility. He can slide with wings, contest at the rim, and disrupt actions with timely rotations and second‑effort plays. As his strength and processing continue to mature, he projects as a scalable, modern forward who brings two‑way value and fits cleanly into a wide range of lineup constructions.
.","Name: Donnie Freeman
Badge Tier: Gold
Team: Syracuse
Height/Weight: 6'9, 220 lbs
Wingspan: 7'1

","Freeman shows advanced spatial awareness for his age: he finds the dunker spot in transition, spaces the floor on kickouts, and times cuts to exploit help rotations. His shot selection favors high‑value attempts — finishes at the rim and short‑range pullups — and he rarely clogs driving lanes, which helps team ball movement and spacing.",,"Uses length and timing to contest shots and rebound effectively; early season metrics show above‑average block/contest rates for his minutes. He defends the rim without fouling excessively and shows the lateral quickness to recover in help rotations, though strength and post defense against heavier bigs remain areas to monitor.","Current Drift:
Trending toward a rangy, activity‑driven forward who impacts possessions with mobility, length, and opportunistic scoring. His habits — sprinting the floor, cutting behind defenders, and rotating early — pull him toward a modern energy‑forward archetype.
Potential Drift:
If the jumper stabilizes and he becomes more assertive as a handler, he drifts toward a face‑up scoring 4. If not, he remains closer to a switchable, high‑motor 4/5 hybrid who thrives on movement and defensive activity.
Stabilizers:
• 	Shooting confidence
• 	Physical strength
• 	Consistency as a weak‑side defender","Strength and durability across a pro schedule are the primary concerns; turnover management and creation against elite defenders will determine ceiling. His shooting percentages and free‑throw reliability mitigate some risk, but physical projection needs confirmation","Freeman has built on last season’s foundation with sharper execution and a more assertive offensive approach, reflecting strong buy‑in to Syracuse’s expanded expectations for him. He’s shown improved pacing in his face‑up game, better recognition of help, and more consistent discipline in defensive rotations — all indicators of year‑over‑year growth. His ability to maintain efficiency while taking on a featured scoring role speaks to his understanding of shot quality and possession value. After returning from injury, he’s reintegrated smoothly, staying within structure and avoiding the over‑pressing that often shows up in young forwards coming back from time off. His maturity, adaptability, and steady improvement point toward a player who applies coaching direction and scales responsibility without losing reliability.","High‑value shot diet: rim finishes, short‑roll jumpers, and free throws. Efficient FG% near 50% and solid FT% (~80%) indicate smart shot selection and finishing touch; expanding reliable perimeter range would materially raise his offensive ceiling.
","Closest Echo: Pascal Siakam — motor, versatility, and multi‑way scoring instincts.
Bam Adebayo — defensive IQ and short‑roll playmaking.
Jaren Jackson Jr. — rim protection instincts and stretch potential."
27,Malachi Moreno,18,Gold,"6'11""",230,C,"7'3""",Kentucky,,ModalKey-Moreno,"Moreno is a long, mobile 7‑footer with real rim protection instincts and a developing offensive identity. He plays with a calm, steady presence — not a high‑flash big, but one who impacts the game through positioning, timing, and simple, repeatable actions. His touch around the rim and defensive discipline give him a scalable floor, and the frame/mobility combo hints at more long‑term upside if the offensive skill set continues to expand.","Malachi Moreno is a long, mobile big whose game is built on timing, touch, and a natural feel for controlling space on both ends of the floor. At Kentucky he brings a poised interior presence, using his length and coordination to finish around the rim, operate as a lob target, and convert plays created by guards without needing a heavy diet of post touches. His movement is smooth for his size — he runs the floor, changes ends with purpose, and has the body control to finish through traffic or elevate in tight windows. The touch indicators are real, giving him a foundation that can expand as his face‑up game continues to develop.

His possession impact shows up in how consistently he creates easy points and stabilizes offensive structure. He screens with intent, dives hard, and forces rotations that open clean reads for teammates. He’s comfortable making simple decisions in the short roll, keeping the ball moving and maintaining tempo. He doesn’t require a scripted runway to matter; his value comes from efficiency, activity, and the ability to pressure the rim without hijacking possessions.

Defensively, his length, mobility, and timing give him real upside. He can contest at the rim, slide with forwards in space, and disrupt actions with well‑timed rotations. His instincts as a shot‑contester and rebounder allow him to anchor stretches without overextending. As his strength and processing continue to mature, he projects as a scalable, modern big who brings rim protection, efficient finishing, and lineup‑friendly versatility to a wide range of systems.
","Name: Malachi Moreno
Badge Tier: Silver
Team: Kentucky
Height/Weight: 7'0, 250 lbs
Wingspan: 7'3

","Moreno understands vertical spacing and uses it well. He doesn’t clog driving lanes, stays available as a lob or dump‑off target, and positions himself cleanly in the dunker spot without drifting too high or too deep. His timing on short rolls is still developing, but he reads the second defender well enough to avoid turnovers and keep the ball moving.
Defensively, his spatial awareness is ahead of most young bigs. He shades drivers into his length, stays between ball and rim, and rarely overcommits on fakes. His ability to maintain verticality without fouling is a real strength. The area still growing is his recognition of weak‑side rotations — he can be a beat late sliding over when the ball swings quickly, but the instincts are there.",,"Moreno’s defensive value starts with rim protection and discipline. He stays vertical, times contests well, and doesn’t chase blocks out of his area. His length forces adjustments even when he doesn’t touch the ball. He’s comfortable absorbing contact and finishing possessions with two‑hand rebounds.
In ball screens, he’s most effective in drop — he maintains depth, keeps the ball in front, and uses his reach to contest late. He can play at the level in short bursts, but extended high‑hedge or switch schemes expose his lateral limitations.
Weaknesses:
• 	Recovery speed when pulled away from the rim
• 	Occasional hesitation on weak‑side rotations
• 	Needs to communicate more consistently as the back‑line anchor
But the foundation — size, timing, discipline — is strong and projectable.",,"Moreno’s risk centers on mobility and offensive versatility. The rim protection and touch are real, but if he struggles to defend in space or gets targeted in ball screens, his role narrows. Offensively, he’s a finisher — not a creator — so his value depends on guards who can generate advantages. There’s no concern about effort or discipline; the question is whether he can handle the speed and complexity of higher‑level actions without being schemed off the floor. The floor is stable, but the ceiling depends on how much he can expand his reads and movement.","Moreno has adapted well to Kentucky’s demands for discipline, physicality, and interior reliability. He plays with a calm, steady presence that reflects strong responsiveness to coaching — maintaining positioning, contesting without fouling, and making simple, repeatable decisions in short‑roll or dunker‑spot actions. His timing as a rim protector has sharpened as the season progresses, and he’s shown a willingness to embrace low‑touch, high‑impact responsibilities. Offensively, he’s becoming more decisive with his finishes and more aware of spacing cues, avoiding the drifting or hesitation common in young bigs. As his strength and processing speed continue to develop, he projects as a coachable, scalable center who integrates structure without needing offensive volume.
","Moreno’s best shots come from rolls, seals, dump‑offs, and putbacks — all high‑efficiency, low‑dribble actions. His touch is soft enough that he converts through contact, and he doesn’t force attempts outside his comfort zone. Lower‑value shots appear when he’s pushed into post isolations or midrange looks, which don’t bend the defense and aren’t natural parts of his game. His offensive profile is strongest when tied to screening actions, dives, and opportunistic finishes rather than self‑creation","Closest Echo: Walker Kessler — disciplined rim protector with efficient, low‑maintenance offense.
Jakob Poeltl — screen‑and‑finish big with positional defense and touch.
Kel’el Ware (role similarity) — length‑driven rim deterrence with simple offensive usage."
28,Kingston Flemings,18,Gold,"6'4""",190,PG,"6'6""",Houston,,ModalKey-Flemings,"Freshman point guard at Houston from San Antonio, already emerging as a primary playmaker. Early-season production (17.3 PPG, 5.3 APG through opening games) and high-efficiency shooting mark him as a ready-made college lead guard with pro-level burst and defensive instincts.","Kingston Flemings is a quick, confident lead guard whose game is built on pace, creativity, and the ability to generate advantages in tight spaces. At Houston he brings a dynamic perimeter presence, using his burst and change‑of‑direction to get downhill, collapse defenses, and flow into pull‑ups or touch finishes. His handle is tight and purposeful, giving him access to multiple scoring windows without needing excessive dribble volume. He plays with a natural sense of rhythm — speeding up, slowing down, and manipulating angles to keep defenders off balance.

His possession impact comes from how comfortably he toggles between scoring and facilitating. He can initiate sets, attack second‑side rotations, or play off another creator while maintaining efficiency. His willingness to make early reads, hit the simple pass, and stay active off the ball makes him easy to pair with high‑usage guards. He doesn’t need a scripted runway to matter; his value comes from pressure creation, tempo control, and the ability to keep an offense connected.

Defensively, his quickness, anticipation, and competitiveness allow him to stay attached to guards and disrupt actions at the point of attack. As his strength and decision‑making continue to mature, he projects as a dynamic, scalable lead guard who brings pace, creativity, and two‑way potential to modern backcourt constructions.
","Name: Kingston Flemings
Badge Tier: Gold
Team: Houston
Height/Weight: 6'4, 190 lbs
Wingspan: 6'6

","Reads spacing and timing well for his age. Finds the pocket in pick-and-rolls, times drives to collapse help, and delivers accurate early kickouts. Shows advanced lane awareness in transition and consistently locates open teammates. Still refining reads against complex zone coverages and late-clock scramble situations.",,"Quick, disruptive on-ball defender with the lateral agility to contest closeouts and recover to the rim. Capable of guarding 1–2; uses length and timing to generate steals and deflections. Needs to add strength to consistently finish through contact and to avoid being bullied by bigger guards in prolonged drives.","Currently a scoring/pace-first lead guard with playmaking upside. If his shot creation and playmaking polish increase, he could drift toward a full-time lead initiator archetype. If not, he projects as a high-impact two-way scoring guard who thrives in transition and late-clock attacking roles.","Moderate risk. Upside is high given explosiveness and decision-making, but durability, shot-creation against elite defenses, and finishing through contact are open questions. Turnover control under pressure and three-point consistency will determine long-term ceiling.","Flemings has adapted quickly to Houston’s demanding guard standards, showing a rare blend of early‑season poise, pace control, and competitive edge. He’s been highly receptive to coaching around shot selection, ball‑screen reads, and defensive discipline — evident in how he’s tightened his decision‑making and embraced physical assignments. His ability to balance scoring with playmaking at a young age reflects strong processing and a willingness to adjust based on game flow. Defensively, he’s shown consistent buy‑in, using his burst and anticipation to stay attached and disrupt actions. As he continues learning how to manage tempo against high‑major defenses, he projects as a freshman guard who absorbs structure quickly and scales responsibility without losing efficiency.
","Efficient at the rim and in pull-up midrange; excellent at attacking closeouts and converting floaters. Catch-and-shoot three looks are improving but still inconsistent in volume. Prefers high-value attempts (drives, rim finishes, open catch threes) and rarely forces low-quality shots when in rhythm.","Closest Echo: De’Aaron Fox — speed, downhill scoring, and primary-creation instincts.
Ja Morant — explosiveness and playmaking flair in transition.
Derrick White — defensive instincts and ability to make high-IQ plays in late-clock scenarios."
29,Braylon Mullins,19,Gold,"6'6""",196,SG/SF,"6'8""",UConn,,ModalKey-Mullins,"Mullins is a high‑upside scoring wing with deep shooting range, quick processing, and natural confidence as a perimeter threat. His ability to hit shots off movement and operate in pace‑and‑space systems gives him immediate rotational value once fully healthy.","Braylon Mullins is a young, dynamic, shot‑making wing whose game is built on pace, confidence, and the ability to generate offense without needing a heavy creation load. At UConn he fits the exact archetype the program thrives with — a versatile perimeter scorer who can space the floor, attack closeouts, and play within a structured, read‑and‑react system. His jumper is the anchor: clean mechanics, deep range, and the ability to get it off quickly from a variety of footwork bases. He’s comfortable shooting off movement, relocations, and one‑to‑two‑dribble pull‑ups, which gives UConn a real spacing weapon.
His possession impact comes from how decisively he plays. Mullins doesn’t overdribble — he catches, reads, and goes. He attacks tilted defenses with straight‑line drives, uses his body well to shield defenders, and finishes with touch. He’s not a primary creator, but he’s an elite advantage converter: when the ball swings his way, he either shoots it, drives it, or moves it immediately. That decisiveness keeps the offense on schedule and amplifies the value of UConn’s ball‑movement structure.
Defensively, Mullins competes with intent. He has the length and mobility to guard wings, stays connected on the perimeter, and rotates on time. He’s not a pure stopper yet, but he’s disciplined, avoids unnecessary risks, and fits cleanly into a team‑defense scheme. His motor and awareness allow him to make multiple efforts in a single possession, and he has the tools to guard up or down a position depending on matchups.
Long‑term, Mullins profiles as a modern scoring wing — shooting gravity, straight‑line slashing, and enough defensive reliability to stay on the floor in high‑leverage lineups. His game scales because it’s built on efficiency, decisiveness, and skills that translate across systems.","Name: Braylon Mullins
Badge Tier: Silver
Team: UConn
Height/Weight: 6'6, 196 lbs
Wingspan: 6'8

","Mullins understands how to operate within modern spacing, relocating fluidly around drives and using screens to generate clean looks. He reads closeouts well and attacks in straight lines when defenders overcommit. Defensively, he positions himself intelligently but still needs reps to handle physical contests and maintain discipline in rotations.",,"Mullins brings length, mobility, and active hands, giving him defensive upside as he adds strength. He competes on the perimeter and can pressure ballhandlers, though physical wings can displace him. His defensive projection depends on improved strength, rotational consistency, and the ability to absorb contact without losing balance.","Current Drift:
A movement shooter and scoring wing who thrives in pace‑and‑space environments.
Potential Drift:
If strength and finishing improve, he drifts toward a versatile scoring wing who can attack closeouts and defend multiple positions. If not, he settles into a specialist shooter role with secondary scoring value.
Stabilizers:
• 	Strength development
• 	Defensive discipline
• 	Shooting volume and consistency","Mullins’ risks center on strength, finishing through contact, and defensive physicality. His game currently leans heavily on shooting and movement — if the shot dips or he struggles against high‑major athletes, his role narrows. Continued development in strength and defensive reads is essential for scalability.","Mullins has shown strong early buy‑in to UConn’s pace‑and‑space structure, playing with the decisiveness and confidence of a young wing who understands how to apply his strengths without forcing possessions. His coachability shows in how quickly he’s adapted to college spacing, defensive physicality, and the timing required to operate as a movement shooter. He relocates on time, steps into shots cleanly, and keeps the ball moving when defenders chase him off the line.
Defensively, he competes with intent. His length allows him to stay disruptive, and he’s shown improving discipline in rotations and closeouts as he gains reps. He processes actions quickly — a trait that translates on both ends — and he rarely looks sped up even when pressured.
Mullins’ blend of shooting touch, processing speed, and early system discipline gives him a scalable developmental arc as a modern perimeter scorer.","Mullins’ best shots come from movement threes, spot‑ups, transition pull‑ups, and straight‑line drives off hard closeouts. He’s efficient when shooting in rhythm or attacking space. Efficiency dips on contested finishes and off‑dribble jumpers against length. Keeping his usage tied to movement and spacing maximizes his impact.","Closest Echo: Ben Gordon — movement shooting, quick processing, and off‑ball scoring value.
Jordan Clarkson — confident scoring guard with microwave potential and shot‑creation flashes.
Jason Terry — off‑ball scoring guard who thrives in pace and spacing with deep range."
30,Isaiah Evans,20,Gold,"6'7""",175,SG/SF,"6'9""",Duke,,ModalKey-Evans,"Long scoring wing with smooth shooting mechanics and confidence from deep. Uses his size to rise over contests and create clean looks. Still adding strength, but the offensive upside is clear.","Isaiah Evans is a long, fluid scoring wing whose game is built on touch, pace, and a natural ability to rise into clean looks. At Duke he brings a smooth perimeter identity, using his length and coordination to create separation without needing a heavy dribble load. His scoring comes from a blend of rhythm jumpers, controlled drives, and the ability to elevate over contests, giving him a scalable foundation as an on‑ball or off‑ball threat. He plays with a calm, composed tempo that allows him to get to his spots without forcing possessions.

His possession impact shows up in how comfortably he shifts between roles. He can initiate when needed, attack second‑side gaps, or operate as a movement scorer who bends coverage simply by being available. His off‑ball instincts — relocating, cutting, staying shot‑ready — make him easy to pair with other creators, and he doesn’t require a high‑usage runway to matter.

Defensively, his length and mobility give him real versatility, with the tools to guard wings and contest actions across the perimeter. As his strength and decision‑making continue to mature, he projects as a smooth, scalable scoring wing with two‑way upside in modern lineups.
","Name: Isaiah Evans
Badge Tier: Gold
Team: Duke
Height/Weight: 6'6, 180 lbs
Wingspan: 6'9

","Evans uses his length and shooting gravity to manipulate space on the perimeter. He’s comfortable relocating to open windows and understands how to lift or drift to punish overhelp. His driving angles are improving — he’s learning to attack closeouts with more control and better pacing. Off‑ball, he finds soft spots for catch‑and‑shoot looks and doesn’t clog actions.",,"Evans uses his length and mobility to contest shots and stay attached to perimeter scorers. He moves fluidly laterally and recovers well when beaten, giving him value in switch‑heavy schemes. Off the ball, he positions himself intelligently and reacts quickly to developing actions. His frame and coordination give him a scalable defensive foundation.
","Evans’ game is shifting toward a perimeter‑shot‑maker archetype, with his scoring versatility and length shaping more of his offensive role. His tendencies now reflect a wing who operates through spacing, pull‑ups, and secondary creation.","Evans carries a moderate‑to‑high risk profile tied to shot selection, physical strength, and the translation of his perimeter‑heavy scoring approach. The tape shows a confident shooter with real range, but also long stretches where contested jumpers dominate his diet and physicality limitations reduce his ability to generate clean looks. His outcome risk is tied to how well his shooting scales when defenses speed him up or take away rhythm touches.","Evans has adapted well to Duke’s structure, showing a steady ability to translate coaching emphasis into cleaner pacing, more purposeful off‑ball movement, and better shot selection. His comfort toggling between on‑ball creation and movement scoring reflects a young wing who processes spacing concepts quickly and doesn’t force possessions when the floor tightens. Defensively, he’s become more disciplined with positioning and timing, using his length within the scheme rather than relying solely on tools. As he continues to add strength and sharpen decision‑making under pressure, he projects as a wing who absorbs guidance, refines habits, and scales his impact without needing heavy usage.","Evans’ shot quality is volatile due to a perimeter‑heavy diet and reliance on contested jumpers. He can generate clean catch‑and‑shoot looks, but self‑created attempts often come with high difficulty. Efficiency swings reflect rhythm dependency and physical strength limitations.","Closest Echo: ⭐ Brandon Ingram (Duke) — the cleanest match in frame, slashing style, mid‑range touch, and long‑lever scoring mechanics.
Evans fits the lineage of long, fluid scoring wings who generate value through length, touch, and multi‑level shot‑making while developing strength, pacing, and defensive consistency.
Primary Echo Cluster (Functional + Developmental)
• 	⭐ Brandon Ingram (Duke) — long‑lever scoring, mid‑range craft, and fluid slashing.
• 	⭐ Cam Reddish (Duke) — length, shot‑making flashes, and defensive tools with evolving consistency.
• 	⭐ Rashard Lewis (Alief Elsik HS) — tall, smooth perimeter scorer with pick‑and‑pop and mid‑range touch.
Secondary Echo Cluster (Role + Scalability)
• 	⭐ Kelly Oubre Jr. (Kansas) — athletic scoring wing with length and defensive range.
• 	⭐ Tayshaun Prince (Kentucky) — rangy defender with smooth scoring and positional versatility.
Modern Contextual Echoes
• 	⭐ Jaden McDaniels — length, fluidity, and scalable two‑way wing value.
• 	⭐ Michael Porter Jr. — tall, smooth shooter with long‑lever scoring mechanics.
Throughline: Evans aligns with long, fluid scoring wings whose value comes from touch, length, and multi‑level shot‑making, with long‑term upside tied to strength development, pacing, and defensive engagement."
31,Bennett Stirtz,19,Gold,"6'4""",190,PG,"6'6""",Iowa,,ModalKey-Stirtz,"Smart, system‑first guard who thrives in structured offenses. Plays with poise and patience, rarely forcing plays, and consistently makes the right read in half‑court sets. His ability to adapt within different offensive systems makes him a reliable connector, and his efficient scoring complements ball‑dominant teammates.","Bennett Stirtz is a smart, steady two‑way wing whose game is built on feel, timing, and the ability to impact possessions without forcing the action. At Iowa he brings a composed perimeter presence, using his length and balance to get into clean driving lanes, finish with touch, and flow into rhythm jumpers when defenders sag. His handle is functional and efficient — not overly creative, but purposeful — allowing him to attack closeouts, keep the ball moving, and make the right read when help arrives. He plays with a mature sense of spacing, rarely drifting out of structure or taking low‑value shots.

His possession impact shows up in how seamlessly he fits into different roles. He can initiate secondary actions, operate as a connective passer, or play off movement as a cutter and spot‑up threat. His understanding of timing — slipping into gaps, relocating, screening with purpose — makes him easy to pair with high‑usage guards and bigs. He doesn’t need volume to matter; his value comes from efficiency, decision‑making, and the ability to stabilize lineups.

Defensively, his length, discipline, and anticipation allow him to guard wings, navigate actions, and contest without fouling. As his strength and shooting consistency continue to develop, he projects as a reliable, system‑friendly wing who elevates team structure and brings scalable two‑way value in modern lineups.He is the heart and sole of a talented Iowa team and truly it's leader.
","Name: Bennett Stirtz
Badge Tier: Gold
Team: Iowa
Height/Weight: 6'4, 190 lbs
Wingspan: 6'6

","Veteran guard now at Iowa after standout seasons at Northwest Missouri State and Drake. Brings toughness, feel, and a proven track record of efficient, system-first play across multiple levels.",,"Stirtz brings physicality, anticipation, and pride to the defensive end. He competes across 1–3, using his frame and footwork to contain drives and contest without fouling. Navigates screens with discipline and communicates well in team coverages. While not a high-event defender, he rarely makes positioning mistakes and consistently executes the scheme. ","Firmly tracks as a 3-and-D wing with secondary ball skills. There’s minimal drift — his game is already tailored to a complementary role, and he embraces it. If his shooting volume increases without sacrificing efficiency, he could evolve into a more dynamic off-ball threat, but his core identity is rooted in stability and two-way reliability..","Low-risk profile due to translatable skills, mature approach, and defensive versatility. The main question is ceiling — he may not offer much creation or shot-making beyond his current role. If the jumper stalls or the athleticism doesn’t scale, he could be pigeonholed as a low-usage role player.","Stirtz has transitioned into Iowa’s system with the steadiness you expect from a senior guard who’s already logged meaningful college reps. His experience shows in how quickly he’s picked up the playbook, how consistently he sequences actions, and how rarely he drifts outside the structure of the possession. He brings a mature, system‑first approach — making the simple read, keeping the ball moving, and stabilizing tempo when the floor tightens. Defensively, he’s applied coaching points with veteran discipline, showing better anticipation in rotations and more purposeful communication as the season progresses. His reliability, adaptability, and ability to blend into different lineup contexts reflect a guard who understands role value and integrates coaching direction with minimal friction.","Selective and efficient scorer who rarely takes bad shots. Comfortable as a spot-up threat and opportunistic cutter. Doesn’t force contested pull-ups or deep threes — his shot diet is clean and system-aligned. Mechanics are compact and repeatable, though volume will need to scale to fully stretch defenses at the next level.","Closest Echo: Malcolm Brogdon — the most direct parallel, reflecting Stirtz’s blend of poise, efficient scoring, and defensive toughness in a system-first role.
Josh Hart — mirrors his rebounding instincts, physicality, and ability to impact games without needing touches.
Derrick White — shares his connective passing, defensive versatility, and low-maintenance offensive game"
32,Brayden Burries,19,Gold,"6'5""",190,SG,"6'8""",Arizona,,ModalKey-Burries,"Confident combo guard with slashing instincts, physicality, and a fearless scoring mentality. ","Brayden Burries is a strong, composed scoring guard whose game is built on balance, physicality, and a mature sense of how to create clean looks. At Arizona he brings a steady perimeter presence, using his frame to absorb contact, his pacing to manipulate defenders, and his touch to finish from multiple levels. He’s comfortable getting into pull‑ups, attacking closeouts, or powering his way downhill, and he rarely looks sped up. His scoring comes from craft more than flash — he understands angles, uses his body well, and plays with a confidence that translates possession to possession.

His possession impact shows up in how reliably he toggles between creation and complementary play. He can initiate when needed, operate as a second‑side attacker, or play off movement without losing efficiency. His willingness to make the simple read, keep the ball moving, and stay active as a cutter or spacer makes him easy to pair with other high‑usage guards. He doesn’t require a scripted runway to matter; his value comes from consistency, physicality, and the ability to generate offense without hijacking possessions.

Defensively, his strength, length, and competitiveness give him real versatility. He can guard up a position, navigate actions with discipline, and contest with physicality. As his decision‑making and perimeter shooting continue to sharpen, he projects as a rugged, scalable two‑way guard who fits cleanly into modern backcourt constructions.
","Name: Brayden Burries
Badge Tier: Gold
Team: Arizona
Height/Weight: 6'4, 205 lbs
Wingspan: 6'8

","Burries thrives in open space, using his first step and body control to collapse defenses. He reads help rotations well and can deliver timely kickouts, though his decision-making tightens when tempo slows. Shows flashes of advanced reads in transition and semi-structured actions, especially when attacking downhill. Still learning how to manipulate defenders with pace and timing in the halfcourt.",,"Plays with energy and toughness at the point of attack. Uses his frame to absorb contact and disrupt rhythm, though he can be overzealous and gamble out of position. Shows potential as a switchable guard defender with the tools to guard 1s and 2s. Must improve consistency and discipline to become a reliable stopper at the next level.","Currently tracks as a downhill combo guard with secondary playmaking upside. If the jumper stabilizes and decision-making sharpens, he could drift toward a full-time initiator role. If not, he projects as a high-motor slasher and defensive tone-setter who thrives in chaos and transition.","Moderate risk tied to shot selection, decision-making, and jumper consistency. If the perimeter shot doesn’t come around, defenses may sag and force him into contested drives. Needs to prove he can scale his game without dominating the ball.","Burries has shown encouraging early‑season adaptability, channeling his physicality and slashing instincts with more structure as he settles into Arizona’s system. He’s become more deliberate in how he picks his driving windows, reading help earlier and avoiding the predetermined attacks that can show up with young guards. His defensive engagement has trended upward — he competes through screens, uses his frame to absorb contact, and shows improving discipline in team concepts. He still has stretches where confidence leads to tough‑shot sequences, but he recalibrates quickly after feedback and shows a willingness to adjust pacing and decision‑making. His trajectory reflects a freshman guard who absorbs coaching, sharpens habits, and maintains his competitive edge within a structured environment.","Prefers to attack the rim and finish through contact. Shot diet leans heavily toward drives, floaters, and midrange pull-ups. Three-point shot is streaky but improving; mechanics are functional but need tightening. Will need to prove he can hit open catch-and-shoot looks to stay on the floor in high-leverage moments","Closest Echo: Caris LeVert — the clearest stylistic match, highlighting Burries’ slashing ability, rim pressure, and secondary playmaking upside.
Josh Hart and Jordan Clarkson — Hart’s defensive energy and rebounding instincts pair with Clarkson’s confident scoring bursts, together reflecting Burries’ blend of toughness and attacking mindset."
33,Taylor Bol-Bowen,21,Gold,"6'10""",202,PF,"7'2""",Alabama,,ModalKey-Bol-Bowen,"Florida State transfer now starting at Alabama, where he’s flashing rim protection, floor spacing, and defensive versatility. Early SEC minutes show a long, mobile forward who can toggle between roles and impact both ends without needing touches.","Taylor Bol‑Bowen is an athletic, high‑motor wing whose game is built on energy, length, and a natural feel for making disruptive plays. At Alabama he brings a dynamic perimeter presence, using his burst to attack gaps, pressure the rim, and finish with coordination in traffic. His straight‑line speed and long strides give him access to quick advantages, and he plays with a confidence that lets him flow into pull‑ups or rhythm jumpers when defenders sag. The offensive foundation is rooted in activity — he’s constantly moving, cutting, and staying available as a pressure point.

His possession impact comes from how many different ways he influences the flow of a game without needing scripted touches. He can attack second‑side rotations, operate as a connective passer, or space the floor as a catch‑and‑shoot threat. His timing as a cutter and his willingness to run the floor make him easy to pair with high‑usage guards, and he doesn’t require volume to matter. He elevates lineups by adding pace, vertical pressure, and opportunistic scoring.

Defensively, his length, mobility, and competitiveness give him real versatility. He can slide with guards, contest wings, and disrupt actions with his activity and anticipation. As his strength and decision‑making continue to mature, he projects as a scalable two‑way wing who fits cleanly into modern systems and brings value through effort, athleticism, and instinctive play.
","Name: Taylor Bol-Bowen
Badge Tier: Gold
Team: Alabama
Height/Weight: 6'10, 202 lbs
Wingspan: 7'2

","Bol-Bowen understands how to space the floor and rotate defensively without overextending. Offensively, he positions himself well as a trail shooter or baseline cutter, rarely clogging driving lanes. Defensively, he anticipates rotations and closes space quickly, often arriving early to contest or disrupt. Still learning how to read complex actions, but his instincts are trending up.",,"Long, agile defender with real shot-blocking instincts. Times his contests well and rotates with urgency. Can switch onto wings and survive on the perimeter, though he’s more comfortable as a help-side disruptor. Rebounds inconsistently and can be moved off his spots by stronger bigs, but his tools and motor give him a high defensive ceiling.","Stands now as a stretch 4 with defensive upside. If the rebounding and strength improve, he could drift toward a small-ball 5 archetype. If the shot holds and the handle tightens, there’s a path toward a two-way combo forward who can toggle between roles depending on matchup.","Moderate risk tied to rebounding, strength, and offensive assertiveness. If he doesn’t add mass or improve his motor on the glass, he may struggle to anchor lineups. Needs to prove he can consistently hit open shots and stay engaged without high usage. ","Bol‑Bowen has transitioned into Alabama’s system with the steadiness of a player who’s already logged meaningful ACC reps. His ability to toggle between rim protection, floor spacing, and connective defense reflects strong adaptability and a clear understanding of role value. He’s applied coaching emphasis on timing and discipline — contesting without over‑gambling, choosing better moments to rotate, and staying within spacing principles on the offensive end. His willingness to embrace a low‑touch, high‑impact role signals maturity, and he’s shown improved decisiveness as a shooter and short‑roll decision‑maker. As he continues refining physicality in SEC play, he projects as a forward who integrates coaching direction cleanly and elevates lineup versatility.","Efficient spot-up shooter with clean mechanics and a high release. Comfortable trailing in transition or spacing to the corners. Doesn’t force shots and rarely takes bad ones. Still developing off-the-dribble confidence, but his shot diet is clean and scalable.","Closest Echo: Jerami Grant — the most direct parallel, reflecting Bol-Bowen’s two-way forward versatility, floor spacing, and defensive range.
Jonathan Isaac — mirrors his length, mobility, and weak-side shot-blocking instincts.
Dorian Finney-Smith — reflects his low-usage, high-impact defensive role with scalable shooting."
34,Labaron Philon,20,Gold,"6'4""",185,PG,"6'6""",Alabama,,ModalKey-Philon,"Philon is a poised, polished scoring guard with a smooth handle, advanced pacing, and a natural ability to create advantages without relying on elite burst. His midrange craft, change‑of‑direction footwork, and touch give him a translatable offensive base, and he plays with a calm, controlled demeanor that keeps him steady in tight possessions. Still developing strength and defensive consistency, but the guard skill package is real.","Labaron Philon is a poised, pace‑controlling lead guard whose game is built on craft, balance, and a natural ability to manage possessions without ever looking rushed. At Alabama he brings a steadying perimeter presence — someone who can get to his spots with timing, manipulate defenders with subtle changes of speed, and flow into pull‑ups or floaters with real touch. His handle is efficient rather than flashy, giving him access to clean driving angles and allowing him to play out of ball screens with patience. He’s comfortable toggling between probing, scoring, and facilitating depending on what the defense gives him.

His possession impact comes from how reliably he organizes an offense. He sees rotations early, hits the simple read that keeps structure intact, and maintains tempo whether he’s initiating or attacking second‑side. He doesn’t need a high‑usage runway to matter — he thrives in systems where spacing and pace allow him to read the floor and make controlled decisions. Alabama’s up‑tempo environment amplifies his strengths: he pushes when the advantage is there, slows when needed, and consistently gets the ball to the right spots.

Defensively, Philon competes with intent. His anticipation and footwork allow him to stay attached to guards, and he uses his timing to bother actions at the point of attack. As his strength and physicality continue to develop, he projects as a scalable two‑way guard who brings pace control, decision‑making, and modern pick‑and‑roll utility to a wide range of lineup constructions.","Name: Labaron Philon Jr.
Badge Tier: Silver
Team: Alabama
Height/Weight: 6'4, 185 lbs
Wingspan: 6'6

","Philon manipulates space with pacing, hesitations, and controlled deceleration. He’s comfortable snaking ball screens, keeping defenders on his back, and flowing into pull‑ups or pocket passes. Off‑ball, he relocates intelligently and drifts into open windows for catch‑and‑shoot looks. Defensively, he reads actions well but can be late navigating screens or closing out with urgency — the recognition is there, but the physical execution needs to catch up.",,"Philon competes but is still refining technique and physicality. He has the instincts to anticipate actions and jump passing lanes, and he stays balanced when guarding similar‑sized guards. However, he can struggle against stronger or more explosive matchups, especially through screens or in isolation. His footwork is clean, but he needs added strength and more consistent engagement to become a reliable defender across multiple actions. The foundation is workable — the question is consistency.","Current Drift:
Trending toward a pacing‑driven scoring guard who relies on craft, midrange touch, and controlled creation. His habits — snaking screens, manipulating tempo, and flowing into pull‑ups — pull him toward a finesse‑oriented combo guard archetype.
Potential Drift:
If strength and shooting volume scale, he drifts toward a three‑level creator. If not, he remains closer to a rhythm scorer and secondary initiator.
Stabilizers:
• 	Strength development
• 	Screen navigation
• 	Shot selection discipline","Philon’s risk centers on physicality, defensive reliability, and scalability against length. If he doesn’t add strength, he may struggle to finish through contact or defend bigger guards. His decision‑making is steady, but he can drift into tough midrange attempts when pressured. The offensive skill gives him a stable floor, but the ceiling depends on whether he can handle NBA‑level athleticism and maintain efficiency","Philon has settled into Alabama’s uptempo system with a level of poise that reflects strong early responsiveness to coaching. He’s shown a clear ability to absorb guidance around pacing, shot selection, and ball‑screen reads, adjusting his tempo and decision‑making as the season progresses. His calm demeanor translates into steady possession management — he rarely rushes, uses his handle to create controlled advantages, and stays within structure rather than drifting into tough, early‑clock attempts. Defensively, he’s still building strength and consistency, but his engagement and willingness to compete through contact are encouraging indicators. His trajectory points toward a young guard who integrates feedback cleanly and scales responsibility without losing composure.","Averaging 21.5 PPGon 53.6 FG% through the first 13 games of the season, he embodies effeciency.Philon’s best shots come from pull‑ups, floaters, and controlled drives created by pacing. His midrange touch is a real weapon, and he’s comfortable rising into jumpers off screens or hesitations. Catch‑and‑shoot threes are efficient but need more volume. Lower‑value shots appear when he settles for contested pull‑ups early in the clock or drives without a clear plan. His efficiency rises when he mixes scoring with timely kickouts and off‑ball relocation","Closest Echo: Tyler Herro — smooth scoring guard with pacing, touch, and secondary creation.
Tre Mann — midrange craft, change‑of‑pace creation, and combo‑guard versatility.
Immanuel Quickley (role similarity) — rhythm scorer with pick‑and‑roll feel and scalable off‑ball value.
"
35,Karim Lopez,18,Gold,"6'8""",210,PF,6'10,"New Zealand Breakers (NBL, Australia/New Zealand)",,ModalKey-Lopez,"Mexican forward in the NBL’s Next Stars program, already producing against pros at age 18. Brings length, mobility, and a mature interior game that’s drawn early NBA lottery attention.","Karim Lopez is a long, mobile forward whose game is built on activity, coordination, and a natural feel for making winning plays. With the New Zealand Breakers he brings a versatile frontcourt presence, using his length and fluidity to finish around the rim, attack in straight lines, and operate comfortably as a connective piece in the half court. His touch and coordination give him multiple scoring solutions, and he plays with a smooth, controlled tempo that lets him slip into gaps rather than force possessions. The emerging jumper adds another layer, but his core value comes from how naturally he fits into different offensive structures.

His possession impact shows up in the little things that keep an offense flowing. He screens with purpose, relocates intelligently, and makes quick, simple reads that maintain rhythm. He doesn’t need a high‑usage runway to matter — he can play off movement, attack second‑side rotations, or serve as a pressure point in transition. His motor and willingness to stay active make him easy to pair with guards who want space and reliable decision‑making around them.

Defensively, his length, mobility, and anticipation give him real versatility. He can slide with wings, contest at the rim, and disrupt actions with timely rotations. As his strength and processing continue to mature, he projects as a scalable, modern forward who brings two‑way value and fits cleanly into multiple lineup constructions. His youth should entice scouts looking for a lot of upside with pro experience already under his belt.
","Name: Karim Lopez
Badge Tier: Gold
Team: New Zealand Breakers (NBL Next Stars)
Height/Weight: 6'8, 200 lbs
Wingspan: 6'10

","Lopez plays with a natural sense of timing and positioning, especially in short-roll and dunker spot actions. He reads help defenders well and adjusts his angles to create clean passing windows or finishing lanes. Rarely clogs space — he understands how to flatten out, cut behind rotations, or seal defenders without disrupting flow. Still learning how to read complex coverages, but his instincts are ahead of most bigs his age.",,"Long, mobile defender who covers ground quickly and alters shots without overcommitting. Shows flashes of switchability on the perimeter and rotates well as a help-side anchor. Still refining his footwork and discipline in space, but his tools and instincts suggest high defensive upside. Already trusted to guard pros in the NBL, which speaks to his maturity and physical readiness.","Currently tracks as a rim-running big with defensive versatility and short-roll playmaking upside. If the jumper develops, he could drift toward a stretch-4 profile. If not, he still projects as a valuable two-way big who thrives in transition and pick-and-roll actions.

","Moderate risk tied to offensive polish and shooting development. If the jumper doesn’t come around or the decision-making plateaus, he may be limited to a narrow role. Needs to prove he can stay on the floor in high-leverage moments without fouling or spacing issues.","Lopez has shown impressive maturity for an 18‑year‑old competing against professionals, integrating coaching direction with a level of discipline uncommon for his age. He’s become more purposeful in how he uses his length and mobility — choosing better angles, making quicker decisions, and staying within spacing principles rather than drifting into congestion. Defensively, he’s shown clear growth in timing, positioning, and understanding of scheme responsibilities, reflecting strong film‑to‑floor translation. His willingness to run the floor, screen with intent, and embrace physical assignments signals a young forward who understands role value in a pro environment. As his processing speed and perimeter confidence continue to sharpen, he projects as a high‑upside prospect who absorbs coaching at a professional pace while still having significant developmental runway.
","Finishes well around the rim, especially off cuts, lobs, and offensive rebounds. Developing a face-up game with flashes of touch from midrange. Three-point shot is still theoretical — mechanics are clean but untested at volume. Shot diet is efficient and role-aligned, with minimal wasted possessions.","Closest Echo: Al Horford — the strongest parallel, reflecting Lopez’s defensive intelligence, rim protection, and potential mid-range touch as a versatile big.
Luis Scola — mirrors his polished footwork, interior craft, and international poise.
Clint Capela — reflects his rim-running, lob-finishing, and defensive rebounding profile in high-tempo systems. "
36,Ian Jackson,20,Gold,"6'6""",185,SG,6'9,St. Johns,,ModalKey-Jackson,Dynamic wing scorer with strong athletic tools and a confident approach. Excels attacking downhill and creating pressure on the rim. Shows flashes of shot‑making that point to long‑term upside.,"Ian Jackson is a dynamic, explosive wing whose game is built on athleticism, scoring instincts, and competitive fire. He attacks the rim with force, using his first step and vertical pop to pressure defenses and finish through contact. His mid‑range game is a strength, with comfort creating separation and hitting pull‑ups off rhythm changes. Jackson’s perimeter shooting continues to develop, and when he’s balanced, he shows real touch from deep. Defensively, he brings intensity — sliding with guards, contesting with length, and using his athleticism to generate turnovers. His motor and willingness to take on tough assignments elevate his projection. Continued growth as a decision‑maker and playmaker will determine how fully he scales, but his tools and mentality give him a clear path as a two‑way scoring wing.","Name: Ian Jackson
Badge Tier: Gold
Team: St. John’s
Height/Weight: 6'5, 195 lbs
Wingspan: 6'8

","Jackson uses his athleticism and slashing gravity to manipulate space, attacking gaps before they fully form. He’s improved at reading the second defender and adjusting his driving angles to avoid congestion. Off‑ball, he relocates well and finds pockets for catch‑and‑shoot looks, though he can drift into dead zones when the ball sticks. His ability to pressure the rim gives him natural spatial leverage.",,"Jackson defends with strong lateral quickness and the athleticism to stay attached to dynamic wings. He competes on the ball, uses his length to contest effectively, and shows improved discipline in screen navigation. Off the ball, he rotates on time and rarely drifts out of position. His physical profile gives him scalable defensive upside","Jackson’s offensive identity is trending toward a scoring‑first wing archetype, with his shot‑making and slashing becoming the defining elements of his usage. His possessions increasingly resemble a perimeter scorer who operates cleanly in secondary actions rather than a primary handler.","Jackson presents a moderate risk profile rooted in shot selection, decision‑making volatility, and the gap between his athletic tools and possession‑to‑possession efficiency. The tape shows real burst, slashing ability, and defensive activity, but also stretches where contested jumpers and rushed reads flatten his offensive impact. His outcome risk is tied to how consistently he can generate efficient offense without leaning into low‑quality attempts, especially against disciplined defenses that take away early driving lanes.","Jackson has shown meaningful mid‑season growth in how he channels his athleticism within St. John’s system. He’s become more intentional with his drives, reading the second defender earlier and avoiding the crowded, predetermined attacks that showed up in his early-season tape. His defensive buy‑in has been strong — he takes matchups seriously, communicates more consistently, and applies coaching emphasis on staying disciplined in closeouts. He still has stretches where his scoring instincts override possession quality, but he’s increasingly responsive to feedback on pacing, shot selection, and off‑ball engagement. As he continues refining decision‑making and maintaining consistent effort across longer runs, he projects as a wing who can integrate structure without losing the assertiveness that defines his game.
","Jackson’s shot quality is inconsistent: strong downhill looks when he gets to his athletic advantages, but contested jumpers and rushed attempts appear when defenses cut off driving lanes. His creation difficulty is moderate‑to‑high, and efficiency swings reflect decision speed and shot selection.","Closest Echo: ⭐ Gerald Green (Houston) — the cleanest match in explosive verticality, straight‑line scoring, and athletic‑driven advantage creation.
Jackson fits the lineage of vertical, slashing wings who generate early value through athletic pressure, transition scoring, and straight‑line drives while developing pacing, handle depth, and decision‑making.
Primary Echo Cluster (Functional + Developmental)
• 	⭐ Gerald Green (Houston) — elite vertical athlete with slashing, transition pressure, and streak scoring.
• 	⭐ Terrence Ross (Washington) — explosive scoring wing with three‑level flashes and athletic shot‑making.
• 	⭐ Hamidou Diallo (Kentucky) — verticality, slashing, and activity‑driven offense.
Secondary Echo Cluster (Role + Scalability)
• 	⭐ Kelly Oubre Jr. (Kansas) — athletic wing with scoring flashes and defensive range.
• 	⭐ Josh Jackson (Kansas) — slashing, transition impact, and defensive tools with evolving polish.
Modern Contextual Echoes
• 	⭐ Jalen Green — vertical pop, slashing, and rhythm scoring in modern spacing.
• 	⭐ Cam Whitmore — power‑athlete wing with straight‑line scoring and transition dominance.
Throughline: Jackson aligns with explosive, slashing wings whose value comes from verticality, transition pressure, and athletic scoring, with long‑term upside tied to handle refinement, pacing, and decision‑making growth.
"
37,Miikka Muurinen,18,Gold,"6'11""",203,PF/SF,"7'2""",Partizan Belgrade (EuroLeague/ABA),,ModalKey-Muurinen,"Muurinen is a long, fluid Finnish forward with real defensive versatility, transition value, and flashes of perimeter skill. He plays with balance, coordination, and a natural sense of timing, giving him a scalable modern‑forward profile. The offensive polish is still developing, but the combination of mobility, length, and feel makes him one of the more intriguing international forwards in his class. Impressive showing in international play intrigues scouts.","An intriguing young Finnish player with the unique nickname of ""Slim Jesus"", Muurinen impacts possessions through spacing value and offensive composure, bringing a calm, methodical approach that helps stabilize lineups. He plays within himself, rarely forcing actions, and consistently positions to keep the floor balanced as plays unfold. His presence alone stretches defensive coverage and opens interior lanes for teammates.

Offensively, Muurinen’s value is tied to his shooting touch and decision discipline. He is comfortable operating as a floor spacer, stepping into perimeter looks without hesitation, and keeping the ball moving when pressured. As his physical strength and confidence continue to develop, he has shown growing willingness to attack closeouts and convert secondary advantages rather than defaulting to perimeter-only involvement.

Defensively, Muurinen provides functional size and positional awareness. He stays engaged within team concepts, competes on the glass, and uses anticipation to remain effective despite not relying on high-end explosiveness. While his defensive impact is still rounding out, his consistency and feel give him a pathway to dependable two-way contribution.

Overall, Muurinen profiles as a modern forward whose value is driven by shooting gravity, composure, and connective play. As his physical development and defensive reliability continue to stabilize, his ability to fit across lineup constructions gives him a scalable long-term outlook. His play in FIBA in 2025 put him on the map for a lot of basketball fans.","Name: Miikka Muurinen
Badge Tier: Gold
Team: Compass Prep (Arizona) / Finland National Team
Height/Weight: 6'10, 185 lbs
Wingspan: 6'11

","Muurinen understands how to use his length and stride to create advantages in space. He attacks closeouts with long, controlled steps and adjusts angles well when navigating traffic. Off‑ball, he relocates into open pockets and times his cuts effectively, especially along the baseline. Defensively, he reads rotations early and covers ground fluidly, though he can be a half‑step late recovering to shooters when pulled deep into help.",,"Defense is Muurinen’s most translatable skill. He moves well laterally, uses his length to contest without fouling, and shows real comfort switching onto wings and some guards. His timing as a weak‑side helper is strong — he rotates early, challenges shots vertically, and disrupts passing lanes with his reach. Strength is the main developmental need; stronger forwards can dislodge him on drives or seals. With added physicality, he projects as a multi‑position defender who can anchor small‑ball lineups.","Current Drift:
Trending toward a mobile, rangy forward who impacts possessions with length, defensive versatility, and opportunistic scoring. His habits — switching comfortably, running the floor, and cutting behind defenders — pull him toward a modern activity‑driven 3/4 archetype.
Potential Drift:
If the jumper stabilizes and the handle tightens, he drifts toward a stretch‑forward with real two‑way value. If not, he remains closer to a connective, defense‑first hybrid forward. Needs more playing time than is currently getting to really develop.
Stabilizers:
•         Strength development
•         Shooting consistency
•         Defensive discipline in switches","Muurinen’s risk centers on shooting reliability, physical strength, and offensive assertiveness. If the jumper doesn’t progress, defenders may sag and limit his driving lanes. His frame needs continued development to handle NBA‑level physicality, especially on the glass. Offensively, he can drift into low‑usage stretches if not actively involved in actions. The defensive mobility gives him a stable floor; the ceiling depends on skill expansion.","Muurinen has adapted impressively to Partizan’s professional structure, showing a level of composure and tactical discipline uncommon for an 18‑year‑old in a EuroLeague‑adjacent environment. He plays within himself, processes actions cleanly, and applies coaching emphasis on spacing, timing, and defensive positioning with consistency. His ability to stabilize lineups through calm decision‑making — rather than forcing creation — reflects strong responsiveness to structure and a mature understanding of role value.
Defensively, he shows reliable engagement and anticipation, rotating on time and using his length to contest without gambling. He absorbs system concepts quickly, and his effort level rarely fluctuates. As his strength and offensive assertiveness continue to develop, he projects as a forward who integrates coaching direction smoothly and scales impact through feel, mobility, and discipline.","Muurinen’s best shots come from cuts, transition finishes, and rhythm catch‑and‑shoot threes. His long strides and coordination make him effective attacking closeouts, and he finishes well when he gets clean angles. Lower‑value shots appear when he settles for contested midrange attempts or tries to create off the dribble without an advantage. His efficiency rises when he plays within actions — quick decisions, simple finishes, and spot‑up shooting.","Closest Echo: Franz Wagner — the clearest stylistic match, reflecting Muurinen’s fluid movement, defensive versatility, off‑ball intelligence, and scalable forward skill. Wagner’s ability to guard multiple positions, attack closeouts, and operate as a connective scorer mirrors Muurinen’s natural tendencies and developmental direction.
Trey Murphy III — captures the length, mobility, and stretch‑forward potential if the jumper continues to develop. Murphy’s blend of cutting, transition finishing, and spot‑up shooting provides a realistic offensive pathway for Muurinen’s frame and movement style.
Brandon Clarke — reflects the activity, defensive range, and opportunistic scoring impact Muurinen brings in low‑usage roles. Clarke’s ability to guard in space, rotate early, and finish efficiently maps cleanly onto Muurinen’s current strengths and role‑driven value."
38,Michael Ruzic,19,Silver,"6'10""",220,PF,"7'0""","Joventut Badalona (Spain, ACB/EuroCup",,ModalKey-Ruzic,"Young Croatian stretch forward with size, shooting touch, and developmental upside. One of the youngest rotation players in the ACB, showing flashes of perimeter skill and face‑up scoring.","Michael Ruzic is a polished, instinctive forward whose game blends size, coordination, and a natural feel for how to impact possessions on both ends. At Joventut Badalona he fits the club’s developmental identity — smart, skilled, and comfortable playing within a system that values ball movement, spacing, and decision‑making. His style is smooth and composed. He reads actions early, plays with balance, and rarely forces the issue, giving him a maturity that stands out for his age.

Offensive Profile  
Ruzic’s value starts with his versatility. He’s a confident face‑up scorer who can attack from the elbows, use his footwork to create small advantages, and finish with touch around the rim. His jumper is clean and repeatable, especially from mid‑range, and he’s increasingly comfortable stretching out to the arc. He plays well off movement — cutting with timing, relocating into open pockets, and flowing into secondary actions without hesitation.  

His passing feel is a real differentiator. He sees cutters, makes the extra pass instinctively, and keeps the offense connected. He’s not a high‑usage creator, but he’s a reliable connector who elevates spacing and ball flow.

 Defensive Profile  
Defensively, Ruzic brings mobility, awareness, and real competitiveness. He slides well laterally for his size, stays disciplined in closeouts, and uses his length to contest without fouling. His team defense is ahead of schedule — he rotates early, tags rollers, and reads actions with the kind of anticipation that coaches trust. As he adds strength, he projects as a forward who can guard both wings and smaller fours.

Long‑Term Projection  
Ruzic profiles as a modern, multi‑tool forward — scoring touch, passing feel, positional size, and defensive awareness. His game scales because it’s built on technique, timing, and versatility rather than isolation scoring or raw athleticism. In a development‑focused environment like Joventut, his strengths translate cleanly and his ceiling remains intriguing.
","Name: Michael Ružić
Badge Tier: Bronze
Team: Joventut Badalona (Spain)
Height/Weight: 6'10, 220 lbs
Wingspan: 7'0

",Operates well as a floor‑spacer and connective forward. Positions intelligently in pick‑and‑pop actions and relocates to open windows. Shows passing flashes but can be turnover‑prone when pressured. Still learning timing and physicality in high‑level European play.,,Mobile for his size and capable of switching onto guards in short windows. Uses length to contest shots but lacks strength to hold ground inside. Reads rotations well but can be displaced by stronger forwards. Defensive upside tied to physical development.,"Current Drift:
A stretch forward with perimeter touch and mobility.
Potential Drift:
If strength and defensive consistency improve, he trends toward a modern stretch‑big; if not, he projects as a specialist shooter.
Stabilizers:
• Strength development
• Defensive positioning
• Shooting volume
","Lean frame limits interior impact. Physicality and rebounding remain concerns. Injury history (thumb) raises durability questions. Without added strength, risks narrowing to a perimeter‑only role.","Ruzic shows strong responsiveness to coaching for a young forward playing real ACB rotation minutes. His coachability shows in how consistently he applies spacing principles, shot selection discipline, and face‑up decision‑making. He doesn’t force creation, plays within structure, and uses his size and touch to generate efficient looks.
Defensively, he competes with intent. He uses his length to contest, rotates on time, and shows improving physicality as he adjusts to high‑level European competition. His willingness to stay within scheme rather than chase plays reflects maturity for his age.
Offensively, he stays in role — pick‑and‑pop spacing, clean catch‑and‑shoot mechanics, and simple reads off the bounce. His ability to complement creators without disrupting rhythm is a strong coachability signal.
Ruzic’s size, touch, and early discipline give him a clear developmental runway as a modern stretch forward.","Best shots come from pick‑and‑pop threes, spot‑ups, and face‑up jumpers. Smooth mechanics with NBA range and a high release point. Soft touch around the rim but limited self‑creation. Less effective when forced into contested drives or physical finishes.
","Closest Echo: Ersan Ilyasova — stretch forward with shooting touch.
Dario Šarić — skilled international forward with passing feel.
Nikola Mirotić — EuroLeague stretch‑big archetype.
Jabari Smith Jr. (scaled) — modern stretch‑big trajectory."
39,Nikolas Khamenia,19,Silver,"6'8""",215,SF/PF,"6'10""",Duke,,ModalKey-Khamenia,"Khamenia is a skilled, versatile forward with feel, shooting touch, and connective playmaking. His USA Basketball résumé and early Duke flashes reflect a player who processes the game well and fits naturally into modern, read‑and‑react systems.
","Nikolas Khamenia is a skilled, poised, high‑feel forward whose game is built on versatility, processing speed, and the ability to impact possessions without needing to dominate the ball. At Duke he brings a modern connective‑forward profile — someone who can pass, shoot, defend multiple spots, and keep the offense flowing with quick decisions. His feel pops immediately. He sees the floor early, plays with balance, and rarely forces a bad read. Duke’s system rewards players who can toggle between roles, and he fits that mold cleanly.
His offensive value comes from how many different actions he can plug into. He’s a reliable spot‑up shooter with smooth mechanics, comfortable attacking closeouts, and capable of making the extra pass or the skip when the defense rotates. In short‑roll or delay actions, he processes quickly — hit the cutter, swing it, or take the open mid‑range. He’s not a high‑volume creator, but he’s an elite connector: the ball moves cleaner when he’s involved. His footwork and touch give him some face‑up scoring equity, and his confidence as a shooter continues to trend upward.
Defensively, Khamenia brings real versatility. He has the length and mobility to guard wings, the strength to handle forwards, and the awareness to rotate early. He stays disciplined, communicates, and rarely gets caught out of position. His instincts show up in help — tagging rollers, digging at drives, and contesting without fouling. He’s not a pure rim protector, but he’s a scheme‑reliable defender who raises the floor of a lineup.
Long‑term, Khamenia profiles as a modern, high‑IQ two‑way forward — shooting, connective passing, defensive versatility, and the kind of processing speed that scales across systems. He’s the type of player who makes good teams better and great teams more stable.His shooting % overall needs work.","Name: Nikolas Khamenia
Badge Tier: Silver
Team: Duke
Height/Weight: 6'8, 215 lbs
Wingspan: 6'10

","Khamenia excels at operating in the flow of the offense, finding pockets along the perimeter, cutting with timing, and making quick reads. His feel allows him to play off guards and bigs, and he consistently positions himself to maintain spacing. Defensively, he anticipates actions well and uses his length to contest without overcommitting.",,"Khamenia is a smart positional defender who uses length, anticipation, and timing to contest shots and rebound. He can switch onto wings and hold his own, though elite athletes can challenge him physically. His defensive value comes from discipline, awareness, and consistent effort rather than high‑event plays.
","Current Drift:
A floor‑spacing, high‑IQ forward who connects actions and contributes across multiple areas.
Potential Drift:
If strength and volume shooting improve, he drifts toward a versatile stretch‑forward with real playmaking equity. If not, he remains a reliable rotation forward who spaces the floor and makes smart reads.
Stabilizers:
• 	Shooting consistency
• 	Strength development
• 	Defensive versatility","Khamenia’s risks center on physicality, shooting volume, and defensive scalability against elite wings. His game relies on feel and skill — if the shot doesn’t translate or he struggles with ACC physicality, his impact narrows. Continued strength development is key.","Khamenia has integrated into Duke’s read‑and‑react system with the poise of a player who already understands how to play within flow. His coachability shows in how consistently he applies coaching emphasis on spacing, timing, and decision simplicity. He moves the ball quickly, relocates with purpose, and uses his feel to keep possessions connected rather than drifting into low‑value creation.
Defensively, he’s shown strong early discipline. He rotates on time, uses his length to contest without fouling, and processes actions quickly enough to stay viable across multiple matchups. His USA Basketball background shows in his maturity — he rarely forces the issue and absorbs feedback cleanly.
Khamenia’s combination of touch, feel, and early buy‑in gives him a clear long‑term trajectory as a connective, modern forward.","Khamenia’s best shots come from spot‑ups, pick‑and‑pop actions, cuts, and rhythm threes. He’s efficient when shooting in flow or attacking closeouts. Efficiency dips on contested pull‑ups or attempts through heavy contact. Keeping his usage tied to spacing and quick decisions maximizes his value.","Closest Echo: Gordon Hayward (early career) — playmaking forward with shooting touch and feel.
Joe Ingles — floor‑spacing, secondary playmaking, and high‑IQ connective offense.
Dario Šarić — skilled forward with passing instincts and perimeter scoring flashes.
"
40,Patrick Ngongba II,19,Silver,"6'11""",250,C,"7'1""",Duke,,ModalKey-Ngongba II,"Ndonga is a long, mobile freshman big with clear physical tools and a developing feel for the college game. He moves well for his size, plays with energy, and shows flashes of rim protection and vertical finishing. His game is early in its developmental arc, but the raw ingredients are evident.","At Duke, Ngongba II has emerged as a reliable interior engine whose influence shows up in sustained possession movement and efficient value generation around the rim. He plays with a disciplined motor, consistently positioning himself to maintain rebounding leverage, paint finishes, and second-chance opportunities. His impact stabilizes lineups by providing a go-to interior option without drawing defensive attention away from perimeter threats.

Offensively, Ngongba’s value is tied to his ability to convert high-efficiency looks inside and keep possessions alive through movement and simple reads. He finishes through contact with authority, uses his strength and touch to score in the mid-post, and has shown comfort navigating spacing to support cutters and screen action without dominating volume. As his feel continues to consolidate, moments of purposeful scoring rather than rushed attempts have increased.

Defensively, Ngongba brings size, length, and presence that routinely alter opponent actions near the basket. He stays engaged on the glass, influences close-in attempts with verticality, and uses anticipation to maintain positioning without over-committing. While his mobility isn’t elite, his physical tools and impact timing give him clear two-way utility as his overall game continues to mature.

Overall, Ngongba profiles as an efficient frontcourt anchor whose interior scoring and rebounding foundation translate across contexts. As his feel and defensive consistency continue to stabilize, his ability to contribute quietly but meaningfully remains a core driver of his scalable long-term projection.","Name: Patrick Ngongba II
Badge Tier: Silver
Team: Duke
Height/Weight: 6'9, 235 lbs
Wingspan: 7'1
","Ndonga operates with natural mobility for a young big, covering ground fluidly and adjusting well around the rim. Offensively, he’s most comfortable as a mover — slipping into space, diving off screens, and finishing when he gets clean angles. He’s still learning timing and positioning in half‑court settings, but his instincts in open space and transition are promising. Defensively, his length allows him to contest even when he’s slightly late, and he shows early signs of understanding rotations and verticality.",,"Defense is where Ndonga’s tools show the clearest long‑term promise. His length, mobility, and vertical pop give him a foundation as a rim protector and switch‑capable big. He contests well, recovers quickly, and shows flashes of timing as a weak‑side helper. Strength and discipline are still developing, and he can be moved off spots by older, more physical bigs. As he matures physically and sharpens his reads, he projects as a versatile defender who can cover multiple schemes.","Current Drift:
A tools‑driven, mobile young big whose early value comes from rim running, length, and defensive flashes.
Potential Drift:
If the strength, timing, and touch develop, he drifts toward a modern two‑way rim protector with vertical spacing. If not, he remains an energy‑driven rotational big who provides mobility and defensive activity.
Stabilizers:
• 	Physical development
• 	Defensive timing
• 	Touch and finishing consistency
","Ndonga’s risks center on physical maturity, offensive polish, and consistency in defensive reads. His game currently leans heavily on tools, which can lead to volatility against older, stronger frontcourt players. Without improved strength and a more reliable offensive skill base, he may be limited to a narrow role early in his career. His long‑term trajectory depends on how quickly his feel and physicality catch up to his athletic tools.","Ngongba plays with the steadiness of a big who has already lived through the ACC learning curve. As a sophomore, his coachability shows in how consistently he executes Duke’s expectations for physicality, positioning, and defensive reliability. He embraces the foundational responsibilities — screening with intent, running the floor, finishing decisively, and staying active around the rim — but now does them with more discipline and anticipation than he showed as a freshman.
Defensively, his growth is clear. His rim‑protection timing has sharpened, he’s more consistent in drop coverage, and he competes through multiple efforts even when the first read breaks down. He communicates better, rotates earlier, and shows a stronger grasp of how to anchor actions without fouling. Offensively, he stays within structure, finishing plays rather than forcing creation, and showing improved touch and pacing as a roller.
Ngongba’s willingness to refine habits — not just learn them — reflects a maturing big who absorbs coaching and applies it possession to possession. His physical tools, improved discipline, and growing feel give him a scalable developmental arc as a reliable interior presence.","Ndonga’s best shots come from rim runs, lobs, put‑backs, and simple catch‑and‑finish opportunities. He’s effective when he gets downhill or catches on the move. His efficiency dips when he’s asked to self‑create or finish through heavy contact. Keeping his usage tied to movement, vertical spacing, and opportunistic scoring maximizes his impact.","Closest Echo: Mark Williams (early Duke) — length, mobility, rim‑running, and developing defensive timing as a young big.
Jaxson Hayes — vertical finishing, fluid movement, and a tools‑first developmental arc.
Dereck Lively II (freshman version) — rim protection flashes, mobility, and long‑term upside tied to timing and physical growth."
41,Mathias M'Madi,20,Silver,"6'5""",177,PG/SG,"6'7""","CB Morón (Spain, Primera FEB) / Madagascar NT",,ModalKey-M'Madi,"Versatile scoring guard with international experience and slashing instincts. Productive for Madagascar in AfroBasket qualifiers and a developing creator in Spain’s Primera FEB. Bronze tier reflects scoring flashes with upside if shooting and playmaking stabilize.
","Mathias M’Madi is a poised, skilled lead guard whose game blends control, craft, and a mature understanding of pace. With CB Morón and the Madagascar national team, he’s become the kind of guard who organizes an offense, dictates tempo, and brings a steadying presence in high‑leverage moments. His style is deliberate but not slow — he plays with a rhythmic cadence, sees the floor early, and makes decisions that keep possessions stable rather than chaotic.

His offensive value starts with his feel as a creator. He’s comfortable operating out of ball screens, manipulating defenders with pace changes, and using his handle to get into mid‑range pockets. He’s a confident pull‑up shooter, especially when he can snake into space or force a big into a retreat. As a passer, he’s unselfish and patient — he hits rollers, finds shooters on the weak side, and rarely forces low‑percentage reads. He’s not a pure burst athlete, but he compensates with timing, angles, and a strong sense of when to accelerate or decelerate.

Defensively, M’Madi brings competitiveness and discipline. He moves well laterally, stays attached to ball‑handlers, and uses anticipation to disrupt actions without gambling out of structure. His team defense is a strength — he tags rollers, rotates early, and communicates consistently. Against stronger guards he relies on positioning and leverage, and he’s shown the ability to hold his own through physicality.

Long‑term, M’Madi profiles as a steady, high‑IQ guard — pick‑and‑roll craft, shooting touch, and the ability to run an offense without turnovers or wasted possessions. His game scales because it’s built on feel, decision‑making, and a mature approach that translates across levels, whether in the NBL1, international play, or future pro environments.
","Name: Mathias M'Madi
Badge Tier: Bronze
Team: CB Morón (Spain) / Madagascar National Team
Height/Weight: 6'5, 190 lbs
Wingspan: 6'7

","Thrives in uptempo play where he can attack downhill and pressure the rim. Shows comfort operating as a secondary creator, making simple reads off penetration. Still refining pacing and decision‑making in structured half‑court sets, but consistently finds scoring windows through movement and timing.",,"Uses length to contest shots and disrupt passing lanes. Active defender who competes, though still lean and can be overpowered by stronger guards. Rotational discipline is improving but remains a developmental area. Shows flashes of point‑of‑attack pressure and anticipatory steals.
","Current Drift:
A slashing combo guard with scoring instincts and international versatility.
Potential Drift:
If shooting and facilitation improve, he trends toward a rotation combo guard; if not, he projects as a microwave scorer.
Stabilizers:
• Shooting consistency
• Playmaking reads
• Physical strength","Three‑point shooting is streaky. Relies heavily on scoring instincts. Durability is a concern after the ankle injury during Cavs workout. Without improved efficiency and facilitation, risks narrowing to a volume‑scoring role rather than a full‑time rotation guard.","M’Madi shows strong responsiveness to coaching across multiple contexts — national team play, Spanish league structure, and slashing‑driven guard roles. His coachability shows in how consistently he applies spacing principles, downhill pressure, and decision‑making discipline. He doesn’t force creation and plays with a mature sense of pace.
Defensively, he competes with intent. He uses his length to stay attached, rotates on time, and brings enough physicality to guard both backcourt spots. His ability to adjust between international and club schemes reflects strong adaptability.
Offensively, he stays within role — attacking gaps, making simple reads, and providing scoring support without hijacking possessions. His upside hinges on stabilizing shooting and tightening playmaking, but his willingness to stay in structure is clear.
M’Madi’s versatility, intent, and multi‑context discipline make him a coachable, upward‑trending guard.","Best shots come from slashing, transition finishes, and mid‑range pull‑ups. Efficient at the rim and comfortable attacking downhill. Three‑point mechanics are serviceable but inconsistent. Free‑throw touch (~70%) suggests room for growth. Less effective when forced into contested off‑dribble threes","Closest Echo: Ben Gordon — confident microwave scoring guard with perimeter bursts.
Lou Williams — instant‑offense slasher/creator with scoring instincts.
Vernon Maxwell — two‑way guard with streak scoring and competitive edge.
Vinnie Johnson — classic bench‑scoring archetype with downhill pressure."
42,Silas Demary Jr.,21,Silver,"6'4""",195,PG,"6'6""",UConn,,ModalKey-Demary Jr.,"Combo guard who thrives in transition and pressures defenses with strength, pace, and rim attacks. Junior transfer now starting for UConn, providing two‑way impact, physicality, and connective playmaking.","Silas Demary Jr. is a tough, composed two‑way guard whose game is built on pace control, physicality, and the ability to stabilize possessions on both ends. At UConn he fits perfectly into their guard ecosystem — disciplined, unselfish, and willing to do the connective work that keeps the offense organized and the defense airtight. His presence brings maturity. He plays with balance, rarely gets sped up, and understands how to manage a possession without overhandling.
His offensive value comes from how cleanly he toggles between roles. He’s a steady ball‑handler who gets into the paint with timing rather than burst, uses his strength to create angles, and makes the simple read early. He’s comfortable in ball screens, patient enough to let actions develop, and decisive when space opens. The jumper is still stabilizing, but he’s confident attacking closeouts, finishing through contact, and keeping the ball moving when the defense collapses. He’s the type of guard who raises the floor of a lineup because he doesn’t waste dribbles or possessions.
Defensively, Demary is the identity piece. He’s physical at the point of attack, fights through screens, and takes matchups personally. His anticipation is real — he jumps into passing lanes without gambling out of structure and consistently forces ball‑handlers into tough decisions. He communicates, rotates early, and brings the kind of competitive edge that fits UConn’s defensive standard. Multiple‑effort plays are the norm for him, not the exception.
Long‑term, Demary profiles as a reliable two‑way guard — toughness, decision‑making, defensive intensity, and enough offensive versatility to fit next to different types of creators. He impacts winning because he plays with purpose, discipline, and a clear understanding of how to complement high‑usage teammates.","Name: Silas Demary Jr.
Badge Tier: Silver
Team: UConn
Height/Weight: 6'4, 195 lbs
Wingspan: 6'6
","Operates well in early offense, using pace to collapse defenses and create passing windows. Shows comfort initiating sets, making functional reads, and attacking gaps with controlled aggression. In the half court, leverages strength to get downhill and create advantages, though decision‑making and shot selection continue to refine.
",,"Point‑of‑attack defender who uses strength and lateral quickness to disrupt ballhandlers. High steal rate and football background show up in toughness, anticipation, and physical engagement. Guards multiple positions, competes through screens, and brings consistent defensive pride.","Current Drift:
A two‑way guard with strength, defensive toughness, and secondary playmaking value.
Potential Drift:
If shooting consistency improves, he trends toward a reliable rotation two‑way guard; if not, he projects as a defense‑first connector with limited scoring gravity.
Stabilizers:
• Physical development
• Shooting consistency
• Defensive engagement",Finishing limitations and lack of elite burst could cap upside. Must sustain efficiency against length while maintaining defensive impact. Shooting volatility remains the swing skill for long‑term projection.,"Demary plays with the maturity and physical discipline UConn demands from its guards. His coachability shows in how consistently he executes pace control, defensive engagement, and connective playmaking. He doesn’t overhandle, keeps possessions organized, and uses his strength to create clean angles without forcing creation.
Defensively, he’s fully bought in. He takes matchups seriously, fights through screens, and applies system rules with real consistency. His anticipation and physicality allow him to dictate terms at the point of attack, and he rarely loses discipline on second efforts.
Offensively, he stays within structure — attacking space decisively, making the early read, and finishing through contact. He toggles between initiator and connector roles without disrupting rhythm, reflecting strong film‑to‑floor translation.
Demary’s reliability, toughness, and possession‑to‑possession discipline make him one of the more coachable veteran guards in the class.","Best shots come from controlled drives, mid‑range pull‑ups, and catch‑and‑shoot threes. Improved mechanics (37% from three as a sophomore at Georgia) support growth as a spot‑up shooter. Finishing remains inconsistent, especially through length or heavy contact, and shot quality dips when he forces early‑clock jumpers.","Closest Echo: Marcus Smart — defensive toughness and secondary playmaking.
Jrue Holiday — versatile two‑way guard impact.
Eric Snow — defensive guard with steady playmaking.
Sidney Moncrief (era comp) — strength‑based two‑way guard profile.
"
43,Milan Momcilovic,21,Silver,"6'8""",225,SF/PF,"6'10""",Iowa State,,ModalKey-Momcilovic,"Skilled stretch‑forward with smooth shooting mechanics and scoring versatility. Provides Iowa State with reliable floor spacing, touch, and offensive feel while operating as a polished perimeter threat. Absolutely outstanding 3 point shooter.","Arguably the best shooter in college basketball, Milan Momcilovic is a skilled, poised scoring forward whose game is built on touch, footwork, and the ability to create clean looks without needing elite burst. At Iowa State he gives them a true matchup problem — a forward who can space the floor, punish switches, and operate comfortably from multiple scoring spots. His feel pops immediately. He plays with balance, reads defenders early, and gets into his jumper with a smooth, repeatable rhythm.
His offensive value this season has been supercharged by astonishing shooting efficiency through 16 games — he’s sitting at 55.7% from the field, 55.0% from three, and 88.9% at the line, with a 73.0% effective field‑goal percentage. That level of shot‑making fundamentally changes how defenses have to guard him. He’s a confident shooter off the catch, comfortable flowing into one‑to‑two‑dribble pull‑ups, and uses his size and footwork to create separation in the mid‑post. He’s not a high‑end creator, but he’s an elite advantage converter — someone who punishes space, relocates into open windows, and scores within the rhythm of the offense. His gravity opens the floor for Iowa State’s guards.
Defensively, Momcilovic competes with discipline and awareness. He positions himself well, uses his length to contest, and stays within scheme. He rotates early, communicates, and rarely gives up easy mistakes. His understanding of angles and timing allows him to guard multiple forward spots even without explosive athleticism.
Long‑term, Momcilovic profiles as a modern scoring forward — shooting touch, positional feel, and enough defensive reliability to stay on the floor in high‑leverage lineups. His game scales because it’s built on skill, timing, and repeatable scoring craft — and this season’s elite efficiency only reinforces how cleanly his offense projects.
","Name: Milan Momcilović
Badge Tier: Silver
Team: Iowa State
Height/Weight: 6'8, 220 lbs
Wingspan: 6'10

","Understands spacing at a high level, relocating into open windows and using screens to generate clean looks. Reads closeouts well and attacks in straight lines when defenders overcommit. Operates comfortably within structured offense, leveraging timing and footwork to create efficient scoring opportunities.
",,"Smart positional defender who relies on anticipation more than athleticism. Uses angles and timing to contest shots but struggles against quicker wings and explosive forwards. Must improve foot speed, strength, and rebounding consistency to avoid being a one‑way player at higher levels.",Current Drift:,"Risks tied to limited athleticism, defensive scalability, and rebounding impact. Must add strength and improve lateral mobility to avoid being targeted defensively. Offensive value narrows if shooting efficiency dips or if he cannot consistently create separation against length.","Momcilovic plays with the poise and discipline of a forward who understands exactly how to operate inside Iowa State’s structure. His coachability shows in how consistently he applies coaching emphasis on spacing, timing, and shot selection. He relocates with purpose, flows into shots without hesitation, and brings a level of shooting reliability that allows the staff to build actions around his gravity.
Defensively, he’s embraced the program’s expectations around positioning and awareness. He’s not an explosive mover, but he competes with discipline, rotates early, and uses his length to stay viable across matchups. His ability to stay connected to actions and avoid unnecessary fouls reflects strong film‑to‑floor translation.
Momcilovic’s blend of touch, feel, and system reliability makes him one of the more coachable stretch‑forwards in the class — a player who elevates lineup spacing and offensive clarity simply by being on the floor.
","Best shots come from spot‑ups, pick‑and‑pop threes, and rhythm jumpers. Shows three‑level scoring flashes — deep range hitting an astounding 56.3%!!! of his 3  on  over 7 attempts per game through 14 gamess , mid‑range fadeaways, and crafty finishes at the rim. Efficiency dips when forced into contested off‑dribble creation or when attacking length at the rim.
","Closest Echo: Bojan Bogdanović — scoring wing/forward with perimeter shooting and offensive versatility.
Joe Ingles — floor spacing and secondary playmaking.
Sam Hauser — stretch forward with shooting gravity and footwork."
44,Xaivian Lee,21,Silver,"6'4""",180,PG/SG,"6'5""",Florida,,ModalKey-Lee,"Combo guard with scoring instincts, playmaking feel, and perimeter touch. Princeton transfer now starting for Florida, contributing across the board despite shooting struggles in SEC play.","Xaivian Lee is a lean,  sharp, creative lead guard whose game is built on pace, craft, and the ability to manipulate defenses with timing rather than raw explosiveness. At Florida he gives them a true advantage creator — someone who can run offense, pressure the rim with change‑of‑speed drives, and generate clean looks for himself or teammates without needing a heavy ball‑dominant style. His feel stands out immediately. He plays with poise, sees rotations early, and has a natural sense for when to accelerate, decelerate, or shift angles to open a window.
His offensive value comes from how many different layers he brings to a possession. He’s a confident pull‑up shooter with a smooth release, comfortable rising off the dribble or working out of ball screens. He uses hesitations, pace changes, and shoulder fakes to get downhill, and he finishes with touch and creativity rather than power. His passing is a real strength — he hits shooters on time, finds cutters, and consistently makes the right read when the defense commits. Florida’s spacing and tempo amplify his ability to orchestrate.
Defensively, Lee competes with intent. He’s active at the point of attack, uses his anticipation to jump into passing lanes, and brings enough toughness to fight through screens. His footwork and discipline allow him to stay attached to guards, and he rarely takes himself out of a play with unnecessary gambles. As he continues to add strength, he projects as a guard who can hold his own across multiple matchups.
Long‑term, Lee profiles as a skilled, composed lead guard — shot‑making, playmaking feel, pace control, and the ability to elevate teammates. His blend of craft and decision‑making gives him a scalable role in modern guard‑driven offenses, and his move to Florida only sharpens the projection. He does need to start shooting at a better rate to make his case that he can compete with the elite.","Name: Xaivian Lee
Badge Tier: Silver
Team: Florida
Height/Weight: 6'3, 185 lbs
Wingspan: 6'5

","Operates well in tempo, using pace to create advantages and find teammates. Shows comfort initiating offense, making live‑dribble reads, and attacking gaps. Still adjusting to SEC length and physicality, which affects shot selection and finishing windows, but maintains poise and confidence.",,Uses length and anticipation to contest passing lanes and guard both backcourt spots. Active on the glass and competes defensively. Must continue adding strength and discipline to handle physical SEC drivers and maintain positioning.,"Current Drift:
A poised combo guard with shooting touch, playmaking feel, and competitive energy.
Potential Drift:
If efficiency stabilizes, he trends toward a reliable rotation combo guard; if not, he projects as a defensive‑leaning connector with streak‑based scoring.
Stabilizers:
• Shot selection
• Strength development
• Decision‑making","Early SEC shooting struggles highlight volatility. If perimeter shot doesn’t stabilize, role narrows to defensive specialist with secondary playmaking. Must prove efficiency can translate from Ivy League to high‑major competition.","Lee has shown strong buy‑in to Florida’s pace‑and‑space structure, playing with the craft and timing of a guard who creates advantages through manipulation rather than burst. His coachability shows in how consistently he applies coaching emphasis on tempo control, early reads, and keeping the offense organized. He plays with poise, doesn’t rush possessions, and uses pace changes to open windows without drifting into low‑value creation.
Offensively, he stays within structure. He’s comfortable operating out of ball screens, using hesitations and angle shifts to get downhill, and making the early pass when help commits. Even with shooting inconsistency, he remains disciplined — he doesn’t force pull‑ups, he keeps the ball moving when defenses load up, and he maintains possession value with clean decisions.
Defensively, he competes with intent. He uses anticipation to stay attached, works through screens, and avoids unnecessary gambles. His footwork and discipline allow him to guard multiple backcourt matchups despite a lean frame, and he rarely takes himself out of a possession.
Lee’s blend of craft, feel, and possession‑level discipline gives him a scalable projection as a modern lead guard — with the jumper being the swing skill that determines how fully defenses must honor him.","Best shots come from catch‑and‑shoot threes, rhythm pull‑ups, and straight‑line drives. Smooth mechanics with confidence from deep, though efficiency is streaky due to shot selection and tougher defensive contests. Less effective when settling for off‑dribble threes early in the clock or finishing through size.","Closest Echo: Andrew Nembhard — poised combo guard with steadiness and control.
Tyrese Haliburton (scaled) — shooting touch and playmaking vision.
Spencer Dinwiddie — combo‑guard scoring and secondary creation."
45,Jaden Bradley,22,Silver,"6'3""",200,G,"6'6""",Arizona,,ModalKey-Bradley,"Senior guard thriving in Arizona’s uptempo, balanced system. Playing the most efficient basketball of his career, combining elite shooting splits with improved playmaking and defensive toughness. Brings physicality, poise, and connective value to a deep backcourt. ","At Arizona, Bradley has emerged as a primary offensive fulcrum whose influence is felt across possession phases. He consistently asserts himself in advantage moments, combining aggressive scoring with an ability to keep the offense flowing when initial reads are stunted. Defenses respect his shot creation and ability to make plays in key moments, and his presence stabilizes lineups by forcing consistent attention to the ball.

Offensively, Bradley blends scoring and facilitation in a way that stresses coverage. He attacks closeouts decisively, uses body control to finish through traffic, and spaces the floor with ready jumpers when defenses sag. His playmaking instincts keep defenders occupied even when he opts to redistribute, allowing him to generate value both with the ball and without it.

Defensively, Bradley brings activity and anticipation on the perimeter. He applies pressure in ball-screen actions, uses physicality to stay connected, and competes to disrupt rhythm without over-committing. His two-way engagement gives him a pathway to remain impactful across lineup contexts as his decision discipline continues to refine.

Overall, Bradley profiles as a balanced lead guard whose combination of scoring, playmaking, and defensive involvement gives him clear possession-to-possession value with room to grow.

WHY THIS FITS YOUR PRO RUBRIC

✅ Team context used once (Arizona) — orientation without explaining value by scheme
✅ Possession impact focus — how he affects the game rather than what the coach runs
✅ No module overlap — avoids specific reads or mechanics already in your modules
✅ Directional without reporting trends — evaluator language (e.g., “continues to refine”)

If you want, I can do a shorter ~130-word version for your UI card or help you craft a Pro write-up QA checklist you can use to score these automatically.","Name: Jaden Bradley
Badge Tier: Silver
Team: Arizona
Height/Weight: 6'3"", 200 lbs
Wingspan: 6'6""
","Operates cleanly within Arizona’s pace‑driven structure. Attacks gaps decisively, relocates well off the ball, and uses strength to finish through contact. Reads space effectively in early offense and thrives when the floor is spread. Less reliant on self‑creation than in past seasons, which has sharpened his efficiency",,"Physical, competitive defender with strong lateral quickness and the ability to pressure ball‑handlers. Uses strength to guard up a position and disrupt drives. Shows good instincts navigating screens and contesting at the point of attack. Needs improved discipline on closeouts and better anticipation off the ball.","Current Drift:
A two‑way, high‑efficiency combo guard with defensive toughness and connective playmaking.
Potential Drift:
If shooting volume scales → reliable rotation guard with real playoff utility.
If not → low‑usage defensive guard with efficiency‑dependent value.
Stabilizers:
• Catch‑and‑shoot reliability
• Assist‑to‑turnover control
• Defensive discipline
• Finishing efficienc","Lower risk than in previous seasons. Shooting leap stabilizes offensive value, but scalability depends on maintaining efficiency at higher volume. Limited size caps switching versatility. Must continue improving decision‑making under pressure to avoid turnover spikes.","Bradley has evolved into a model of senior‑year buy‑in — poised, efficient, and fully aligned with Arizona’s uptempo, balanced system. His coachability shows in how cleanly he blends scoring, playmaking, and defensive toughness without forcing possessions. He’s playing the most efficient basketball of his career because he’s embraced shot discipline, pacing, and the value of keeping the offense connected.
He applies coaching emphasis on tempo control and decision‑making with real maturity. He picks his spots, makes the simple pass early, and uses his physicality to finish or draw help without drifting into low‑value attempts. Defensively, he competes with intent, fights through screens, and brings a steadiness that stabilizes the backcourt.
Bradley’s growth reflects a guard who has learned how to maximize his strengths inside structure — a hallmark of a highly coachable senior.","One of the most efficient guards in the country this season through 14 games.. Shooting 53% FG and 52.4% from three with 82.2% FT. Thrives on catch‑and‑shoot looks, rhythm threes, and decisive downhill attacks. Efficiency spikes when he avoids contested pull‑ups and stays within Arizona’s flow. Finishes well through contact and leverages strength in the paint.","Derrick White (two‑way efficiency + connective playmaking),
De’Anthony Melton (defensive pressure + slashing),
Jevon Carter (toughness + role reliability),
Aaron Holiday (secondary handler with shooting growth)."
46,Alex Karaban,23,Silver,"6'8""",220,PF,"6'10""",UConn,,ModalKey-Karaban,"Karaban is a polished, reliable forward who spaces the floor, moves the ball, and plays with a veteran sense of timing. His shooting efficiency and decision‑making make him a stabilizing presence in UConn’s offense, and his production reflects a player who understands how to impact games without forcing volume.","Alex Karaban is a polished, high‑IQ stretch forward whose game is built on shooting versatility, positional feel, and the ability to operate as a connective piece in a structured offense. At Connecticut he embodies exactly what the program values — discipline, spacing gravity, and mistake‑free basketball. His jumper is the anchor: clean mechanics, deep range, and the confidence to shoot off spot‑ups, relocations, and pick‑and‑pop actions. He doesn’t need to dominate the ball to influence possessions; his presence alone bends defenses.
His possession impact comes from how reliably he makes the right read. He moves without the ball, screens with purpose, and flows into actions that keep the offense humming. When defenders close out too aggressively, he’s comfortable attacking in straight lines, using his size and balance to finish or make the simple kick‑out. He’s not a self‑creator in the traditional sense, but he’s an elite advantage converter — someone who punishes defensive mistakes and elevates the efficiency of the players around him.
Defensively, Karaban is disciplined, well‑positioned, and consistently in the right place. He’s not a vertical rim protector, but he uses his length and anticipation to contest, rotate early, and stay within scheme. His communication and awareness allow him to guard within a team concept, and he competes enough laterally to stay attached to most forwards. He’s the type of defender who raises the floor of a lineup by never being out of position.
Long‑term, Karaban profiles as a modern stretch‑four with real scalability — shooting gravity, decision‑making, and team‑defense reliability that translate cleanly to winning environments. Already a proven winner at UConn, his coach Dan Hurley recently spoke of him with this quote, ""He's probably the smartest basketball person in our organization, including me.""","Name: Alex Karaban
Badge Tier: Silver
Team: UConn
Height/Weight: 6'8, 230 lbs
Wingspan: 6'10

","Karaban operates with strong positional awareness, consistently finding open pockets along the arc and relocating to maintain spacing. He reads closeouts well and attacks in straight lines when defenders overcommit. Off the ball, he cuts with purpose and keeps actions flowing by making quick, simple reads. Defensively, he positions himself intelligently, using anticipation rather than athleticism to contest and rotate.",,"Karaban is a smart positional defender who competes on rotations and uses his length to contest shots. He rebounds well within his area and rarely makes assignment mistakes. While not a primary stopper or switch defender, he brings discipline, anticipation, and effort. His defensive impact comes from being consistently in the right place rather than generating high‑event plays.","Current Drift:
A floor‑spacing, high‑IQ forward who thrives as a connector and complementary scorer.
Potential Drift:
If the handle and lateral quickness improve, he drifts toward a more versatile offensive forward who can attack closeouts and make advanced reads. If not, he remains a polished role player who spaces the floor, moves the ball, and provides steady two‑way reliability.
Stabilizers:
• 	Shooting consistency
• 	Decision‑making
• 	Positional defense","Karaban’s risks center on athletic scalability and defensive versatility. His game relies heavily on shooting efficiency and feel — if the shot dips or he’s forced into high‑athleticism matchups, his impact narrows. He must continue refining his footwork, strength, and closeout defense to maintain positional viability. His intelligence and shooting give him a strong baseline, but the margin for error is thinner than for tool‑driven prospects.","Karaban plays with the maturity and precision of a forward who fully understands how to operate inside a championship‑level system. His coachability shows in his consistency — he spaces correctly, moves the ball on time, and applies coaching emphasis on shot selection and decision‑making with near‑perfect reliability. He doesn’t need volume to matter; he elevates possessions by making them cleaner.
Defensively, he’s embraced UConn’s expectations around positioning, communication, and physicality. He rotates early, contests without fouling, and stays connected in switches. His awareness and discipline reflect a player who has internalized system concepts and executes them possession to possession.
Karaban’s steadiness, feel, and willingness to play a connective role make him one of the most coachable veteran forwards in the country — a player who raises the floor of every lineup he’s in. His coach Dan Hurley recently said of him, "" He's probably the smartest basketball person in our organization, including me..'","Karaban’s best shots come from spot‑ups, pick‑and‑pop actions, and rhythm catch‑and‑shoot looks.Through 15 games this season he has 13.3 PPG on  50 FG%, 41.8 % from 3, and 88% FT. He’s efficient when attacking closeouts in straight lines or finishing off cuts. His efficiency dips when he’s asked to self‑create or take contested pull‑ups. Keeping his usage tied to spacing, movement, and quick decisions maximizes his impact. ","Closest Echo: Joe Ingles — floor spacing, connective passing, and high‑IQ complementary scoring.
Ryan Anderson — stretch‑forward profile with reliable shooting and positional rebounding.
Sam Hauser — modern role‑player archetype built on efficiency, spacing, and smart team defense."
47,Paul McNeil Jr.,19,Silver,"6'5""",190,SG/SF,"6'8""",NC State,,ModalKey-McNeil Jr.,"Wing scorer with perimeter touch, athleticism, and confidence as a shot‑maker. 2nd year contributor for NC State with early scoring flashes and the tools to grow into a multi‑level creator.","Paul McNeil Jr. is a confident, shot‑making wing whose game is built on rhythm, scoring instincts, and the ability to generate offense from multiple levels without needing a ton of structure. At NC State he gives them a true perimeter bucket‑getter — someone who can create his own look late in the clock, heat up quickly, and shift the momentum of a game with a few possessions. His scoring approach is assertive. He plays with a natural cadence, uses his handle to get into pull‑ups, and has the touch to convert tough, contested jumpers.
His offensive value starts with his ability to get to shots most wings his age can’t. He’s comfortable operating in space, rising over smaller defenders, and attacking closeouts with enough burst to get downhill. The jumper is his calling card — confident off the catch, fluid off the dribble, and capable of hitting difficult attempts when the offense stalls. He’s still learning when to simplify and when to hunt his own look, but the underlying scoring talent is real. As he sharpens his decision‑making, he projects as a wing who can toggle between on‑ball creation and off‑ball scoring.
Defensively, McNeil brings tools and competitiveness. He has the size and mobility to guard wings, the length to contest shots, and the instincts to jump passing lanes when he’s locked in. His consistency is still developing — like most young scoring wings — but the flashes are strong. When he’s engaged, he covers ground well, rotates on time, and uses his frame to bother drives.
Long‑term, McNeil profiles as a dynamic scoring wing — shot‑making, positional size, and enough defensive potential to stay on the floor in high‑leverage moments. His game scales because it’s built on real creation ability and a scoring package that should only grow as his reads and efficiency mature.
","Name: Paul McNeil Jr.
Badge Tier: Silver
Team: NC State
Height/Weight: 6'6, 190 lbs
Wingspan: 6'8
","Operates comfortably in half‑court sets, using footwork and rhythm to create mid‑range looks. Attacks closeouts with balance and finds pockets of space off movement. Still refining pacing and decision‑making, but consistently generates clean scoring windows with feel and timing.",,"Uses length to contest shots and guard multiple positions. Active on‑ball defender with the tools to cover 2–4. Still learning rotations and must improve discipline to stay in front of quicker guards and stronger forwards, but positional size and awareness give him defensive upside.","Current Drift:
A perimeter scoring wing with mid‑range polish and complementary creation.
Potential Drift:
If shooting and strength improve, he trends toward a two‑way scoring wing; if not, he projects as a streak‑based mid‑range scorer.
Stabilizers:
• Three‑point consistency
• Strength development
• Defensive discipline","Lacks elite first step, limiting separation against top defenders. Must add strength to withstand physical matchups and improve rebounding. Without growth in shooting and defense, risks narrowing to a mid‑range‑only scorer.","McNeil plays with the confidence and decisiveness of a young wing who understands how to generate offense without disrupting structure. His coachability shows in how consistently he applies coaching emphasis on spacing, shot selection, and off‑ball activity. He gets into his jumper cleanly, attacks closeouts with control, and avoids drifting into contested, low‑value attempts.
Defensively, he competes with intent. He uses his length to stay active in passing lanes, rotates with purpose, and shows improving discipline as he gains reps. His ability to stay engaged off the ball reflects strong responsiveness to coaching.
Offensively, he stays within role — perimeter touch, clean footwork, and simple reads. He complements creators by keeping the ball moving and providing reliable scoring support.
McNeil’s blend of size, touch, and early discipline gives him a clear developmental runway as a multi‑level scoring wing.","Best shots come from rhythm pull‑ups and mid‑range isolations. Creates space with footwork and feel, hitting tough shots with balance. Three‑point shooting is streaky — mechanics are fluid, but consistency is the swing skill. Less effective when forced into deep off‑dribble attempts or contested drives without strength advantage. His overall FG % isnt high art just 44.2 through 15 games this year but his 3 point rate stands at a noticible 41.7%.","Closest Echo: Allan Houston — perimeter shooting and shot creation.
Caris LeVert — shot creation and secondary playmaking.
Malik Monk — streak‑based scoring guard profile.
Latrell Sprewell — athletic scoring wing archetype."
48,Karter Knox,20,Silver,"6'6""",224,SF,"6'9""",Arkansas,,ModalKey-Knox,"Knox is a powerful scoring wing with a downhill mentality, a strong frame, and a natural ability to generate offense without needing complex actions. His blend of physicality, touch, and confidence gives him a scalable scoring profile, and he plays with a steady, composed rhythm that translates well to higher levels. Still refining consistency as a shooter and decision‑maker, but the tools and mentality are clear.","Karter Knox is a powerful, downhill‑oriented scoring wing whose game is built on strength, straight‑line burst, and a natural ability to generate offense without needing complex creation. At Arkansas he brings a physical perimeter presence — someone who can bully smaller defenders, finish through contact, and get to his spots with decisive, no‑nonsense movement. His scoring foundation is built on force and touch: strong drives, mid‑range comfort, and a jumper that’s clean enough to punish sagging coverage. When he gets downhill, he absorbs bumps, maintains balance, and finishes with confidence.

His possession impact comes from how reliably he applies pressure. He attacks closeouts with purpose, runs the floor hard, and stays active as a cutter who slips into gaps at the right moments. He doesn’t need a heavy dribble load to matter — he thrives in second‑side actions, transition, and simplified reads where his physical tools take over. His willingness to keep the ball moving, relocate, and stay shot‑ready makes him easy to pair with high‑usage guards. He bends defenses by forcing rotations, which opens clean windows for teammates.

Defensively, Knox has the tools to guard wings and some forwards. His length, strength, and lateral mobility give him real versatility, and he competes with enough physicality to disrupt actions on the ball. As his discipline and off‑ball awareness continue to sharpen, he projects as a scalable two‑way wing who brings scoring punch, physicality, and lineup‑friendly versatility to modern systems.
","Name: Karter Knox
Badge Tier: Silver
Team: Arkansas
Height/Weight: 6'6, 220 lbs
Wingspan: 6'9

","Knox understands how to use his strength and pacing to create driving angles. He attacks closeouts with purpose, keeps defenders on his hip, and uses controlled footwork to get to his spots. Off‑ball, he positions himself well as a cutter and relocator, especially along the baseline. Defensively, his spatial reads are improving — he recognizes rotations but can be late tagging rollers or closing out with discipline.",,"Knox has the tools to be a versatile defender — strong frame, good length, and solid lateral mobility. He competes on the ball and can absorb contact without being dislodged. Off‑ball, he flashes anticipation but can drift or lose focus when guarding movement shooters. His screen navigation is improving but inconsistent. With continued discipline and conditioning, he projects as a capable multi‑position defender.","Current Drift:
Trending toward a physical slashing wing who generates offense through downhill attacks, midrange touch, and strength‑based creation. His habits — attacking gaps, absorbing contact, and operating from the mid‑post — pull him toward a power‑wing archetype.
Potential Drift:
If the jumper stabilizes, he drifts toward a three‑level scoring wing. If not, he remains closer to a complementary slasher who thrives in transition and advantage situations.
Stabilizers:
• 	Shooting consistency
• 	Handle refinement
• 	Defensive engagement","Knox’s risk centers on shooting reliability, decision‑making, and defensive consistency. If the jumper doesn’t progress, defenders may sag and force him into crowded drives. His handle is functional but can tighten under pressure, limiting creation equity. Defensively, lapses in focus can lead to breakdowns. The physical tools and scoring instincts give him a strong baseline, but the ceiling depends on skill refinement.
","Knox has built on last season’s foundation with improved pacing, more controlled downhill attacks, and better discipline in shot selection. He’s shown clear responsiveness to coaching in how he sequences drives, reads help, and chooses when to assert himself versus when to keep the ball moving. Defensively, he’s more consistent in positioning and communication, applying system concepts with fewer lapses and better anticipation. He still has room to grow as a decision‑maker, but his competitiveness, physicality, and willingness to refine habits point toward a wing who absorbs guidance and scales responsibility without losing efficiency.
","Knox’s best shots come from straight‑line drives, midrange pull‑ups, and transition finishes. His touch around the rim and ability to absorb contact make him efficient when attacking downhill. Catch‑and‑shoot threes are improving but streaky. Lower‑value shots appear when he settles for contested pull‑ups early in the clock or drives without a clear plan. His efficiency rises when he mixes slashing with timely kickouts and off‑ball movement.","Closest Echo: Kelly Oubre Jr. — downhill scoring wing with physicality and streak‑driven perimeter shooting.
RJ Barrett — strong slasher with midrange touch and secondary creation flashes.
Cam Reddish (role similarity) — versatile wing tools with scalable defensive potential and transition value."
49,Zoom Diallo,20,Silver,6'4,190,PG,"6'6""",Washington,,ModalKey-Diallo,"Diallo is a strong, downhill, physical guard with real rim pressure, pick‑and‑roll command, and improving efficiency. Through 44 career games at Washington, he has averaged 12.1 PTS, 3.2 REB, and 2.9 AST on 48.4% FG. His sophomore jump has been meaningful — 14.5 PTS on 50.8% FG and 37.5% from three — showing improved shot selection and confidence. He plays with force, competes defensively, and has the frame and mentality to scale into a multi‑role guard.","At Washington, Diallo has brought immediate pace and energy to the backcourt, consistently changing the speed of possessions with his quickness and aggression. He impacts games by forcing defenses to react early, whether pushing in the open floor or attacking gaps before coverage fully sets. His presence raises the overall tempo and puts pressure on opposing guards to stay organized.

Offensively, Diallo is most effective when he can play decisively. He attacks space with confidence, looks to turn the corner quickly, and keeps the defense engaged even when he’s not finishing the play himself. As his game continues to settle, he has shown growing awareness of when to slow possessions, move the ball, and reinsert himself rather than forcing outcomes, an important step toward sustaining value against more disciplined defenses.

Defensively, Diallo competes with activity and effort at the point of attack. He applies pressure, stays involved through switches and recoveries, and brings an edge that helps set the tone for lineups. While his defensive game is still refining, his motor and engagement give him a foundation to remain playable as his offensive decision-making matures.

Overall, Diallo profiles as a guard whose value is driven by pace, pressure, and competitive energy. As his feel and control continue to stabilize, his ability to blend speed with decision discipline will determine how cleanly his role scales.","Name: Zoom Diallo
Badge Tier: Gold
Team: Washington
Height/Weight: 6'4"", 195 lbs
Wingspan: 6'8""
","Diallo manipulates space with strength, pacing, and physicality rather than elite burst. He’s comfortable getting downhill, using his body to create angles, and finishing through contact. In ball screens, he mixes pace well and can keep defenders on his hip. Off‑ball, he relocates into driving lanes and cuts decisively. Defensively, he positions well and uses his frame to absorb contact, though elite speed can challenge him.",,"Diallo is a competitive, physical defender who uses his strength to stay attached to drivers. He fights through screens, contests well at the point of attack, and rebounds his position (career 3.6 RPG). His anticipation is solid, though he’s not a high‑steal gambler. Quick‑twitch guards can create separation, but his effort and physicality give him a stable defensive floor.
","Current Drift:
Trending toward a downhill, physical guard who impacts possessions with rim pressure, strength, and pick‑and‑roll pacing.
Potential Drift:
If the shooting continues to stabilize (career 26.3% from three, but 34.6% as a sophomore through 14 games), he drifts toward a more complete on‑ball creator. If not, he remains a force‑driven slasher and secondary handler.
Stabilizers:
• 	Shooting consistency
• 	Decision‑making under pressure
• 	Continued physical development","Diallo’s risks center on shooting scalability, burst, and turnover control. If the jumper regresses toward his freshman mark (18.2% from three), defenders will duck under screens. His physical style invites contact but also turnovers (career 2.1 TOV). Without elite burst, he must rely on craft and strength to generate advantages. The floor is strong due to physicality and competitiveness; the ceiling hinges on shooting and creation growth.","Diallo has shown meaningful year‑over‑year growth, a clear indicator of strong responsiveness to coaching. His sophomore jump in efficiency reflects improved shot selection, better pacing, and a more deliberate approach to pick‑and‑roll reads. He’s learned when to apply pressure and when to slow possessions, showing a more mature understanding of game flow.
His downhill aggression remains his anchor, but he’s become more selective in how he uses it — attacking space decisively, moving the ball when help collapses, and re‑engaging actions rather than forcing outcomes. That shift speaks directly to improved decision discipline.
Defensively, he competes with consistent effort. He applies pressure at the point of attack, stays involved through switches, and brings an edge that aligns with Washington’s identity. As his anticipation sharpens, he projects as a guard who can defend multiple backcourt archetypes.
Diallo’s trajectory reflects a player who absorbs coaching, refines habits, and scales responsibility without losing the physicality that defines his game.
","Diallo’s best shots come from downhill drives, physical finishes, and rhythm midrange attempts. He’s efficient inside the arc (career 52.0% on twos). Catch‑and‑shoot threes are improving, but pull‑ups remain inconsistent. Lower‑value shots appear when he forces contested drives or early‑clock jumpers. His efficiency peaks when he mixes rim pressure with timely kickouts and selective shooting.","Closest Echo: Jalen Brunson (stylistic direction) — strength‑based guard, downhill pressure, physicality, and pick‑and‑roll pacing.
Marcus Smart (role similarity) — toughness, defensive engagement, and multi‑role guard utility.
Tyler Ulis (developmental contrast) — smaller guard who leveraged pacing and craft over burst; useful as a developmental comparison for Diallo’s pacing‑first approach"
50,Tomislav Ivisic,22,Silver,"7'1""",255,C,"7'3""",Illinois,,ModalKey-TomIvisic,"Skilled inside‑out big with soft touch, passing feel, and stretch‑five potential. Croatian center for Illinois with early scoring impact before a knee setback.","Tomislav Ivišić is a skilled, floor‑stretching big whose game is built on touch, timing, and a modern blend of size and perimeter comfort. He brings a unique profile for a true center — a combination of shooting ability, passing feel, and interior presence that lets him impact possessions without needing a heavy diet of post touches. His coordination stands out for his size. He moves fluidly, reads actions early, and plays with a calm, deliberate pace that keeps him under control.
His offensive value starts with the jumper. He’s a legitimate pick‑and‑pop threat with a smooth release, confident from the top of the arc or the trail spot, and comfortable flowing into shots without hesitation. That gravity opens the floor for guards and forces bigs to defend higher than they want to. Around the rim, he finishes with soft touch and uses his length to score over contests rather than powering through bodies. He also shows real passing instincts — hitting cutters, making high‑low reads, and keeping the ball moving when defenses collapse. He’s not a self‑creator, but he’s an efficient, system‑friendly big who elevates spacing and decision‑making.
Defensively, Ivišić brings value through positioning and length. He’s not a vertical explosion athlete, but he’s smart in drop coverage, uses his size to contest without fouling, and rotates on time. His mobility is workable — enough to survive in space in short stretches — and he makes multiple efforts when plays extend. As he continues to add strength and conditioning, he projects as a reliable interior defender who can anchor possessions with discipline and awareness.
Long‑term, Ivišić profiles as a modern stretch big — shooting touch, passing feel, interior size, and enough defensive reliability to stay on the floor in high‑leverage lineups. His game scales cleanly because it’s built on skill, timing, and a perimeter‑friendly offensive package that fits today’s spacing‑driven systems.
","Name: Tomislav Ivišić
Badge Tier: Silver
Team: Illinois
Height/Weight: 7'1, 255 lbs
Wingspan: 7'3

","Operates comfortably in pick‑and‑pop, high‑post facilitation, and spot‑up actions. Uses touch and timing to finish around the rim and create passing angles. Still developing mobility and defensive reads, but offensive feel is advanced for his size.
",,"Paint anchor with timing and reach. Not an elite rim protector, but size forces opponents into tougher finishes. Heavy‑footed laterally and vulnerable to quicker perimeter threats. Must improve rotations and conditioning to maximize defensive impact.","Current Drift:
A stretch‑five with touch, passing feel, and interior scoring.
Potential Drift:
If mobility and conditioning improve, he trends toward a modernized stretch‑five; if not, he projects as an offensive specialist with limited defensive versatility.
Stabilizers:
• Conditioning
• Defensive positioning
• Shooting consistency","Heavy feet limit defensive versatility. Slow to react to ball movement and vulnerable to pump fakes. Durability is a concern after knee issues and prior health setbacks. Without defensive improvement, role narrows to offensive specialist.
","Ivišić has shown strong responsiveness to Illinois’ inside‑out structure, playing with the touch and decision‑making of a big who understands how to operate within a modern spacing context. His coachability shows in how consistently he executes screening, short‑roll decisions, and pick‑and‑pop actions. He doesn’t force creation and keeps the offense organized with simple, clean reads.
Defensively, he competes with discipline. He uses his size to anchor the paint, plays with verticality, and shows improving timing as a rim deterrent. His ability to stay within scheme and avoid unnecessary fouls reflects strong buy‑in.
Offensively, he stays within role — touch finishes, kick‑outs, and spacing responsibilities. His passing feel and willingness to keep the ball moving elevate lineup flow.
Ivišić’s size, touch, and system discipline give him a scalable projection as a modern stretch‑five with connective value.
","Best shots come from pick‑and‑pop threes, spot‑ups, and touch finishes. Smooth lefty mechanics with 35.7% from three last season. Excellent touch on hooks and floaters. Doesn’t get to the line often due to perimeter‑heavy shot diet. Less effective when forced into contested post‑ups or rushed finishes","Closest Echo: Channing Frye — perimeter shooting gravity and stretch‑five value.
Brad Miller — passing, touch, and interior toughness.
Ivica Zubac — efficient interior scoring and size.
Jusuf Nurkić — physical Balkan big archetype."
51,Tahaad Pettiford,20,Silver,"6'1""",175,PG,"6'4""",Auburn,,ModalKey-Pettiford,"Explosive scoring guard with elite shooting touch and mismatch creation. Projects as a combo initiator with clutch shotmaking and off‑ball gravity. Functions as Auburn’s starting point guard, balancing scoring with facilitation. Averaged 113 assists as a freshman, one of only four Auburn freshmen ever to surpass 100.
","Tahaad Pettiford is a fast, confident scoring guard whose game is built on burst, shot‑making, and the ability to create advantages in tight spaces. At Auburn he brings a true pressure‑guard profile — someone who can get downhill, collapse a defense, and generate offense even when the possession isn’t perfectly organized. His first step is real. He turns corners quickly, gets into the paint with ease, and forces rotations simply by being aggressive off the bounce.
His offensive value comes from how many different ways he can score. He’s a natural pull‑up shooter with real comfort rising off the dribble, especially when defenders go under. He’s decisive attacking closeouts, uses his body well to finish through contact for his size, and has the touch to convert tough runners and floaters. He’s not a pure table‑setter, but he’s a functional playmaker — he draws help, sees the obvious read, and keeps the ball moving when the defense collapses. Auburn’s pace and spacing amplify his strengths.
Defensively, Pettiford competes with real edge. He’s smaller than some guards he’ll face, but he makes up for it with quickness, active hands, and a willingness to fight through screens. He stays attached at the point of attack, pressures the ball, and brings the kind of energy that fits Auburn’s defensive identity. His motor allows him to make multiple efforts in a single possession, and he rarely floats.
Long‑term, Pettiford profiles as a dynamic scoring guard — burst, shot‑making, and enough playmaking feel to fit next to another creator. His ability to pressure the rim and hit tough shots gives him a scalable role in modern guard‑driven offenses.
","Name: Tahaad Pettiford
Badge Tier: Silver
Team: Auburn
Height/Weight: 6'1, 175 lbs
Wingspan: 6'4","Pettiford operates best in tempo, using burst to attack early offense and create separation. Reads ball screens effectively and relocates well off the ball to generate catch‑and‑shoot opportunities. Still refining pacing and decision‑making in the half court but consistently finds scoring windows.
",,"Quick guard who pressures the ball and uses lateral speed to stay attached to handlers. Undersized but disruptive when engaged, with anticipation that allows him to jump passing lanes. Auburn staff emphasize his potential as an elite defender when locked in, though consistency and discipline remain developmental areas.","Current Drift:
A scoring‑first combo guard with burst, perimeter shotmaking, and on‑ball creation value.
Potential Drift:
If efficiency and defensive discipline stabilize, he trends toward a dynamic offensive initiator; if not, he projects as a streak‑based scoring guard who thrives in matchup‑dependent roles.
Stabilizers:
• Shooting consistency
• Defensive engagement
• Decision‑making growth","Risks tied to inconsistency — early sophomore slump (sub‑40% FG in first 14 games) highlights volatility. Size limits defensive versatility, and streak‑based shooting can swing impact. Must stabilize efficiency, pacing, and decision‑making to maximize long‑term role.","Pettiford has shown strong responsiveness to Auburn’s pace and spacing principles, channeling his burst and shot‑making into more controlled, repeatable actions. His coachability shows in how he’s balanced scoring aggression with improved decision‑making — attacking space decisively, making the early read when help arrives, and avoiding the over‑driven possessions that can sink young guards.
He applies coaching emphasis on tempo and shot quality with growing maturity. He’s more patient in ball screens, more deliberate in how he manipulates defenders, and more comfortable toggling between scorer and connector depending on coverage.
Defensively, he competes with real edge. He pressures the ball, fights through screens, and uses his quickness to stay attached despite size disadvantages. His motor and willingness to make multiple efforts reflect strong buy‑in.
Pettiford’s blend of burst, touch, and early discipline gives him a scalable trajectory as a modern scoring guard who can fit next to another creator.
","Averaging 13.0 PPG on 33.3% FG early season. Best shots come from pull‑ups, catch‑and‑shoot threes, and transition attacks. Exploded for 24 points vs Oregon, showing confidence in perimeter creation. Efficiency dips on deep contested pull‑ups and early‑clock jumpers. Keeping his usage tied to advantage creation maximizes his value.","Closest Echo: Brandon Jennings (early career) — explosive scoring guard with deep range and streak‑based shotmaking.
Kemba Walker — compact scoring guard with quickness and perimeter creation.
Eric Bledsoe — athletic downhill guard with defensive toughness and scoring bursts."
52,Miles Byrd,20,Silver,"6'6""",190,SF/PF,6'10,San Diego State,,ModalKey-Byrd,"Versatile wing who brings defensive playmaking, length, and activity. Junior guard for San Diego State with elite steal/block rates and rotational reliability.","Miles Byrd is a steady, versatile perimeter guard whose game is built on feel, defensive activity, and the ability to connect actions without needing a heavy scoring load. At San Diego State he fits the program’s identity — disciplined, competitive, and willing to do the detail work that keeps possessions organized on both ends. His presence brings balance. He plays with poise, understands spacing, and rarely forces the issue, giving SDSU a guard who stabilizes lineups rather than dominating touches.
His offensive value comes from how cleanly he plays within structure. He’s a smart ball‑mover who sees the early read, keeps the ball hopping, and flows into secondary actions without hesitation. He attacks closeouts with control, finishes with craft, and has a workable jumper that keeps defenses honest. He’s not a volume scorer, but he’s efficient in his role — cutting, relocating, and making the right decision when the defense shifts. His feel allows him to complement higher‑usage guards without disrupting rhythm.
Defensively, Byrd fits exactly what San Diego State demands. He’s active at the point of attack, uses his length to bother ball‑handlers, and competes through screens. His anticipation shows up in how he jumps passing lanes and rotates early, and he brings the kind of multiple‑effort motor that anchors their perimeter defense. He’s reliable, disciplined, and rarely out of position.
Long‑term, Byrd profiles as a connective two‑way guard — feel, defensive engagement, unselfish decision‑making, and enough scoring touch to fit next to different types of creators. He impacts winning because he plays with purpose, maturity, and a clear understanding of how to elevate the players around him.","Name: Miles Byrd
Badge Tier: Silver
Team: San Diego State
Height/Weight: 6'6, 190 lbs
Wingspan: 6'10
","Operates well as a connective wing, moving the ball, attacking closeouts, and filling lanes in transition. Uses length to finish plays created by others and understands spacing within SDSU’s structured offense. Still refining shot selection and half‑court pacing, but consistently impacts possessions with activity.",,"Uses wingspan and anticipation to disrupt passing lanes, guard 1–3, and contest shots. Elite defensive playmaking with a steal rate over 4% and block rate near 5%. Must continue adding strength and discipline to handle physical drivers and avoid foul‑prone stretches.","Current Drift:
A defensive‑first wing with length, anticipation, and connective value.
Potential Drift:
If shooting stabilizes, he trends toward a reliable two‑way rotation wing; if not, he projects as a defensive specialist with limited scoring gravity.
Stabilizers:
• Shooting consistency
• Strength development
• Defensive discipline","Lack of proven scoring punch limits upside. If perimeter shot doesn’t stabilize, role narrows to defensive specialist. Must improve finishing through contact and maintain efficiency as usage increases.
","Byrd plays with the maturity and defensive engagement that fit San Diego State’s identity. His coachability shows in how consistently he executes spacing, ball movement, and off‑ball responsibilities. He doesn’t chase scoring; he connects actions, keeps the offense organized, and plays with real poise for a 21‑year‑old junior.
Defensively, he’s fully aligned with the program’s demands. He uses his length to bother handlers, rotates early, and brings multiple efforts on every possession. His anticipation and discipline allow him to guard across positions without compromising structure, and he rarely takes himself out of plays with unnecessary risks.
Offensively, he stays within role — attacking closeouts under control, finishing with craft, and making the early read. He complements higher‑usage guards by keeping the ball moving and avoiding low‑value attempts, reflecting strong film‑to‑floor translation.
Byrd’s feel, defensive reliability, and unselfish approach make him a highly coachable connective wing who elevates lineup stability without needing touches.","Best shots come from spot‑ups, transition finishes, and straight‑line drives. Shows confidence as a catch‑and‑shoot option, though efficiency is streaky. Comfortable attacking closeouts but still developing touch and strength to finish through contact. Shot quality dips when forced into contested pull‑ups.","Closest Echo: Josh Richardson — two‑way guard with defensive versatility.
De’Anthony Melton — perimeter defense and secondary scoring.
Matisse Thybulle — defensive playmaking profile.
"
53,Braden Smith,22,Silver,"6'0""",175,PG,"6'3""",Purdue,,ModalKey-Smith,"Smith is a steady, experienced point guard who organizes offense, shoots efficiently, and brings leadership to Purdue’s backcourt. His command of tempo and decision‑making make him a reliable initiator in structured systems.","At Purdue, Smith has established himself as one of the primary engine players whose influence shapes how possessions unfold. A old school style PG, his ability to read defenses and make immediate decisions with the ball sets the pace for his unit, and he consistently impacts outcomes by forcing coverage shifts that create space for teammates. Defenses must account for his dual threat as a distributor and scorer, giving him a kind of possession-to-possession leverage that few peers match.

Offensively, Smith blends elite vision with confident scoring when opportunities arise. He pressures closeouts decisively, finds advanced angles to finish, and keeps the ball moving when defenses rotate, keeping opponents reactive rather than proactive. His comfort in taking responsibility late in possessions while balancing creation and scoring gives lineups a sustained offensive identity, even when teammates are off the ball or struggling to shoot.

Defensively, Smith brings acute anticipation and competitive focus on the perimeter. He uses positioning and activity to disrupt ball handlers and stays connected through rotations without overextending, helping preserve coverage integrity. While his defensive contributions are naturally paired with his scrambling instincts, his engagement level allows him to stay impactful at both ends throughout possessions.

Overall, Smith profiles as a high-IQ lead guard whose balance of playmaking, scoring readiness, and on-ball pressure translates across contexts. As his decision discipline continues to refine, his two-way value remains a core driver of possessions.

Notes on current context:
Smith is not just a distributor — he recently broke the Big Ten career assists record and continues to deliver high-impact scoring and creation at a national level, including standout performances in key wins.

This keeps with your PRO rubric:

✅ One-line role header
✅ Team anchor only once for orientation
✅ Focused on how he affects possessions — not play calls or trends
✅ Directional language (“continues to refine,” “impact outcomes”)
✅ No redundant module content (no mechanics like pick angles, screen timing, etc.)

If you want, I can also produce a ~140-word condensed version for UI constraints or a module overlap check to make sure the Pro note stays distinct from your deeper evaluations.

ChatGPT can make mistakes. Check impor","Name: Braden Smith
Badge Tier: Silver
Team: Purdue
Height/Weight: 6'0, 180 lbs
Wingspan: 6'3

","Recently setting the BIG Ten all time  assists record, Smith reads the floor  exceptionally well, manipulating space with pacing and ball screens. He finds shooters, hits rollers, and keeps the offense organized. Off the ball, he relocates intelligently to create shooting windows. Defensively, he anticipates actions and positions himself well despite size limitations.",,"Smith competes with toughness, using anticipation and effort to disrupt opposing guards. He rebounds very well for his size (4.1 RPG this season) and fights through screens. His physical limitations restrict switch versatility, but his discipline and motor help mitigate matchup concerns. Adding 1.8 steals per game, he's pesky.","Current Drift:
A steady floor general who balances scoring and playmaking with strong decision‑making.
Potential Drift:
If the shooting volume and defensive discipline continue to rise, he drifts toward a reliable rotation point guard. If not, he settles into a situational role dependent on matchup and system fit.
Stabilizers:
•         Shooting efficiency
•         Decision‑making
•         Defensive anticipation","Smith’s risks center on size, defensive scalability, and athletic ceiling. At 6'0"", he must rely on anticipation and toughness to survive defensively. Offensively, he must maintain efficiency to offset physical limitations. His margin for error is narrower than larger guards.","Smith plays with the command and steadiness of a veteran who fully understands Purdue’s structure. His coachability shows in how consistently he executes the program’s expectations around tempo control, shot selection, and decision‑making. He organizes the offense without overhandling, makes the early read, and keeps possessions efficient through timing and precision.
Defensively, he competes with discipline — staying attached, fighting through screens, and positioning himself to limit breakdowns. His communication and anticipation reflect a guard who understands how to anchor a system from the point of attack.
Smith’s maturity, feel, and ability to elevate team structure make him one of the most coachable veteran point guards in the class — a player who raises the floor of every lineup he runs.","Smith’s best shots come from spot‑ups, ball‑screen pull‑ups, and controlled drives. He’s efficient when shooting in rhythm or attacking sagging defenses. Efficiency dips on heavily contested finishes or deep off‑dribble attempts. Keeping his usage tied to decision‑making and spacing maximizes his impact.","Closest Echo: Jameer Nelson — steady floor general with shooting touch and toughness.
Andre Miller — reliable, methodical point guard who controls tempo and makes smart reads.
Ty Lawson — quick playmaker with scoring instincts and pick‑and‑roll command."
54,Tamin Lipsey,22,Silver,"6'1""",200,PG,,Iowa State,,ModalKey-Lipsey,"Physical two‑way point guard who drives winning for undefeated Iowa State. Elite defender with strong playmaking and downhill pressure. Silver tier reflects high‑floor projection tied to defense, toughness, and decision‑making.","The definition of efficient PG (5.5 APG and .0.8 TPG through first 13 games),Tamin Lipsey is a tough, physical, high‑IQ lead guard whose game is built on pressure, poise, and the ability to control possessions without needing to be a high‑volume scorer. At Iowa State he’s the engine of their identity — a guard who dictates tempo, sets the tone defensively, and keeps the offense organized through sheer command of the game. His handle is compact, his cadence is deliberate, and he plays with a level of composure that settles the entire lineup.
His offensive value comes from how consistently he creates advantages without forcing the issue. He gets two feet in the paint, collapses the defense, and makes the simple, correct read over and over. He’s strong enough to absorb contact on drives, patient enough to manipulate ball screens, and unselfish enough to keep the ball moving when the defense rotates. The jumper is still developing, but he compensates with pace control, decision‑making, and the ability to generate clean looks for teammates. He’s the kind of guard who raises the floor of every possession simply by being in command.
Defensively, Lipsey is one of the most competitive guards in the country. He fights through screens, uses his strength to stay attached at the point of attack, and has the anticipation to disrupt actions without gambling out of structure. His motor is relentless — he makes multiple efforts in a single possession, rotates on time, and brings the physical edge that defines Iowa State’s scheme. He guards bigger players with leverage and toughness, and he rarely loses discipline.
Long‑term, Lipsey profiles as a system‑reliable, two‑way guard — someone who brings toughness, decision‑making, and defensive intensity to any lineup. He may not be a flashy creator, but he’s the type of guard who drives winning by controlling tempo, protecting possessions, and setting a defensive standard.","Name: Tamin Lipsey
Badge Tier: Silver
Team: Iowa State
Height/Weight: 6'1"", 200 lbs
","Operates with strong feel in Iowa State’s pace‑controlled, physical system. Attacks gaps decisively, uses strength to finish through contact, and reads ball screens with maturity. Off‑ball, he relocates intelligently and keeps actions flowing. Limited spacing gravity reduces some off‑ball value, but his timing and floor awareness remain strong",,"One of the best defensive guards in the country. Generates 2.4 steals per game through anticipation, physicality, and relentless pressure. Navigates screens, disrupts dribbles, and guards both backcourt spots. Uses strength to absorb contact and force turnovers. Off‑ball awareness continues to improve, but defensive toughness is elite.","Current Drift:
A defensive‑minded lead guard with playmaking stability and downhill pressure.
Potential Drift:
If shooting improves → two‑way rotation guard with playoff‑utility defense.
If not → defensive specialist and connective handler with limited spacing value.
Stabilizers:
• Catch‑and‑shoot reliability
• Turnover control
• Defensive discipline
• Finishing efficienc","Primary swing skill is perimeter shooting (28.6% from three this season). Limited spacing value narrows offensive scalability. Must maintain turnover control and continue improving decision‑making under pressure. Defensive value keeps the floor high, but offensive ceiling depends on shooting growth","Lipsey plays with the clarity and toughness of a guard who understands exactly how to drive winning. His coachability shows in how consistently he executes Iowa State’s identity — physical defense, ball pressure, decision discipline, and downhill force. He embraces the hardest parts of the job and repeats them possession after possession.
Offensively, he applies coaching emphasis on pace, advantage creation, and ball security with real maturity. He gets downhill with purpose, makes the right read early, and avoids the over‑dribbling that can stall possessions. Defensively, he’s one of the most engaged guards in the country — active hands, strong positioning, and multiple efforts every trip.
Lipsey’s habits, toughness, and ability to anchor both ends make him a quintessential high‑floor, high‑trust point guard — the type coaches build schemes around because he executes exactly what’s asked of him.","Most effective as a downhill attacker and pick‑and‑roll initiator. Finishes well through contact and creates advantages with strength and timing. Efficiency dips on contested pull‑ups and early‑clock jumpers. Three‑point shooting remains a developmental need, but mid‑range touch and rim pressure stabilize his scoring profile.
","Marcus Smart (defensive engine + toughness),
Jevon Carter (pressure defender + connective offense),
Aaron Craft (elite college defender + leadership),
Davion Mitchell (defensive tone‑setter archetype)."
55,Kanon Catchings,20,Silver,"6'8""",185,SF/PF,"6'10""",Georgia,,ModalKey-Catchings,"Versatile forward who complements guards with length, athleticism, and scoring flashes. Former Top‑40 recruit now contributing in Georgia’s rotation with transition value and perimeter potential. Nephem of HOF player Tamika Catching.","Kanon Catchings is a long, fluid scoring wing whose game is built on touch, coordination, and the ability to create clean looks without needing a heavy dribble package. His frame stands out immediately — long arms, smooth stride, and the kind of natural elevation that lets him rise over contests. He’s comfortable operating from the mid‑range, getting to his spots, and using his length to finish plays even when the possession isn’t perfectly structured.
His offensive value comes from how naturally he gets into shots. He’s decisive attacking closeouts, has workable mechanics off the catch, and shows real comfort flowing into one‑to‑two‑dribble pull‑ups. He’s not a primary creator, but he’s an advantage converter — someone who can punish space, relocate into open windows, and score within the rhythm of the offense. His touch gives him long‑term shooting equity, and his fluidity allows him to scale into more on‑ball responsibility as he matures.
Defensively, Catchings has the tools to be a multi‑positional asset. His length and mobility allow him to slide with wings, contest at the rim, and cover ground in rotations. He’s still developing the strength and discipline to consistently win physical matchups, but the foundation is strong: he moves well, recovers quickly, and has the instincts to disrupt actions without gambling out of structure.
Long‑term, Catchings profiles as a modern scoring wing with real developmental runway — length, touch, fluidity, and enough defensive upside to fit into high‑leverage lineups as he grows into his frame.","Name: Kanon Catchings
Badge Tier: Silver
Team: Georgia
Height/Weight: 6'8, 200 lbs
Wingspan: 6'10

","Uses length and mobility to attack space in transition and finish plays created by guards. Shows comfort spotting up and attacking closeouts, though half‑court pacing and decision‑making remain developmental. Finds cutting lanes and leverages athleticism to generate clean looks.",,"Active wing who competes across matchups. Uses length to contest shots and guard 2–4 with energy. Shows rebounding activity from his Overtime Elite background and improving physicality. Must continue refining discipline, strength, and rotational awareness.","Current Drift:
A versatile wing with defensive tools, transition value, and perimeter scoring flashes.
Potential Drift:
If shooting and strength improve, he trends toward a reliable 3‑and‑D forward; if not, he projects as an athletic rotation wing with streak‑based scoring.
Stabilizers:
• Shooting consistency
• Strength development
• Defensive discipline","Risk tied to streaky perimeter efficiency and handling SEC physicality. Must prove he can sustain production against length and athleticism while expanding his offensive skill set. 
","Catchings has adapted quickly to Georgia’s system, showing a willingness to play within structure while still leveraging his length and fluidity as a scorer. His coachability shows in how consistently he applies coaching emphasis on spacing, decisiveness, and off‑ball activity. He relocates with purpose, attacks closeouts without overhandling, and uses his touch to generate clean looks inside the flow of the offense.
Defensively, he’s shown strong early responsiveness. His length allows him to contest across positions, and he’s steadily improving his discipline in rotations and physical matchups. He processes actions quickly and rarely looks lost, which reflects his feel and his USA Basketball‑style developmental background.
Catchings’ blend of touch, fluidity, and early system buy‑in gives him a clear developmental runway as a modern scoring forward who complements guards rather than competing with them for usage.","Best shots come from spot‑ups, transition finishes, and straight‑line drives. At BYU, showed workable mechanics with 42% FG and 34% 3P, functioning primarily as a catch‑and‑shoot wing with occasional mid‑range flashes. Early Georgia minutes reflect similar patterns — efficient when attacking closeouts or finishing in space, less effective when forced into contested pull‑ups or self‑created mid‑range attempts. OTE history supports his comfort as a rhythm scorer, but his current shot quality is defined by college‑level spacing, strength demands, and decision‑making windows.","Closest Echo: Trevor Ariza — versatile wing with defensive range and perimeter shooting.
Dorian Finney‑Smith — defensive toughness and floor spacing.
Corey Brewer — length, transition value, and streak‑based scoring."
56,Tarris Reed Jr.,21,Silver,"6'10""",265,C,"7'2""",UConn,,ModalKey-Reed Jr.,"Physical interior big who brings strength, rebounding, and play‑finishing value. Junior transfer from Michigan now anchoring UConn’s frontcourt with toughness and interior scoring.","Tarris Reed Jr. is a strong, interior‑anchoring big whose game is built on physicality, screening craft, and reliable paint defense. At UConn he fits the exact mold they’ve thrived with — a disciplined, space‑protecting center who plays with purpose, embraces contact, and stabilizes both ends without needing a heavy offensive diet. His presence brings structure. He sets wide, punishing screens, controls his space defensively, and gives their guards a dependable target in ball‑screen actions.
His offensive value starts with how cleanly he operates as a play‑finisher. He’s a sturdy roller who creates contact on the way down the lane, seals well, and finishes with strength when he gets two feet in the paint. He’s comfortable in short‑roll situations, making simple, early reads rather than forcing plays. The touch is workable, and he’s shown flashes of mid‑range confidence, but his bread‑and‑butter is still interior scoring, offensive rebounding, and keeping possessions alive with effort and positioning. He doesn’t need touches to matter — he impacts the game through physical presence and reliability.
Defensively, Reed is the anchor. He’s a disciplined drop big who uses his size to wall off drives, absorb contact, and contest without fouling. His footwork is steady, allowing him to stay connected to ball‑handlers long enough to influence shots while still recovering to the rim. He rebounds with force, controls his area, and brings the kind of multiple‑effort motor that UConn demands from its centers. His ability to protect the paint, communicate coverages, and stay within scheme gives them a stabilizing interior foundation.
Long‑term, Reed profiles as a sturdy, system‑friendly big — screening, interior finishing, positional defense, and the kind of physical consistency that scales in winning environments. His game translates because it’s built on strength, discipline, and repeatable habits rather than high‑usage scoring.","Name: Tarris Reed Jr.
Badge Tier: Silver
Team: UConn
Height/Weight: 6'10, 250 lbs
Wingspan: 7'2

","Thrives as a screen‑setter and rim finisher. Creates advantages with strong screens, seals, and offensive rebounding. Operates well in structured half‑court settings where he can finish plays rather than initiate them. Limited as a perimeter mover but understands spacing and timing.",,"Burly, below‑the‑rim center who impacts with positioning and toughness. Uses size and length to contest shots and rebound. Averaged 1.4 blocks per game at Michigan and 2  so far at UConn. Not an elite rim protector due to limited vertical pop, but reliable as a paint deterrent.","Current Drift:
A physical interior big with rebounding, toughness, and play‑finishing value.
Potential Drift:
If mobility and shooting improve, he trends toward a reliable rotation big; if not, he projects as a backup enforcer.
Stabilizers:
• Conditioning
• Lateral mobility
• Touch around the rim","Heavy feet limit defensive versatility. Struggles in space and against modern spread offenses. Without improved mobility and perimeter shooting, role narrows to a backup enforcer rather than a versatile starter.","Reed plays with the discipline and interior presence UConn demands from its bigs. His coachability shows in how consistently he executes screening, positioning, and paint protection. He embraces physicality, rebounds with intent, and stays within structure as a play‑finisher rather than forcing creation.
Defensively, he’s fully aligned with scheme. He anchors space with size and strength, plays with verticality, and shows improving timing as a rim deterrent. His ability to stay disciplined in drop and avoid unnecessary fouls reflects strong responsiveness to coaching.
Offensively, he keeps possessions stable — sealing early, finishing through contact, and making simple, clean decisions on short rolls. He doesn’t drift outside his role and provides reliable interior scoring.
Reed’s toughness, discipline, and possession‑to‑possession consistency give him a clear projection as a system‑reliable interior big.","Best shots come from rolls, seals, and offensive rebounds. Efficient finisher (career 58.8% FG) with hook shots and short‑range touch. Limited perimeter shooting (career 25% from three on low volume). Less effective when forced into contested post‑ups or mid‑range jumpers. 64% from the line this year is not high.","Closest Echo: Kendrick Perkins — physical interior presence and toughness.
Brad Miller — passing feel and occasional shooting touch.
Derrick Favors — physical interior comp.
Antonio Davis — rugged defensive big archetype."
57,Yaxel Lendeborg,23,Silver,"6'9""",215,PF,"7'1""",Michigan (transfer from UAB),,ModalKey-Lendeborg,"Graduate transfer from UAB bringing toughness, rebounding, and interior playmaking to Michigan. Early production reflects strong two‑way impact and high‑motor activity. Can play small‑ball five or stretch four depending on lineup, giving Michigan lineup flexibility under Dusty May.","Yaxel Lendeborg is a powerful, high‑motor frontcourt piece whose game is built on physicality, activity, and the ability to impact possessions without needing touches drawn up for him. At Michigan he brings a rugged interior presence — someone who plays through contact, rebounds in traffic, and generates easy points simply by outworking people. His frame stands out immediately. He’s strong, explosive off two feet, and has the balance to finish through length or absorb bumps without losing control.
His offensive value comes from how consistently he pressures the paint. He’s an aggressive offensive rebounder, a violent screener, and a decisive roller who opens clean driving lanes for guards. He thrives in transition, runs the floor hard, and finishes plays that others create. The touch is workable, and there are flashes of short‑roll passing, but his identity is built on energy, physicality, and play‑finishing rather than perimeter skill.
Defensively, Lendeborg fits the mold of a modern, switch‑capable interior forward. He plays with real toughness, rotates with urgency, and uses his strength to wall up against bigger players. His mobility allows him to slide with wings, contest at the rim, and make multiple efforts in a single possession. He’s disruptive without being reckless — active hands, good timing, and a willingness to absorb contact. As his discipline sharpens, he projects as a versatile defender who can anchor small‑ball lineups or complement a traditional big.
Long‑term, Lendeborg profiles as a high‑impact, high‑motor interior forward — rebounding, rim pressure, defensive range, and physicality that scale across systems. His game translates because it’s built on toughness, effort, and repeatable advantages rather than volume scoring.","Name: Yaxel Lendeborg
Badge Tier: Silver
Team: Michigan
Height/Weight: 6'9, 240 lbs
Wingspan: 7'1

","Positions himself well as a rebounder, cutter, and short‑roll playmaker. Uses strength to carve out space and finish through contact. Reads angles effectively and thrives in crowded interior environments. Shows awareness as a connective passer, keeping the ball moving within Michigan’s motion structure.",,"Physical rebounder with rim protection instincts; capable of guarding 4–5 and contesting shots. Averaged 11.0 rebounds and 1.9 blocks per game at UAB, showing strong timing and discipline. Wins battles through positioning and strength. Must continue adjusting to Big Ten physicality and quicker decision‑making windows.","Current Drift:
A high‑motor interior forward with rebounding, rim protection instincts, and short‑roll playmaking.
Potential Drift:
If perimeter skill and spacing utility continue to develop, he trends toward a modern stretch‑big; if not, he remains an energy interior forward who thrives on toughness and activity.
Stabilizers:
• Strength
• Defensive discipline
• Short‑roll decision‑making",Risks tied to adapting from AAC competition to Big Ten physicality. Must maintain efficiency while carrying heavier usage and proving consistency against higher‑level athletes. Offensive impact narrows if finishing efficiency dips or if defensive reads lag behind the speed of Big Ten play. He's also ,"Lendeborg plays with the maturity and physical clarity of a veteran who knows exactly how to impact winning. His coachability shows in how consistently he executes the effort‑driven responsibilities — rebounding in traffic, screening with force, sprinting into actions, and finishing through contact. He doesn’t need touches to matter; he creates value through activity and toughness.
Defensively, he’s embraced Michigan’s expectations around mobility and physicality. He rotates with urgency, walls up without fouling, and uses his strength to handle bigger matchups while still sliding with wings. His ability to anchor small‑ball lineups or complement a traditional big reflects strong system understanding.
Offensively, he stays within structure and maximizes the simple things — rolling decisively, attacking space, and keeping the ball moving. His willingness to repeat high‑value actions possession after possession is a hallmark of a highly coachable veteran.
Lendeborg’s toughness, motor, and consistency make him one of the more dependable interior forwards in the class.","Best shots come from rim runs, put‑backs, short‑roll finishes, and simple post touches. Early Michigan production includes 15 PPG and 7 RPG on 56.9% FG through 13 games. Efficiency is strongest when he stays within his physical, high‑motor scoring profile. Less effective when forced into self‑created perimeter looks though shoots decently from 3 for his size.","Closest Echo: Larry Johnson — versatile forward with strength, rebounding, and interior scoring.
PJ Washington — modern stretch‑big with short‑roll playmaking.
Kenneth Faried — high‑motor rebounder with energy finishing.
"
58,Jasper Johnson,19,Silver,"6'5""",185,PG/SG,"6'6""",Kentucky,,ModalKey-Johnson,"Lead guard who thrives in tempo and creates advantages with pace, creativity, and confidence. Five‑star freshman with early flashes of scoring and playmaking impact in Kentucky’s backcourt.","Jasper Johnson is a smooth, confident scoring guard whose game is built on pace, shot‑making, and the ability to create advantages without needing a ton of dribble complexity. At Kentucky he brings a true modern combo‑guard profile — someone who can play on or off the ball, pressure defenses with his jumper, and flow into offense without disrupting the rhythm of a possession. His handle is clean, his footwork is polished, and he plays with a natural scoring cadence that makes him hard to speed up.
His offensive value comes from how many different ways he can generate points. He’s a real pull‑up threat — comfortable rising from mid‑range or behind the arc — and he has the touch to convert tough, contested looks. He attacks closeouts decisively, uses his body well to create angles, and finishes with balance. He’s not a pure table‑setter, but he’s a functional playmaker who sees the simple read and keeps the ball moving when defenses collapse. Kentucky’s spacing and tempo amplify his strengths as a shot‑maker who can toggle between roles.
Defensively, Johnson competes with intent. He has the quickness to stay attached to guards, the length to bother shooters, and the instincts to jump into passing lanes without gambling out of structure. He’s still sharpening his discipline and physicality, but the tools are there — lateral mobility, anticipation, and the ability to make multiple efforts in a single possession.
Long‑term, Johnson profiles as a dynamic scoring guard — shot‑making, pace control, and enough playmaking feel to fit next to another creator. His ability to generate offense from multiple levels gives him a scalable role in modern guard‑driven systems.","Name: Jasper Johnson
Badge Tier: Silver
Team: Kentucky
Height/Weight: 6'4, 185 lbs
Wingspan: 6'6
","Uses pace changes and ball‑handling creativity to manipulate defenders in transition and early offense. Reads help rotations well when attacking downhill and shows comfort making live‑dribble passes. Still developing half‑court timing and shot selection, but consistently generates advantages with fluidity and burst.
",,"Quick, lean guard who pressures the ball and competes across matchups. Uses lateral speed to stay in front of handlers and shows anticipation in passing lanes. Has demonstrated improved discipline and engagement over his first stretch of college games, with room to grow in physicality and screen navigation.","Current Drift:
A creative scoring guard with pace, pull‑up ability, and secondary playmaking value.
Potential Drift:
If shot selection and decision‑making stabilize, he trends toward a high‑usage scoring guard; if not, he projects as a streak‑based combo guard who thrives in tempo.
Stabilizers:
• Shot selection
• Decision‑making under pressure
• Defensive engagement",Risk tied to streaky perimeter efficiency and decision‑making under pressure. Must continue proving he can balance scoring with facilitation and maintain efficiency against SEC length. Offensive value narrows if shot selection remains volatile or if he leans too heavily on contested jumpers.,"Johnson has shown strong early responsiveness to Kentucky’s pace‑driven system, playing with the confidence and creativity of a guard who understands how to generate advantages without forcing possessions. His coachability shows in how quickly he’s learned to toggle between scorer and connector — pushing tempo, attacking space decisively, and making the early read when help arrives.
He applies coaching emphasis on shot quality and decision‑making with encouraging consistency for a freshman. He’s more selective in his pull‑ups, more deliberate in how he manipulates defenders, and more comfortable keeping the offense connected when the game slows down.
Defensively, he competes with intent. He uses his length to stay disruptive, rotates with purpose, and shows improving discipline as he gains reps. His willingness to absorb feedback and adjust quickly reflects a guard with real long‑term scalability.
Johnson’s blend of pace, confidence, and early discipline gives him a clear trajectory as a modern advantage creator.","Best shots come from pull‑ups, transition attacks, and catch‑and‑shoot threes. Comfortable creating his own shot and finishing through contact. His mechanics are polished and repeatable, though efficiency fluctuates when he settles for contested early‑clock jumpers or deep off‑dribble attempts","Closest Echo: Jamal Murray — scoring guard with pace, pull‑up creation, and offensive versatility.
Bradley Beal — three‑level scoring guard with polished mechanics.
Markelle Fultz (stylistic) — creative guard with pace manipulation and slashing ability."
59,Joson Sanon,19,Silver,"6'5""",200,SG/SF,"6'7""",St. John’s (transfer from Arizona),,ModalKey-Sanon,"Athletic two‑way wing with slashing ability, defensive activity, and early rotation impact. Former top‑30 recruit who brings energy, downhill pressure, and rebounding from the guard spot. Silver tier reflects immediate utility with upward mobility if shooting stabilizes.","Joson Sanon is a dynamic, attacking wing whose game brings St. John’s a real blend of scoring punch, physicality, and competitive edge. He plays with a confidence and urgency that fits Rick Pitino’s system — fast, aggressive, and built on constant pressure. His style is assertive. He gets downhill with purpose, uses his strength to finish through contact, and has the kind of scoring instincts that let him create offense even when the possession breaks down.

His offensive value starts with his ability to generate his own shot. He’s comfortable operating in space, using his handle and physicality to get into pull‑ups or force his way to the rim. He’s a capable three‑level scorer in flashes — confident from mid‑range, improving as a spot‑up shooter, and dangerous when he catches with momentum. He thrives in transition, attacks closeouts decisively, and plays with a natural scoring rhythm that doesn’t require heavy play‑calling. As his shot selection tightens, he projects as a wing who can toggle between on‑ball creation and off‑ball scoring.

Defensively, Sanon brings tools and intent. He’s strong at the point of attack, uses his frame to absorb contact, and competes through screens. His length and mobility allow him to guard multiple positions, and he’s shown the ability to make timely rotations and contest with discipline. When he’s locked in, he covers ground quickly and brings the kind of physical presence that elevates a team defense.

Long‑term, Sanon profiles as a powerful scoring wing — downhill force, shot‑making ability, and enough defensive versatility to stay on the floor in high‑leverage moments. His game scales because it’s built on aggression, physical tools, and a scoring package that should continue to sharpen as he matures within structure.
","Name: Joson Sanon
Badge Tier: Silver
Team: St. Johns
Height/Weight: 6'5, 200 lbs
Wingspan: 6'7

","Thrives in transition and early offense, using burst to pressure the rim and collapse defenses. Cuts well from the wing and attacks closeouts with force. Still refining pacing in half‑court sets, but consistently finds scoring windows through movement and aggression.",,"Active perimeter defender with length and quickness. Stays attached to ballhandlers, disrupts passing lanes, and rebounds well for his position. Rotational discipline is improving, but defensive tools are strong and scalable.","Current Drift:
A downhill slashing wing with defensive energy and rotational scoring value.
Potential Drift:
If shooting consistency improves, he trends toward a reliable two‑way starter; if not, he projects as an athletic rotation wing.
Stabilizers:
• Perimeter shooting
• Defensive reads
• Ball control","Jumper remains streaky. Can be turnover‑prone when forced to create. Needs refinement in half‑court decision‑making. Without improved efficiency, risks narrowing to an energy‑only wing.","Sanon plays with the energy and downhill aggression that St. John’s demands from its wings. His coachability shows in how consistently he applies coaching emphasis on slashing, defensive activity, and rebounding from the guard spot. He brings real physicality, doesn’t float, and stays engaged possession to possession.
Defensively, he’s fully bought in. He uses his length and athleticism to pressure the ball, rotate with purpose, and contest without gambling. His ability to stay active off the ball reflects strong responsiveness for a 19‑year‑old.
Offensively, he stays in role — attacking space, finishing through contact, and taking open shots without drifting into low‑value attempts. His shooting consistency is the swing skill, but his shot selection discipline is trending in the right direction.
Sanon’s motor, physicality, and two‑way intent make him a highly coachable wing with upward mobility.","Best shots come from downhill drives, cuts, and transition finishes. Finishes through contact with athleticism. Perimeter shot shows flashes and improving. Mid‑range touch is workable but not yet a primary weapon.","Closest Echo: Kentavious Caldwell‑Pope — two‑way guard with defensive range and slashing value.
Terrence Ross — athletic scoring bursts with streaky shooting.
Josh Hart — rebounding guard with two‑way toughness.
Corey Brewer — high‑motor wing defender."
60,Noa Kouakou-Heugue,18,Silver,"6'10""",205,SF/PF,"6'9""","Perth Wildcats (NBL Next Stars, Australia)",,ModalKey-Kouakou-Heugue,"Long, mobile forward with defensive versatility and slashing potential. One of the youngest players in the NBL, showing flashes of athleticism, energy, and developing perimeter skill.","Noa Kouakou‑Heugue is an energetic, instinctive young wing whose game is built on activity, slashing, and defensive engagement. With the Perth Wildcats he brings a developmental profile that fits the modern NBL pipeline — long, mobile, and comfortable impacting possessions without needing scripted touches. His style is direct and fluid. He plays with natural pace, covers ground quickly, and shows flashes of on‑ball creation that hint at long‑term upside.

His offensive value starts with his ability to get downhill. He’s a confident straight‑line driver who uses his length and stride to attack gaps, finish in transition, and pressure the rim when he catches with momentum. He plays well off movement — cutting with timing, relocating into open pockets, and flowing into secondary actions without disrupting spacing. The jumper is still stabilizing, but the mechanics are workable, and he’s shown enough touch to project growth as a spot‑up threat. His feel as a passer is quietly promising; he sees simple reads early and keeps the ball moving.

Defensively, Kouakou‑Heugue brings the tools that translate. He’s long, active, and competitive at the point of attack, using his mobility to slide with guards and his wingspan to bother passing lanes. He rotates with intent, recovers well when beaten, and shows the kind of multiple‑effort motor that coaches trust. As he adds strength, he projects as a wing who can guard up and down the lineup.

Long‑term, Kouakou‑Heugue profiles as a modern developmental wing — slashing, defensive range, and the kind of athletic fluidity that scales in up‑tempo systems. His game is built on energy, instincts, and versatility, giving Perth a high‑upside piece who can grow into a valuable two‑way contributor.
","Name: Noa Kouakou‑Heugue
Badge Tier: Bronze
Team: Paris Basketball (France)
Height/Weight: 6'7, 205 lbs
Wingspan: 6'9

","Thrives in transition and early‑offense situations where his speed and length create easy scoring chances. Cuts well from the weak side and finishes lobs with coordination. Still learning half‑court spacing and timing, but shows natural instincts as a play finisher.
",,"Mobile defender with the agility to switch onto guards and wings. Uses length to contest shots and disrupt passing lanes. Still thin and can be moved off spots by stronger players, but defensive tools are strong. Reads rotations early and competes with discipline.","Current Drift:
A mobile, switchable forward with defensive upside and slashing value.
Potential Drift:
If shooting and strength improve, he trends toward a modern two‑way hybrid forward; if not, he projects as an energy defender.
Stabilizers:
• Strength development
• Shooting mechanics
• Defensive discipline","Lean frame limits interior physicality. Shooting mechanics are inconsistent. Can be stripped when pressured inside. Without added strength and refined skill, risks narrowing to an energy‑only role.","Kouakou‑Heugue plays with the energy and intent of a young forward who understands how to impact games through activity. His coachability shows in how consistently he applies coaching emphasis on defensive engagement, slashing lanes, and transition pressure. He plays with real motor, doesn’t overhandle, and stays within structure as his perimeter skill develops.
Defensively, he’s fully bought in. He uses his length and mobility to guard multiple positions, rotates with purpose, and competes through screens. His ability to stay engaged off the ball reflects strong responsiveness for an 18‑year‑old in a professional league.
Offensively, he keeps possessions stable — attacking closeouts, finishing with athleticism, and making simple reads. He doesn’t force perimeter creation and shows improving confidence in his jumper.
Kouakou‑Heugue’s motor, tools, and willingness to stay in role make him a highly coachable developmental forward.","Best shots come from cuts, rim runs, and transition finishes. Developing perimeter shooter with a quick release, though mechanics need refinement. Around the rim, he’s a lob threat with coordination and bounce. Less effective when forced into contested drives or off‑dribble jumpers.
","Closest Echo: Mouhamed Gueye — mobile, wiry rim protector with face‑up flashes.
Shares Gwath’s blend of length, mobility, and weak‑side timing, with similar developmental upside as a modern stretch‑big if the jumper stabilizes.
Isaiah Jackson — quick‑leaping shot blocker with vertical pop and defensive activity.
Represents the archetype of a lean, explosive rim protector who thrives in transition and weak‑side rotations.
Kai Jones — long, fluid athlete with raw offensive skill and defensive versatility.
A developmental blueprint for bigs with tools, mobility, and face‑up potential who need strength and discipline to stabilize their role.
Jaxson Hayes — vertical rim runner with mobility and shot‑blocking instincts.
A model for energy bigs who protect the rim, run the floor, and finish lobs while developing perimeter skill over time."
61,Moustapha Thiam,18,Silver,"7'2""",235,C,"7'4""",Cincinatti,,ModalKey-Thiam,"Massive Senegalese center with elite length, rim‑protection instincts, and improving offensive efficiency. Producing double‑digit scoring and strong rebounding in his sophomore season at Cincinnati. Bronze tier reflects developmental status with clear upside as a modern rim‑protecting big if strength, mobility, and offensive polish continue to progress.","Moustapha Thiam is a long, mobile, high‑motor big who gives Cincinnati a true rim‑protecting anchor with real vertical presence. His game is built on length, timing, and activity — the kind of interior profile that immediately changes how opponents attack the paint. He plays with a direct, efficient style: run, screen, dive, protect the rim, rebound, repeat. There’s no fluff in his game, and that simplicity is part of what makes him effective.

Offensively, Thiam’s value starts with play‑finishing. He’s a violent lob target with real pop off the floor, and he creates pressure simply by sprinting into ball screens and diving hard. Guards don’t need to thread perfect passes — his catch radius is big, and he converts with soft hands and quick elevation. He’s comfortable catching on the move, operating out of simple short‑roll reads, and generating second‑chance points with his motor. The jumper is still early in its development, but the touch around the rim is workable, and he stays within himself as a scorer.

Defensively, Thiam brings the traits Cincinnati leans on. He’s long, reactive, and disruptive around the rim, using his timing to block or alter shots without fouling. His mobility stands out for his size — he can slide in space for a few beats, recover when beaten, and cover ground as a help defender. He rotates early, challenges vertically, and brings the kind of multiple‑effort motor that stabilizes a back line. As he adds strength, he projects as a true interior deterrent who can anchor a defense.

Long‑term, Thiam profiles as a modern rim‑running, rim‑protecting big — vertical spacing, defensive range, and the kind of energy that scales in any system. His game translates because it’s built on length, mobility, and repeatable habits rather than post scoring or perimeter creation.
","Name: Moustapha Thiam
Badge Tier: Bronze
Team: Cincinnati
Height/Weight: 7'2, 220 lbs
Wingspan: 7'4

","Thrives as a rim runner and vertical spacer. Understands how to occupy dunker‑spot space and create lob angles. Still developing timing in short‑roll actions and high‑post reads, but consistently generates efficient looks around the rim",,"Elite defensive tools with a 7'4 wingspan and 1.9 blocks per game this season. Career 2.4 BPG across 48 games. Alters shots with timing and length, covers ground well for his size, and shows flashes of weak‑side anticipation. Still refining rotational discipline and can be foul‑prone when late to contests.","Current Drift:
A rim‑protecting center with vertical spacing and defensive upside.
Potential Drift:
If mobility and strength improve, he trends toward a rotation‑caliber defensive anchor; if not, he projects as a situational rim‑protection specialist.
Stabilizers:
• Strength
• Rotational discipline
• Conditioning",Still thin for his frame and can be displaced by stronger bigs. Offensive identity remains limited — lacks a go‑to post move and is still developing touch outside the paint. Conditioning and foul discipline are swing factors for long‑term role stability.,"Thiam plays with the intent and rim‑protection instincts that Cincinnati leans on in its frontcourt. His coachability shows in how consistently he executes defensive principles — verticality, timing, and paint anchoring. He embraces his role, stays within structure, and brings multiple efforts around the rim.
Offensively, he keeps things simple — rim runs, putbacks, and clean finishes. He doesn’t chase touches and plays to his strengths with discipline. His efficiency is trending upward as he gains comfort and physical maturity.
Defensively, he’s fully bought in. He uses his elite length to alter shots, rotates early, and competes with real intent. His ability to stay disciplined for an 18‑year‑old with his tools is a strong coachability signal.
Thiam’s motor, length, and willingness to embrace a rim‑protecting role give him a clear developmental arc as a modern defensive anchor.","Efficient finisher — 56% FG this season. Reliable lob target with soft touch around the rim. Flashed midrange and three‑point potential at UCF (23 made threes as a freshman), but perimeter shooting remains developmental. Free‑throw touch (55.8% FT) limits immediate stretch‑big projection.","Closest Echo: Mo Bamba — length, rim protection, vertical spacing.
Jaren Jackson Jr. (scaled) — stretch‑big flashes + shot‑blocking instincts.
Samuel Dalembert — mobile rim protector with timing.
Festus Ezeli — physical interior defender and rebounder."
62,Zvonimir Ivisic,22,Silver,"7'2""",250,C,"7'4""",Illinois,,ModalKey-ZvonIvisic,"Stretch‑five with rare size, shooting touch, and rim‑protection instincts. Junior transfer now joining his twin brother and now anchoring Illinois’ rotation with efficient scoring, floor spacing, and shot‑blocking impact.","The bigger brother of Tomislav, Zvonimir joins him at Illinois. Zvonimir is a uniquely skilled, perimeter‑friendly big whose game blends size, touch, and creativity in a way very few college centers can replicate. At Illinois he gives them a high‑ceiling frontcourt piece — someone who can stretch the floor, pass with real feel, and change the geometry of a possession simply by existing as a 7‑footer who plays comfortably outside the paint. His style is fluid and instinctive. He sees the floor well, plays with a natural sense of timing, and brings an offensive versatility that Illinois hasn’t had in years.
His offensive value starts with the shooting and face‑up skill. He’s a legitimate pick‑and‑pop threat with a smooth release, confident from the top of the arc or the trail spot, and comfortable flowing into jumpers without hesitation. When he puts the ball on the floor, he shows flashes of real coordination — attacking closeouts, using long strides to get downhill, and finishing with soft touch. His passing is a differentiator. He hits cutters, makes high‑low reads, and keeps the ball moving when defenses collapse. He’s not a pure post bruiser, but he doesn’t need to be; his value comes from stretching defenses, connecting actions, and giving Illinois a modern, spacing‑driven big.
Defensively, Ivišić is more tools‑and‑timing than raw power. He uses his length to contest shots, rotates with decent awareness, and has enough mobility to survive in space in short stretches. He’s not an anchor in the traditional sense, but he’s disruptive when he’s locked in — altering shots, recovering on drives, and making multiple efforts when plays extend. As he continues to add strength and discipline, he projects as a workable interior defender who can stay on the floor because of his awareness and length.
Long‑term, Ivišić profiles as a modern stretch big with real upside — shooting touch, passing feel, perimeter comfort, and a skill set that scales in today’s spacing‑heavy systems. His game translates because it’s built on versatility, timing, and a rare blend of size and finesse rather than traditional back‑to‑the‑basket volume.
","Name: Zvonimir Ivišić
Badge Tier: Silver
Team: Illinois
Height/Weight: 7'2, 245 lbs
Wingspan: 7'4
","Operates comfortably in pick‑and‑pop and trail‑three actions, using his shooting gravity to pull bigs away from the paint. Shows feel as a high‑post facilitator and moves well enough to finish lobs and cuts. Still refining timing on rolls and interior seals, but offensive spacing value is immediate.
",,"Uses elite length and timing to block and alter shots (2.3 BPG in 17 minutes). Reliable rim protector who deters drives and contests vertically. Lateral agility remains a developmental need, limiting perimeter coverage, but interior impact is strong and consistent.","Current Drift:
A stretch‑five with shooting gravity, rim protection, and rotational scoring efficiency.
Potential Drift:
If conditioning and lateral mobility improve, he trends toward a modern two‑way stretch‑five; if not, he projects as an offensive‑leaning rotation big with rim‑protection value.
Stabilizers:
• Conditioning
• Defensive positioning
• Shooting consistency","Lateral quickness limits defensive versatility. Can struggle in space and against quicker bigs. Must continue improving strength and physicality to handle post matchups. Without mobility gains, role narrows to offensive specialist with rim‑protection utility.
","Ivišić has shown strong buy‑in to Illinois’ spacing‑heavy structure, playing with the touch and decision‑making of a modern stretch‑five. His coachability shows in how consistently he executes pick‑and‑pop actions, floor‑spacing responsibilities, and rim‑protection principles. He doesn’t force creation and keeps the offense organized with simple, high‑value reads.
Defensively, he competes with discipline. He uses his length to alter shots, rotates with purpose, and shows improving timing as a shot‑blocker. His ability to stay within scheme and avoid unnecessary risks reflects strong film‑to‑floor translation.
Offensively, he stays in role — touch finishes, kick‑outs, and perimeter spacing. His passing feel and willingness to keep the ball moving elevate lineup flow.
Ivišić’s size, shooting touch, and system discipline give him a scalable projection as a modern inside‑out big with real two‑way value.","Best shots come from pick‑and‑pop threes, spot‑ups, and touch finishes around the rim. Shooting 37.2% from three with clean mechanics and deep range. Finishes efficiently inside (56.5% FG) and converts lobs with verticality. Less effective when forced into contested post‑ups or off‑balance drives.
","Closest Echo: Goga Bitadze — Balkan big with rim protection and touch.
Mike Muscala — stretch‑five with shooting gravity and rotational value.
Brad Miller — passing feel and interior toughness.
Kristaps Porziņģis (scaled) — shooting touch and length‑based rim protection."
63,Baye Ndongo,22,Silver,"6'9""",230,PF,"7'1""",Georgia Tech,,ModalKey-Ndongo,"Ndongo plays with the maturity and physical clarity of a junior who already understands exactly how to impact winning at the ACC level. His coachability shows in how consistently he executes the effort‑driven responsibilities — rebounding in traffic, finishing through contact, rotating with urgency, and bringing multiple efforts on every possession. He no longer needs direction on the basics; he anticipates what the staff wants and delivers it with veteran discipline.
Defensively, he’s sharpened his timing and positioning year over year. He contests without gambling, communicates more reliably, and uses his length to stay disruptive around the rim. His ability to anchor actions, absorb contact, and stay within scheme reflects strong film‑to‑floor translation.
Offensively, he stays in his lane and maximizes it. He finishes quickly, attacks space decisively, and avoids the over‑handling that can sink possessions. His willingness to repeat simple, high‑value actions — screening, sealing, rolling, cleaning the glass — reflects a player who has fully bought into structure.
Ndongo’s habits, toughness, and consistency make him one of the more coachable veteran interior forwards in the class — a player whose impact scales because it’s built on reliability, not usage.","Baye Ndongo is a powerful, high‑motor frontcourt piece whose game is built on physicality, activity, and the ability to impact possessions without needing a polished perimeter skill set. At Georgia Tech he brings a rugged, interior‑forward profile — someone who plays through contact, rebounds in traffic, and generates easy points simply by outworking people. His frame and explosiveness stand out immediately. He gets off the floor quickly, finishes with force, and creates second‑chance opportunities just by being relentless around the rim.
His offensive value comes from how consistently he pressures the paint. He’s an aggressive offensive rebounder, a violent screener, and a decisive roller who opens clean driving lanes for guards. He doesn’t need scripted touches — he thrives in transition, cuts with timing, and finishes plays that others create. The touch is workable, and there are flashes of short‑roll passing, but his bread‑and‑butter is still energy, physicality, and play‑finishing.
Defensively, Ndongo fits the mold of a modern, switch‑capable interior forward. He plays with real toughness, rotates with urgency, and uses his strength to wall up against bigger players. His mobility allows him to slide with wings, contest at the rim, and make multiple efforts in a single possession. He’s disruptive without being reckless — active hands, good timing, and a willingness to absorb contact. As his discipline sharpens, he projects as a versatile defender who can anchor small‑ball lineups or complement a traditional big.
Long‑term, Ndongo profiles as a high‑impact, high‑motor interior forward — rebounding, rim pressure, defensive range, and physicality that scale across systems. His game translates because it’s built on effort, toughness, and repeatable advantages rather than volume scoring.","
 Name: Baye Ndongo
Badge Tier: Silver
Team: Georgia Tech
Height/Weight: 6'9, 214 lbs
Wingspan: 7'1

","Ndongo positions himself well as a rebounder and cutter, using his motor to create second‑chance opportunities. He moves effectively in short‑roll space and finishes quickly when he gets angles. Defensively, he reads actions early and rotates with purpose, though he can be overaggressive at times.",,"With over 8 RPG and 1.1 BPG Ndongo brings toughness, timing, and activity as an interior defender. He contests shots, rotates aggressively, and rebounds through contact. His lateral mobility is functional, though not ideal for switching onto guards. His defensive identity is built on energy, physicality, and consistent effort.","Current Drift:
A high‑motor interior forward who rebounds, finishes, and protects the rim.
Potential Drift:
If the touch and short‑roll reads improve, he drifts toward a reliable rotation big with two‑way utility. If not, he remains an energy big whose value comes from rebounding and physicality.
Stabilizers:
• 	Foul control
• 	Touch development
• 	Defensive discipline","Ndongo’s risks center on perimeter skill limitations, foul rate, and offensive range. His game is heavily tied to motor and interior activity — if efficiency dips or foul trouble limits minutes, his impact narrows. Expanding his offensive versatility is key to long‑term scalability. He also rencently turned 23 so age is a factor.","Ndongo plays with the maturity and physical clarity of a junior who already understands how to anchor possessions at the ACC level. His coachability shows in how consistently he executes the effort‑driven responsibilities that define his role — rebounding in traffic, finishing through contact, sprinting into actions, and bringing multiple efforts on every defensive trip. He doesn’t need touches to matter; he impacts the game through habits.
Defensively, he’s sharpened his timing and discipline year over year. He rotates earlier, walls up without fouling, and uses his length to stay disruptive around the rim. His communication has improved, and he’s far more consistent in executing coverage rules, reflecting strong film‑to‑floor translation.
Offensively, he stays within structure and maximizes the simple things. He finishes quickly, attacks space decisively, and avoids the over‑handling that can stall possessions. His screening, sealing, and offensive rebounding all show a player who understands how to create value without needing plays drawn for him.
Ndongo’s reliability, motor, and willingness to repeat high‑value actions make him one of the more coachable veteran interior forwards in the class — a player whose impact scales because it’s built on toughness, discipline, and consistency.","Ndongo’s best shots come from rim runs, put‑backs, cuts, and simple finishes created by guards. He’s efficient when he plays through contact or finishes quickly. Efficiency dips on extended post‑ups or perimeter attempts. Keeping his usage tied to interior activity maximizes his value.","Closest Echo: Kenneth Faried — elite motor, rebounding, and interior activity.
Montrezl Harrell — energy scorer around the rim with power and touch.
Brandon Bass — tough interior forward who defends, rebounds, and finishes without perimeter creation."
64,John Mobley Jr.,20,Silver,"6'2""",185,PG,"6'5""",Ohio State,,ModalKey-Mobley Jr.,"Offensive spark‑plug guard who brings shooting gravity, confidence, and scoring punch. Sophomore scorer for Ohio State with real perimeter range and microwave potential.","John Mobley Jr. is a sharp, poised scoring guard whose game is built on pace, shot‑making, and the ability to create clean looks without needing overwhelming physical tools. At Ohio State he gives them a true perimeter threat — someone who can stretch the floor, operate comfortably in ball screens, and provide instant scoring stability when the offense needs a clean possession. His feel stands out. He plays with balance, changes speeds naturally, and understands how to manipulate defenders with timing rather than force.
His offensive value comes from how polished his perimeter game already is. He’s a confident shooter with deep range, comfortable rising off the dribble or working off movement. He gets into his pull‑up cleanly, uses his handle to create small pockets of space, and has the touch to convert tough, contested looks. He’s not a pure table‑setter, but he’s a functional playmaker — he sees the simple read, keeps the ball moving, and plays within structure. When he gets downhill, he finishes with craft more than power, using angles and touch to compensate for size.
Defensively, Mobley competes with real intent. He’s active at the point of attack, uses his quickness to stay attached, and brings enough toughness to fight through screens. His anticipation shows up in how he jumps passing lanes and disrupts rhythm without gambling out of structure. As he adds strength, he projects as a guard who can hold his own across multiple matchups.
Long‑term, Mobley profiles as a skilled, composed scoring guard — shooting versatility, pace control, and enough playmaking feel to fit next to another creator. His ability to generate offense from multiple levels gives him a scalable role in modern guard‑driven systems.","Name: John Mobley Jr.
Badge Tier: Silver
Team: Ohio State
Height/Weight: 6'3, 180 lbs
Wingspan: 6'5
","Thrives in uptempo settings where he can attack early, relocate for threes, and exploit defensive gaps. Uses pace to create separation and shows comfort operating off movement. Still refining decision‑making in the half court, but consistently generates scoring windows with quickness and shot‑making instincts.",,Active on‑ball defender with quick hands and anticipation. Uses speed to pressure ballhandlers but can be targeted by bigger matchups. Must add strength to handle physical Big Ten guards and improve screen navigation.,"Current Drift:
A scoring guard with deep range and instant‑offense value.
Potential Drift:
If strength and decision‑making improve, he trends toward a rotation scoring guard; if not, he projects as a situational shooter reliant on streaks.
Stabilizers:
• Strength development
• Shot selection
• Defensive effort
","Undersized frame raises questions about defensive versatility and finishing against length. If shooting consistency wavers, role narrows quickly. Turnovers and shot selection remain areas of growth.","Mobley has shown real growth in how he balances scoring aggression with decision‑making. His coachability shows in how he’s tightened his shot selection, improved his pacing, and become more deliberate in how he uses his shooting gravity to create advantages. He still brings microwave scoring, but with more structure and fewer wasted possessions.
He applies coaching emphasis on spacing and tempo with better consistency — relocating on time, attacking closeouts cleanly, and keeping the ball moving when defenses load up. His ability to generate clean looks without heavy dribble volume reflects strong feel and responsiveness.
Defensively, he competes with intent. He stays attached, works through screens, and uses anticipation to disrupt actions without gambling out of structure.
Mobley’s blend of confidence, shooting versatility, and year‑over‑year discipline gives him a scalable trajectory as a modern scoring guard.","Best shots come from pull‑up threes, spot‑ups, and quick‑trigger perimeter attempts. Comfortable shooting off the dribble with NBA‑level range. Shot selection can be streaky, but mechanics are clean and repeatable. Less effective when forced into contested mid‑range attempts or finishes through size.
","Closest Echo: Seth Curry — shooting gravity and off‑ball movement.
Lou Williams — microwave scoring and shot‑creation craft.
Jordan Clarkson — confident perimeter scoring profile.
"
65,Derrion Reid,19,Silver,"6'8""",226,SF/PF,"6'9""",Oklahoma,,ModalKey-Reid,"Reid is an athletic, versatile forward who thrives as a slasher, defender, and transition finisher. His length and mobility give him immediate rotational value, and his upside hinges on the development of a consistent perimeter jumper.","Derrion Reid is a strong, versatile forward whose game is built on physicality, defensive range, and the ability to impact possessions without needing a heavy creation load. At Oklahoma he brings a rugged, multi‑tool profile — someone who can guard multiple spots, finish plays, and give the Sooners a reliable, high‑motor presence on both ends. His frame stands out immediately. He’s powerful through contact, moves well laterally, and has the kind of body control that lets him win physical matchups without sacrificing mobility.
His offensive value comes from how cleanly he fits into structure. He’s a decisive straight‑line driver, a willing cutter, and a strong finisher who doesn’t need the ball to matter. He screens with intent, dives hard, and opens passing windows for guards. The jumper is still stabilizing, but the mechanics are workable and the confidence is trending upward. He thrives in second‑side actions where he can attack a tilted defense, make the simple read, or use his strength to get to the rim.
Defensively, Reid is the type of forward modern systems covet. He can switch, absorb contact, and still slide with wings. His motor shows up in how often he makes multiple efforts in a single possession — contest, recover, rotate, rebound. He uses his strength to wall up inside, his length to bother shooters, and his awareness to stay within scheme. As his discipline sharpens, he projects as a true multi‑positional defender who can anchor energy lineups.
Long‑term, Reid profiles as a modern two‑way forward — physical, versatile, and scalable across systems. He brings toughness, defensive reliability, and enough offensive utility to fit next to higher‑usage creators while still impacting winning possessions.
","Name: Derrion Reid
Badge Tier: Silver
Team: Oklahoma
Height/Weight: 6'7, 210 lbs
Wingspan: 6'9

","Reid operates best when the floor is spaced and he can attack open lanes or cut behind defenders. He reads transition opportunities well and uses his stride to cover ground quickly. In the half court, he’s still developing timing and feel — his reads can be linear, and he’s most effective when actions are simplified. Defensively, he anticipates well and uses length to shrink space across matchups.",,"Defense is Reid’s clearest pathway. He guards 2–4, competes physically, and uses length to contest shots and disrupt actions. His footwork is solid, and he can absorb contact better than most young forwards. Rotational discipline is still developing — he can be overeager on closeouts — but the tools and effort level give him a scalable defensive foundation.","Current Drift:
A switchable, athletic forward who impacts games through defense, rebounding, and transition play.
Potential Drift:
If the jumper stabilizes and the handle tightens, he drifts toward a reliable two‑way wing with complementary scoring. If not, he remains a defense‑first rotation forward whose value comes from energy and versatility.
Stabilizers:
• 	Shooting development
• 	Defensive discipline
• 	Strength and finishing consistency
","Risks tied to shooting volatility, limited half‑court creation, and occasional foul/over‑aggression. Needs continued refinement in decision‑making and perimeter confidence to expand offensive role.
","Reid plays with the physicality and defensive engagement of a young forward who already understands how to impact possessions without needing the ball. His coachability shows in how consistently he executes effort‑driven responsibilities — cutting, screening, rotating, and finishing through contact. He embraces structure, stays decisive, and rarely drifts into low‑value creation.
Defensively, he’s fully bought in. He switches with confidence, absorbs contact, and brings multiple efforts on every possession. His ability to stay connected to actions and recover when beaten reflects strong film‑to‑floor translation for a 19‑year‑old.
Reid’s toughness, motor, and willingness to play a connective role make him one of the more coachable young forwards in the class — a player whose impact scales across systems because it’s built on reliability and defensive range.","Best shots come from transition finishes, cuts, offensive rebounds, and straight‑line drives. Efficiency drops on contested threes and off‑dribble jumpers. Usage should emphasize movement, energy, and opportunistic scoring rather than creation.","Closest Echo: Jae Crowder — two‑way forward with energy, physicality, and defensive versatility.
Torrey Craig — versatile wing defender who thrives in complementary roles.
Stacey Augmon — athletic defensive wing whose offense is secondary to defensive impact."
66,Sadiq White Jr.,18,Silver,"6'9""",200,SF/PF,6'11,Syracuse,,ModalKey-White Jr.,"White is a long, explosive freshman forward with clear athletic pop and defensive tools. He plays with energy, covers ground quickly, and brings a fluidity that stands out immediately on a young Syracuse roster. His game is built on movement, activity, and physical tools that give him a wide developmental runway.","Sadiq White Jr. is an explosive, high‑motor forward whose game is built on athleticism, activity, and the ability to pressure the rim without needing a polished handle. At Syracuse he brings a true vertical‑threat profile — long, bouncy, and constantly around the play. His first step and leaping ability let him turn simple actions into advantages, and he thrives in space where he can cut, crash, and finish above the rim. He’s not a self‑creator yet, but he doesn’t need to be to impact possessions.
His offensive value comes from how relentlessly he moves. He cuts with timing, sprints the floor, and forces defenses to account for him even when he isn’t touching the ball. He’s a violent offensive rebounder who creates extra chances, and he’s comfortable finishing through or over contact. In ball‑screen actions he’s a clean lob target, and in second‑side situations he attacks closeouts with force. The jumper is still developing, but the mechanics are workable and the confidence is trending upward.
Defensively, White fits Syracuse’s modern identity: long, active, and disruptive. He covers ground quickly, rotates with urgency, and uses his length to contest at the rim and bother passing lanes. His motor allows him to make multiple efforts in a single possession, and he has the tools to guard both forwards and some wings. As his discipline and physical strength continue to mature, he projects as a switch‑friendly defender who can anchor energy lineups and scale across schemes.
Long‑term, White profiles as a high‑impact, high‑activity forward — a vertical athlete who brings juice, defensive range, and play‑finishing value to any system built on pace, movement, and pressure.His FT shooting currently is a major weak point.","Name: Sadiq White Jr.
Badge Tier: Silver
Team: Syracuse
Height/Weight: 6'8, 205 lbs
Wingspan: 6'11

","White moves naturally in space, using his length and stride to cover ground both vertically and laterally. Offensively, he’s most comfortable operating as a cutter, transition finisher, and opportunistic slasher who finds gaps rather than creating them. He adjusts well around the rim and has a good sense for when to dive or relocate. Defensively, his spatial instincts show up in how he rotates, closes space, and uses his length to bother actions even when he’s a step late. His feel is still developing, but the raw spatial tools are strong.",,"Defense is where White’s tools show the clearest translation. His length, mobility, and quick reaction time allow him to guard multiple positions and disrupt actions both on and off the ball. He’s comfortable switching, recovering, and contesting above the rim. His timing as a weak‑side helper is promising, though still inconsistent. Strength and discipline will determine how well he handles physical matchups, but the defensive foundation is strong and scalable.","Current Drift:
A rangy, athletic forward whose early value comes from defense, activity, and transition play.
Potential Drift:
If the handle and jumper develop, he drifts toward a modern two‑way wing with real versatility. If not, he remains an energy‑driven defender and finisher who thrives in movement‑based systems.
Stabilizers:
• 	Shooting development
• 	Strength and physical maturity
• 	Defensive discipline and consistency","White’s risks center on offensive polish, shooting reliability, and creation scalability. His game currently leans heavily on athleticism and activity, which can lead to volatility when the game slows down. Without improved shooting and ball‑handling, he may be limited to a narrow offensive role. His defensive tools give him a strong baseline, but the long‑term outcome hinges on skill development catching up to his physical gifts.","White has shown strong early buy‑in to Syracuse’s system, channeling his athleticism into more structured, repeatable impact. He plays with real energy — sprinting the floor, crashing the glass, and covering ground defensively — and he applies coaching points around positioning and discipline with encouraging consistency for a young forward.
Offensively, he keeps things simple. He cuts with purpose, finishes plays without overhandling, and shows a willingness to make the extra pass rather than forcing tough looks. His ability to stay within structure while still leveraging his athletic tools reflects strong early responsiveness to coaching.
Defensively, his length and mobility give him real versatility. He rotates with intent, contests without gambling, and shows improving timing as he gains reps. His physical tools and early discipline give him a wide developmental runway, and his willingness to absorb feedback positions him well for long‑term growth.","White’s best shots come from cuts, transition finishes, lobs, and simple catch‑and‑finish opportunities. He’s effective when he gets downhill off movement or attacks open space. The jumper is still developing, and his efficiency dips when he’s asked to self‑create or take contested midrange attempts. Keeping his usage tied to movement, spacing, and opportunistic scoring maximizes his impact.","Closest Echo: Derrick Jones Jr. — explosive vertical athlete with transition finishing, length, and defensive activity.
Gerald Wallace — high‑motor physicality, multi‑positional defense, and chaos‑creation as a ceiling benchmark for his tools‑driven developmental arc."
67,Neoklis Avdalas,19,Silver,"6'9""",215,SG/SF,"6'9""",Virginia Tech,,ModalKey-Avdalas,"Tall Greek guard with advanced feel, scoring instincts, and real playmaking value. Already producing at a high level as a freshman at Virginia Tech, showing three‑level scoring and point‑forward versatility. Silver tier reflects rotation‑ready impact with upward mobility tied to defensive consistency and efficiency","Neoklis Avdalas is a poised, high‑IQ guard whose game gives Virginia Tech a steady organizer with real feel, pace control, and connective value. He plays with a maturity that stands out for his age — calm under pressure, deliberate in his reads, and always aware of where advantages are developing. His style is methodical but not passive. He knows how to manipulate tempo, get into his spots, and keep an offense stable.

Offensively, Avdalas brings value as a pick‑and‑roll operator and decision‑maker. He’s comfortable snaking ball screens, using hesitations to freeze defenders, and getting into mid‑range pockets where he can make balanced reads. His passing is clean and purposeful — he hits rollers early, finds shooters on the weak side, and rarely forces low‑percentage plays. The jumper is still coming along, but the mechanics are sound, and he’s shown enough touch to project into a reliable spot‑up threat as he matures. He doesn’t need the ball to be effective; he relocates well, cuts with timing, and plays within structure.

Defensively, Avdalas competes with discipline and awareness. He’s not the most explosive athlete, but he moves his feet well, stays attached to ball‑handlers, and uses anticipation to disrupt actions without gambling. His team defense is a strength — he tags rollers, rotates early, and communicates consistently. As he continues to add strength, he projects as a guard who can hold his own across both backcourt spots.

Long‑term, Avdalas profiles as a steady, cerebral guard — pick‑and‑roll craft, decision‑making, and the ability to run an offense without turnovers or wasted possessions. His game scales because it’s built on feel, maturity, and adaptability rather than pure athleticism or high‑usage scoring. Virginia Tech gives him a strong developmental environment to sharpen those tools and grow into a reliable two‑way contributor.
","Name: Neoklis Avdalas
Badge Tier: Silver
Team: Virginia Tech
Height/Weight: 6'9, 215  lbs
Wingspan: 6'6
","Thrives in pace‑and‑space where he can leverage size as a ballhandler. Operates comfortably in pick‑and‑roll, using pace control and vision to create advantages. Reads help defenders well and can slide into point‑forward or secondary‑creator roles depending on lineup.",,Uses 6'9 frame to guard multiple positions. Averaging 0.7 blocks and 0.7 steals per game. Anticipates rotations well and competes with energy. Still developing point‑of‑attack defense against quicker guards and must improve physicality on switches.,"Current Drift:
Tall scoring guard with playmaking instincts and perimeter touch.
Potential Drift:
If defensive consistency and strength improve, he trends toward a versatile two‑way creator; if not, he projects as an offensive‑leaning point‑forward.
Stabilizers:
• Defensive footwork
• Strength
• Shot selection","Lacks elite burst and vertical pop. Efficiency can swing game‑to‑game. Must improve defensive discipline and conditioning to avoid narrowing to an offense‑only role.","Avdalas plays with the poise and feel of a tall guard who understands how to organize an offense and create advantages without forcing. His coachability shows in how consistently he applies coaching emphasis on pace control, early reads, and three‑level scoring discipline. He plays with maturity well beyond his age.
Defensively, he competes with intent. He uses his size to bother actions, rotates on time, and shows improving discipline as he adjusts to ACC physicality. His ability to stay connected and avoid unnecessary risks reflects strong responsiveness to coaching.
Offensively, he stays within structure — point‑forward reads, clean footwork, and decisive scoring actions. He doesn’t overdribble and keeps the offense connected with simple, high‑value decisions.
Avdalas’ feel, size, and possession‑level discipline give him a scalable projection as a modern tall guard with real playmaking value.","Three‑level scoring flashes. Shooting 35.1% from three on solid volume. Comfortable pulling up, attacking downhill, and finishing with craft. Free‑throw touch (68.4% FT) suggests room for growth but workable mechanics.","Closest Echo: Hedo Türkoğlu — tall playmaker with size, pace control, and three‑level scoring.
The best modern‑era match for a 6'9 guard who can run offense, shoot off the dribble, and manipulate pace.
Josh Giddey — oversized secondary creator with feel and pick‑and‑roll craft.
Not a perfect athlete comp, but the functional overlap is strong: tall handler, patient reads, and multi‑positional playmaking.
Kyle Anderson — jumbo initiator with craft, timing, and mismatch creation.
A great stylistic match for Avdalas’ pace, angles, and ability to play on or off the ball.
Danilo Gallinari (early career) — big wing creator with shooting and "
68,Luigi Suigo,18*,Silver,"7'2""",250,C,"7'4""","KK Mega Basket (Serbia, ABA League)",,ModalKey-Suigo,"Traditional big who anchors the paint with size, touch, and rim protection. Young Italian center producing efficiently in the ABA League with a modern stretch‑big skill set.","Luigi Suigo is a long, mobile interior forward whose game is built on energy, physicality, and the ability to impact possessions without needing a scripted offensive role. At KK Megabasket he brings a modern developmental big‑forward profile — someone who runs the floor hard, finishes plays, and uses his length to influence both ends. His frame stands out immediately. He’s rangy, coordinated, and gets off the floor quickly, giving him real play‑finishing and defensive potential.
His offensive value comes from how cleanly he fits into structure. He’s a decisive roller, an active cutter, and a reliable finisher who doesn’t need touches to matter. He plays through contact, rebounds in traffic, and generates second‑chance points simply by being relentless around the rim. The jumper is still early in its development, but the touch is workable and the mechanics are trending in the right direction. Most of his scoring comes from movement, effort, and timing rather than self‑creation.
Defensively, Suigo has the tools to be a versatile frontcourt piece. He moves well laterally for his size, covers ground in rotations, and uses his length to contest without fouling. He’s comfortable switching onto wings in short stretches, recovering to the paint, and making multiple efforts in a single possession. As his strength and discipline sharpen, he projects as a multi‑positional defender who can anchor energy lineups or complement a more traditional big.
Long‑term, Suigo profiles as a high‑motor, modern interior forward — length, mobility, defensive versatility, and enough offensive touch to scale into a reliable rotation role. His game translates because it’s built on effort, physical tools, and repeatable advantages rather than volume scoring.","Name: Luigi Suigo
Badge Tier: Silver
Team: KK Mega Basket (ABA League, Serbia)
Height/Weight: 7'2, 250 lbs
Wingspan: 7'4

","Positions well as a screener, roller, and pick‑and‑pop threat. Uses size to seal defenders and create easy finishing angles. Shows awareness as a short‑roll outlet and understands spacing principles in modern European offenses.
",,"Uses elite length and timing to alter shots and protect the rim. Reliable secondary rim protector who contests vertically and controls space around the basket. Perimeter defense remains raw, with lateral quickness and recovery speed still developing.","Current Drift:
A modern rim‑protecting center with size, touch, and emerging perimeter shooting.
Potential Drift:
If mobility and strength improve, he trends toward a two‑way stretch‑big; if not, he projects as a drop‑coverage anchor with pick‑and‑pop value.
Stabilizers:
• Rim protection
• Shooting touch
• Physical development","Risk tied to adapting from Italy’s lower division to higher‑level pace and physicality. Must prove durability, conditioning, and defensive mobility against stronger, faster competition.","Suigo shows strong responsiveness to coaching for a young, oversized center playing real ABA minutes. His coachability shows in how consistently he executes the foundational responsibilities — anchoring the paint, contesting without fouling, screening with intent, and finishing plays that others create. He stays within structure, runs the floor hard for his size, and applies coaching emphasis on positioning with encouraging discipline.
Defensively, he’s bought into being a true anchor. He uses his length to deter drives, plays with verticality, and shows improving timing as a shot‑blocker. His mobility is still developing, but he competes in space and recovers with effort, reflecting a player who understands his role and limitations.
Offensively, he keeps things simple — touch finishes, short‑roll decisions, and occasional pick‑and‑pop flashes. He doesn’t force creation and shows a willingness to repeat high‑value actions possession after possession.
Suigo’s size, touch, and early discipline give him a clear developmental runway as a modern interior big who can be coached into a defined role.
","Best shots come from rolls, seals, and pick‑and‑pop threes. Recent ABA League stretch includes 62% FG and 40% 3P, reflecting clean mechanics and soft touch. Efficiency dips when forced into off‑balance post attempts or when defending pulls him away from his preferred spots.","Closest Echo: Brook Lopez — rim protection and modern stretch‑big scoring.
Kristaps Porziņģis — perimeter shooting and length‑based rim protection.
Jonas Valančiūnas (stylistic) — size, touch, and interior presence."
69,Otega Oweh,22,Silver,"6'6""",215,SG,"6'8""",Kentucky (transfer from Oklahoma),,ModalKey-Oweh,"Physical slashing guard with defensive toughness and transition value. Veteran rotation piece for Kentucky with elite defensive tools and improving perimeter confidence.
","Otega Oweh is a force‑driven, high‑motor wing whose game is built on physicality, defensive pressure, and straight‑line attacking. At Kentucky he gives them a rugged perimeter presence — someone who plays through contact, competes on every possession, and brings an edge that changes the temperature of a lineup. His style is direct and purposeful. He doesn’t dance with the ball; he gets downhill, finishes through bodies, and forces defenses to react to his strength and intent.
His offensive value starts with how reliably he generates paint touches. He’s a powerful straight‑line driver who uses his frame to dislodge defenders and carve out angles. He thrives in transition, attacks closeouts with conviction, and finishes with force when he gets two feet in the lane. The jumper is still stabilizing, but he compensates by making quick decisions — attacking early, cutting with timing, and keeping the ball moving when the defense collapses. He’s the type of wing who raises the floor of an offense simply by playing with decisiveness and physical pressure.
Defensively, Oweh is the identity piece. He’s one of the most competitive on‑ball defenders in the country — strong at the point of attack, relentless through screens, and disruptive with his hands. He takes matchups personally, uses his body to wall off drives, and consistently makes multiple efforts within a possession. His ability to guard up and down the lineup gives Kentucky real flexibility, and his motor rarely dips.
Long‑term, Oweh profiles as a rugged two‑way wing — downhill force, defensive toughness, and a competitive engine that translates to winning basketball. His game scales because it’s built on effort, physical tools, and repeatable advantages rather than streaky shot‑making or high‑usage creation.","Name: Otega Oweh
Badge Tier: Bronze
Team: Kentucky
Height/Weight: 6'4, 205 lbs
Wingspan: 6'8

","Thrives in pace‑and‑space settings where he can cut, relocate, and attack gaps. Uses strength to finish through contact and plays well as an off‑ball scorer. Still refining decision‑making when asked to create off the dribble, but consistently finds value as a play finisher.
",,"NBA‑ready frame allows him to defend both guard spots. Physical, disruptive defender who pressures the ball, absorbs contact, and sets the tone. Recognized as a defensive leader with improved consistency over his collegiate career.","Current Drift:
A defensive‑first guard/wing with slashing value and improving shooting.
Potential Drift:
If perimeter accuracy stabilizes, he trends toward a reliable two‑way rotation wing; if not, he projects as a slasher/defensive specialist.
Stabilizers:
• Shot selection
• Perimeter accuracy
• Defensive engagement","Efficiency dips when forced into on‑ball creation. Early‑season shot selection (32% FG, 27% 3P vs Michigan State/Louisville) highlights volatility. Without improved perimeter accuracy and decision‑making, role narrows to slasher rather than versatile two‑way guard.","Oweh plays with the physicality and defensive edge that Kentucky leans on in its perimeter rotation. His coachability shows in how consistently he applies coaching emphasis on slashing lanes, transition pressure, and matchup discipline. He doesn’t overhandle, stays within structure, and uses his strength to create clean angles without drifting into low‑value attempts.
Defensively, he’s fully bought in. He takes assignments personally, uses his frame to stay attached, and brings multiple efforts through screens and rotations. His ability to guard up and down the lineup reflects strong film‑to‑floor translation and a willingness to embrace the dirty work.
Offensively, he stays in role — attacking space, finishing through contact, and keeping the ball moving. His improving perimeter confidence shows in better shot selection and more decisive footwork on catch‑and‑shoot opportunities.
Oweh’s blend of physicality, defensive toughness, and role clarity makes him a highly coachable two‑way guard who elevates lineup stability.","Best shots come from straight‑line drives, cuts, and catch‑and‑shoot threes. Quick first step and aggressive rim attacks define his scoring. Three‑point shot is developing — early numbers are low but trending upward after prior improvement. Less effective when settling for contested pull‑ups or forced drives into traffic.
","Closest Echo: Bruce Brown — defensive toughness and versatile scoring.
Kentavious Caldwell‑Pope — shooting gravity and two‑way wing impact.
Josh Okogie — defensive energy and slashing.
Hamidou Diallo — athletic slashing wing archetype."
70,Bryson Tiller,20,Silver,"6'10""",240,PF,"7'3""",Kansas,,ModalKey-Tiller,"Tiller is a long, powerful freshman forward with a strong physical base and a versatile early skill set. He runs the floor well, finishes through contact, and shows comfort operating in the mid‑post. His frame, mobility, and early production make him one of the more physically ready young forwards in the country.","Bryson Tiller is a big, powerful, toolsy forward whose game is built on strength, fluidity, and the ability to pressure the rim without needing a polished perimeter package. At Kansas he brings a true mismatch‑forward profile — long, explosive, and capable of creating advantages simply by getting downhill. His frame stands out immediately. He absorbs contact, finishes through length, and plays with a physical edge that fits the way Kansas wants to attack in transition and early offense. When he gets a runway, he’s a problem.
His possession impact comes from how reliably he forces rotations. He’s at his best attacking closeouts, slipping into space, and using his stride length to get to the rim before the defense can load up. The handle is functional, not refined, but he doesn’t need a deep bag to generate paint touches. He thrives in second‑side actions, cuts with timing, and punishes defenders who are late on tags. The jumper is still a work in progress — streaky, but mechanically serviceable — and his long‑term scoring ceiling will rise as the shot stabilizes.
Defensively, Tiller has the tools to be a multi‑positional asset. His length and mobility allow him to slide with wings, contest at the rim, and cover ground in rotations. He plays with real effort, makes multiple attempts in a single possession, and uses his frame to shrink space. The discipline is still developing, but the physical profile is exactly what modern schemes want in a switch‑capable forward.
Long‑term, Tiller projects as a high‑upside, modern power wing — downhill force, defensive range, and physicality that scale across systems. The polish is still catching up, but the tools and play‑finishing value give him a clear developmental runway at Kansas and beyond.","Name: Bryson Tiller
Badge Tier: Gold
Team: Kansas
Height/Weight: 6'10, 240 lbs
Wingspan: 7'3

","Tiller understands how to occupy space as a face‑up forward. He’s comfortable catching at the elbows, attacking downhill, and using his length to finish in traffic. He positions himself well as an offensive rebounder and finds soft spots in the defense when operating off the ball. Defensively, he reads actions early and uses his size to close space effectively, though his timing is still developing against quicker wings.
",,"Tiller brings length, strength, and a solid defensive foundation. He can guard 4s and some 5s, using his frame to absorb contact and his wingspan to contest shots. As a weak‑side helper, he shows flashes of rim deterrence and rotates with purpose. His lateral quickness is functional, though not elite, and he’ll need to continue refining his footwork to handle quicker forwards. The tools and effort level give him a scalable defensive profile.
","Current Drift:
A strong, mobile 4 with inside‑out scoring flashes and secondary rim protection.
Potential Drift:
If the handle and jumper continue to develop, he drifts toward a versatile two‑way forward who can play through multiple actions. If not, he settles into a power‑wing/4 hybrid who scores efficiently, rebounds, and defends his position.
Stabilizers:
• 	Shooting consistency
• 	Defensive footwork
• 	Physical development and conditioning","Tiller’s risks center on perimeter skill scalability and defensive versatility. His scoring currently leans on strength, touch, and mid‑post comfort — translating that to higher levels requires improved shooting and tighter ball‑handling. Defensively, he must prove he can guard in space consistently. His physical tools give him a strong baseline, but the long‑term outcome hinges on skill refinement catching up to his frame and instincts.
","Tiller has adapted quickly to Kansas’ structure, showing a level of physical readiness and discipline that’s uncommon for a first‑year forward. His coachability shows in how consistently he applies coaching emphasis on pace, physicality, and decision simplicity. He runs the floor hard, finishes through contact, and embraces the program’s demands around screening, rebounding, and early‑clock pressure.
Defensively, he’s shown encouraging responsiveness. His length and mobility allow him to cover ground, and he’s steadily improving his timing in rotations and contests. He competes with intent, absorbs feedback, and rarely repeats the same mistake twice. Offensively, he stays within structure — operating in the mid‑post, attacking closeouts, and finishing plays rather than forcing creation.
Tiller’s blend of physical tools, early discipline, and willingness to do the foundational work gives him one of the cleaner long‑term developmental arcs among young forwards.","Tiller’s best shots come from face‑ups, mid‑post touches, transition finishes, and straight‑line drives. He’s effective when he gets downhill or uses his strength to create angles. His efficiency dips on contested jumpers and self‑created perimeter attempts. Keeping his usage tied to decisive attacks, quick decisions, and advantage‑driven scoring maximizes his impact.","Closest Echo: Julius Randle (early career) — strong, mobile forward with face‑up scoring, physical finishing, and secondary rim protection.
Aaron Gordon (pre‑Orlando leap) — power wing/forward hybrid with length, mobility, and a developing perimeter game.
Isaiah Stewart (offensive role only) — physical interior finisher with mid‑post comfort and a strong frame."
71,Shon Abaev,18,Silver,6'7,195,SF,"6'9""",Cincinatti,,ModalKey-Abaev,"Abaev is a confident scoring wing with size, fluidity, and a natural feel for getting downhill. He thrives in transition, attacks gaps decisively, and brings a smooth scoring touch that shows up early in his Cincinnati minutes. His frame and offensive instincts give him a clear developmental runway as a rotation‑level wing scorer.","Shon Abaev is a  bouncy, skilled scoring wing with real touch and shot‑making craft, but his early college production hasn’t matched the polish he showed in high school. The shooting indicators are still there — compact mechanics, soft rotation, and the ability to get to clean looks — but the efficiency hasn’t followed yet. His current FG% reflects the adjustment curve more than a lack of skill: the shots he’s taking are the same ones he’s always been comfortable with, he’s just not converting them at a college pace yet.
Offensively, the process is still sound. He gets to his spots, uses his size to create separation, and plays with a poised, methodical cadence. He thrives in second‑side actions and mid‑range pockets, but right now he’s more of a “shot‑quality looks good, shot‑results lag behind” player. The feel and footwork remain strengths; the consistency simply hasn’t caught up. As he settles into the physicality and tempo of the college game, the expectation is that the percentages normalize.
Defensively, nothing changes — he competes, uses his length to contest, and stays within scheme. The low FG% doesn’t bleed into his effort or positioning. He’s still a disciplined, system‑reliable wing defender who reads actions early and avoids unnecessary risks.
Long‑term, Abaev still profiles as a modern scoring wing. The touch is real, the craft is real, and the early inefficiency looks more like a freshman‑year adjustment than a red flag. The foundation remains intact; the percentages just need time to catch up.
","Name: Shon Abaev
Badge Tier: Silver
Team: Cincinnati
Height/Weight: 6'8, 210 lbs
Wingspan: 6'9
","Abaev operates comfortably in space, using his stride and length to attack open lanes and finish on the move. He reads transition opportunities well and positions himself effectively as a slasher rather than a creator. In the half court, he finds pockets to cut into and relocates cleanly around drives. Defensively, his spatial awareness is still developing, but his length allows him to contest and disrupt even when his timing isn’t perfect.",,"Abaev brings length and activity, competing on the glass and using his wingspan to contest shots and disrupt passing lanes. He can guard multiple wing positions and shows flashes of anticipation, though his defensive impact is still more tools‑driven than polished. Strength, discipline, and rotational consistency will determine how scalable his defense becomes. Early returns show effort and engagement, even if the timing is still catching up.3.8 RPG through his first 14 college games is respectable for a guard his height.","Current Drift:
A slashing, transition‑oriented scoring wing with length and fluidity.
Potential Drift:
If the jumper stabilizes and the handle tightens, he drifts toward a versatile scoring wing who can operate in multiple contexts. If not, he remains a movement‑based finisher who thrives in pace and space systems.
Stabilizers:
• 	Shooting development
• 	Defensive consistency
• 	Strength and physical maturity","Abaev’s risks center on shooting reliability, defensive discipline, and creation scalability. His scoring is currently tied to transition, slashing, and opportunistic offense rather than self‑generated looks. Without improved perimeter consistency and defensive refinement, he may settle into a narrower role. His physical tools and scoring instincts give him a solid baseline, but the long‑term outcome hinges on skill development catching up to his confidence.
","Abaev has shown strong early responsiveness to Cincinnati’s pace and spacing principles, playing with the decisiveness and confidence of a young wing who understands how to apply his strengths. He attacks gaps with purpose, runs the floor hard, and stays within structure rather than drifting into low‑value isolation. His ability to play downhill without forcing possessions reflects strong early discipline.
Defensively, he competes with intent. He uses his length to contest, stays engaged off the ball, and shows improving awareness in rotations. Strength and physicality are still developing, but his effort level and willingness to apply coaching points give him a solid foundation.
Abaev’s coachability is evident in how quickly he adjusts to feedback and how consistently he plays to his strengths. His size, fluidity, and early discipline give him a clear developmental runway as a modern scoring wing.","His FG % is at 33% through his first 14 games, showing a talented freshman still getting used to this level. Abaev’s best shots come from transition attacks, straight‑line drives, cuts, and catch‑and‑shoot looks. He’s efficient when he gets downhill or finishes off movement. His efficiency dips when he’s forced into contested pull‑ups or self‑created midrange attempts. Keeping his usage tied to movement, spacing, and advantage‑driven scoring maximizes his impact.","Closest Echo: Omri Casspi — fluid scoring wing with size, transition value, and a slashing‑first offensive identity.
Kelly Oubre Jr. — long, confident scoring wing who thrives attacking gaps, finishing in transition, and using length to disrupt defensively.
Cam Johnson (early career) — smooth, complementary scoring wing who attacks closeouts, spaces the floor, and fits cleanly alongside guard‑driven offenses"
72,Robert Wright III,20,Silver,"6'1""",170,PG,"6'3""",BYU (transfer from Baylor),,ModalKey-Wright III,"Shifty, confident lead guard with jitterbug quickness and creation ability. Former Baylor freshman assist leader now running BYU’s offense with pace and scoring aggression. Silver tier reflects rotation‑ready guard play with upside tied to shooting consistency and defensive reliability.","Robert Wright III is a poised, competitive lead guard whose game gives BYU a steady organizer with real shot‑making and pace control. He plays with a mature rhythm — never rushed, never sped up — and brings the kind of decision‑making that stabilizes possessions for a team that values ball movement and structure. His style is composed but assertive. He picks his spots, uses pace changes to create separation, and understands how to run an offense without wasting dribbles.

His offensive value starts with his feel in ball screens. He’s comfortable manipulating defenders, getting into mid‑range pockets, and making the simple read that keeps the action flowing. He’s a confident pull‑up shooter, especially when he can get to his preferred rhythm dribble, and he’s reliable as a catch‑and‑shoot threat when he plays off the ball. He’s not a pure burst athlete, but he compensates with timing, angles, and a strong sense of when to accelerate or decelerate. His passing is clean and purposeful — he hits rollers, finds weak‑side shooters, and rarely forces low‑percentage plays.

Defensively, Wright brings toughness and discipline. He competes at the point of attack, stays attached to ball‑handlers, and uses anticipation to disrupt actions without gambling out of structure. His footwork and balance allow him to guard both backcourt spots, and he consistently makes the right rotation on the back side. He’s not the biggest guard, but he plays with leverage and intent, and he brings a competitive edge that fits BYU’s defensive expectations.

Long‑term, Wright profiles as a steady, high‑IQ point guard — pick‑and‑roll craft, shooting touch, and the ability to run an offense with maturity. His game scales because it’s built on feel, decision‑making, and a composed approach that translates across levels and lineup contexts.
","Name: Robert Wright III
Badge Tier: Silver
Team: BYU
Height/Weight: 6'1, 183 lbs
Wingspan: 6'3

","Thrives in pick‑and‑roll, using pace changes and tight handle to create separation. Reads drop coverage well and can operate as both a scorer and facilitator. Comfortable playing off the ball as a spot‑up shooter, giving him lineup flexibility.
",,"Scrappy point‑of‑attack defender with quick hands and lateral burst. Competes, but size limits contesting ability and switchability. Needs added strength to absorb contact and maintain defensive impact against bigger guards.","Current Drift:
A jitterbug scoring guard with playmaking instincts and perimeter touch.
Potential Drift:
If shooting stabilizes and defense holds, he trends toward a modern lead guard; if not, he projects as an undersized scoring specialist.
Stabilizers:
• Strength
• Off‑dribble shooting
• Defensive discipline","Size limits defensive ceiling. Off‑dribble shooting remains a swing skill. Durability and matchup concerns persist at 6'1. Without improved efficiency, risks narrowing to a bench scoring guard.","Wright plays with the pace, confidence, and decision‑making of a guard who understands how to organize an offense. His coachability shows in how consistently he applies coaching emphasis on tempo control, early reads, and creation discipline. He doesn’t overdribble, keeps the ball moving, and uses his quickness to generate clean advantages.
Defensively, he competes with intent. He stays attached, works through screens, and brings enough activity to stay viable at the point of attack. His discipline is still developing, but his effort and engagement are strong indicators of coachability.
Offensively, he stays within structure — pick‑and‑roll craft, jitterbug pace changes, and simple reads when help commits. His shooting consistency is the swing skill, but he doesn’t drift into low‑value pull‑ups.
Wright’s feel, pace, and possession‑level discipline give him a scalable projection as a modern lead guard.","With almost 4 attempts per game this season, he is hitting a terrific47.3% from 3 through 14 games. Best shots come from pick‑and‑roll pull‑ups, floaters, and catch‑and‑shoot threes. Crafty finisher who uses angles and body control. Off‑dribble jumper (22% at Baylor) must improve to unlock full scoring versatility.","Closest Echo: Ty Lawson — jitterbug speed guard with rim pressure and scoring craft.
Jameer Nelson — undersized guard with shooting and floor‑general polish.
Monte Morris — steady playmaker with efficient decision‑making.
Fat Lever — versatile guard with quickness and activity."
73,Declan Duru,19,Silver,"6'9""",210,PF,"7'0""",Texas,,ModalKey-Duru,"Athletic forward who thrives in transition and brings length, energy, and defensive versatility. Freshman from Real Madrid’s youth system with a strong international résumé and early Big 12 readiness. ","Declan Duru is a long, fluid, high‑upside forward whose game is built on mobility, defensive range, and flashes of scoring touch that project well as he matures. At Texas he brings a modern developmental profile — size, coordination, and the ability to cover ground in a way that immediately pops on film. His stride is smooth, his frame is scalable, and he moves with the kind of ease that suggests real long‑term versatility.
His offensive value right now is mostly theoretical, but the flashes are real. He’s comfortable attacking in straight lines, shows workable touch around the rim, and has the beginnings of a face‑up game that could grow into something meaningful. The jumper is still stabilizing, but the mechanics are clean enough to buy into long‑term. Because he’s playing very low minutes this season, most of his impact comes in short bursts — cuts, transition runs, put‑backs, and simple play‑finishing — but the underlying tools are clear.
Defensively, Duru has the kind of mobility and length that Texas can mold. He slides well for his size, recovers quickly, and has the instincts to contest without fouling. His ability to guard in space is ahead of schedule, and he brings enough physicality to hold his own against bigger forwards. With more reps, he projects as a switch‑capable defender who can cover multiple positions and make multiple efforts in a single possession.
Long‑term, Duru profiles as a developmental two‑way forward — length, fluidity, defensive versatility, and enough offensive flashes to believe in real growth once his role expands. The limited minutes don’t change the projection; they just delay the timeline.","Name: Declan Duru
Badge Tier: Silver
Team: Texas
Height/Weight: 6'9, 225 lbs
Wingspan: 7'0

","Uses length and mobility to attack space in transition and finish plays created by guards. Shows awareness as a cutter and rim runner, finding gaps behind rotating defenses. Still developing half‑court pacing and timing but flashes coordination and fluidity that translate well to modern forward roles.",,"Uses a 7‑foot wingspan and strong vertical pop to contest shots, rebound, and protect the rim. Capable of guarding 3–5 with mobility to switch onto wings and length to bother bigger forwards. Must continue refining discipline, angles, and physicality to handle Big 12 strength and speed.","Current Drift:
A rangy, athletic forward who defends multiple positions and finishes plays with energy and length.
Potential Drift:
If the shooting and skill development progress, he trends toward a modern two‑way stretch‑forward; if not, he projects as an activity‑based defender and finisher.
Stabilizers:
• Shooting consistency
• Defensive discipline
• Physical development","Risk tied to adapting from European competition to Big 12 physicality. Must prove he can sustain perimeter efficiency while handling stronger, faster defenders. Offensive value narrows if shooting stagnates or if he cannot consistently create advantages in the half court. Limited minutes so far in his college career question any hopes he's ready for the pros.","Duru has adapted quickly to Big 12 physicality, showing strong responsiveness to coaching in how he channels his length, mobility, and energy into structured impact. His coachability shows in how consistently he runs the floor, finishes plays, and stays active without needing scripted touches. He embraces the effort‑driven responsibilities — rebounding, cutting, rotating — that earn early minutes for young forwards.
Defensively, he’s fully bought in. He switches with confidence, covers ground quickly, and uses his length to contest without gambling. His Real Madrid background shows in his discipline and comfort within team concepts; he processes actions quickly and rarely looks out of place.
Duru’s motor, tools, and early system buy‑in give him a scalable developmental arc as a modern, versatile forward who can impact possessions on both ends without needing usage.","Best shots come from rim runs, transition finishes, and catch‑and‑shoot threes. Averaged 12.0 PPG on 49.2% FG and 41.9% 3P for Real Madrid U19, showing clean mechanics and confidence as a stretch forward. Efficiency dips when forced into contested self‑creation or mid‑range pull‑ups.","Closest Echo: Serge Ibaka — rangy forward with length, rebounding, and defensive presence.
Pascal Siakam — slashing forward with defensive versatility and modern two‑way impact.
Maxi Kleber — stretch‑big with defensive versatility and positional intelligence."
74,Andrej Stojakovic,21,Silver,"6'7""",215,SF,"6'9""",Illinois,,ModalKey-Stojakovic,"Stojaković is a skilled scoring wing with touch, feel, and a polished perimeter game built around footwork, pacing, and shot versatility. He plays with a calm, composed rhythm and rarely forces possessions, relying on craft rather than burst. His shooting mechanics, midrange comfort, and off‑ball intelligence give him a scalable offensive base, while defensive consistency and physicality remain developmental priorities.","Andrej Stojaković is a skilled, poised scoring wing whose game is built on touch, feel, and a natural ability to operate within the flow of an offense. He plays with a smooth, deliberate cadence — never rushed, never forcing creation — and uses his footwork, balance, and shooting mechanics to generate clean looks from multiple levels. His jumper is his anchor: compact release, soft rotation, and comfort shooting off movement, spot‑ups, or one‑to‑two‑dribble pull‑ups. When defenders chase him off the line, he has the patience to get to his spots, use his length, and finish with touch.

His possession impact comes from how seamlessly he fits into modern perimeter structures. He relocates with timing, cuts with purpose, and stays shot‑ready in a way that bends defenses even when he isn’t touching the ball. He’s a connective passer — not a high‑volume creator, but someone who keeps the ball moving, hits the obvious read, and maintains offensive rhythm. He thrives in second‑side actions where he can attack a tilted defense, flow into mid‑range solutions, or punish late closeouts.

Defensively, Stojaković competes with discipline and uses his length to contest on the perimeter. He reads actions early, positions himself well, and avoids unnecessary risks. As his strength and lateral quickness continue to develop, he projects as a reliable team defender who can guard wings, stay within scheme, and provide rotational value without being a liability.

Long‑term, he profiles as a scalable, modern wing: shooting gravity, feel, and off‑ball intelligence that translate across systems, with enough creation flashes to keep defenses honest and enough defensive discipline to stay on the floor in high‑leverage lineups. He is adding layers  to his game like his ability to drive and finish.
","Name: Andrej Stojaković
Badge Tier: Silver
Team: Illinois
Height/Weight: 6'7, 215 lbs
Wingspan: 6'9

","Stojaković understands how to operate within spacing, using relocations, counters, and subtle footwork to create clean looks. He’s effective attacking tilted defenses, especially when flowing into pull‑ups or floaters. Off‑ball, he times cuts well and finds soft spots along the baseline or in the mid‑slot. Defensively, he recognizes actions early but can be late closing space or navigating screens — the reads are there, but the physical execution needs to sharpen.",,"Stojaković competes but is still developing the strength, foot speed, and physicality needed to defend NBA‑caliber wings. He stays disciplined on closeouts and uses his length to contest, but he can be moved off his spots by stronger players and beaten by quicker guards. His off‑ball positioning is solid — he tags rollers, rotates on time, and avoids unnecessary gambles — but he must improve screen navigation and lateral agility. With added strength and conditioning, he projects as a passable team defender.","Current Drift:
Trending toward a movement‑shooting wing who leverages touch, footwork, and off‑ball intelligence. His habits — relocating, curling into midrange looks, and reading defensive shifts — pull him toward a skill‑driven perimeter scorer archetype.
Potential Drift:
If the handle tightens and he gains strength, he drifts toward a more dynamic three‑level wing. If not, he remains closer to a complementary shooter and connector.
Stabilizers:
• 	Strength and lateral mobility
• 	Shooting volume
• 	Ability to create separation","Stojaković’s risk centers on athletic scalability, defensive reliability, and creation equity. If he struggles to separate against length or physicality, his on‑ball value narrows. Defensively, he must prove he can stay attached to wings and survive in space. His shooting touch gives him a stable floor, but the ceiling depends on whether his body and handle can support more dynamic creation.","Stojaković carries himself like a player who has already navigated multiple high‑major systems, and that experience shows in how seamlessly he’s blended into Illinois’ structure. His junior‑year tape reflects a scorer who understands pacing, spacing, and shot quality at a veteran level — relocating with purpose, picking his windows without overhandling, and applying coaching emphasis on efficiency and rhythm rather than volume. He adjusts quickly to role context, toggling between secondary creation and off‑ball scoring without disrupting flow, a clear sign of multi‑system adaptability.
Defensively, he’s shown steadier engagement and better anticipation than earlier in his career, responding well to coaching around positioning, physicality, and discipline. While adding strength remains a developmental priority, his awareness and effort have become more consistent across matchups. His maturity, feel, and ability to refine details rather than relearn foundations make him a reliable, coachable wing — the kind who benefits from structure and elevates lineup cohesion because he’s already learned how to translate his game across environments.","Stojaković’s best shots come from movement threes, midrange pull‑ups, and touch finishes off curls or relocations. His mechanics are clean and repeatable, and he’s comfortable shooting off balance or off footwork counters. Lower‑value shots appear when he settles for contested pull‑ups early in the clock or drives without a clear advantage. His efficiency rises when he mixes shooting with timely cuts and quick decisions.","Closest Echo: Kevin Huerter — movement shooting, secondary creation, and smart off‑ball play.
Corey Kispert — clean mechanics, positional size, and scalable shooting value.
Gordon Hayward (stylistic flashes) — pacing, touch, and multi‑level scoring craft when fully in rhythm."
75,PJ Haggerty,21,Silver,"6'3""",185,SG,"6'6""",Kansas State,,ModalKey-Haggerty,"Haggerty is a ball‑dominant guard with strong scoring instincts, foul‑drawing craft, and improved playmaking at Kansas State. His ability to pressure the rim and operate in pick‑and‑roll makes him a natural offensive engine when usage is available. One of top scorers in the nation.","At Kansas State, Haggerty consistently impacts possessions through his scoring assertiveness and ability to influence offensive flow without hesitation. He plays with competitive urgency and keeps defenses tied to his actions, forcing help and then capitalizing on the reactions. His presence changes how teams guard the perimeter and opens opportunities for others even when he’s not directly creating.

Offensively, Haggerty combines a confident pull-up game with downhill driving pressure, allowing him to finish at the rim or rise into rhythm jumpers when defenses retreat. He doesn’t shy away from tough shots, and when his rhythm is established, he can shift roles fluidly between primary scorer and secondary creator. His ability to keep the defense honest while making reads off multiple levels gives lineups a sustained offensive identity.

Defensively, Haggerty competes with intensity and uses anticipation to stay connected on the perimeter. He pressures ball handlers and works to disrupt rhythm without over-committing, and his competitive engagement supports team defensive integrity. While still refining his two-way balance, his aggressive mindset provides tangible value on both sides of the floor.

Overall, Haggerty profiles as a guard whose scoring priorities drive possession outcomes. As his discretion and defensive steadiness continue their upward trajectory, his role could scale cleanly across competition levels.","Name: PJ Haggerty
Badge Tier: Silver
Team: Kansas State
Height/Weight: 6'3"", 185 lbs
Wingspan: 6'6""","Haggerty manipulates space well as a driver, using pacing, angles, and strength to get downhill. He reads ball screens effectively and finds shooters or cutters when defenses collapse. Off the ball, he’s less dynamic, but he positions himself intelligently as a secondary handler. Defensively, his spatial reads are inconsistent, though his hands are active.",,"Haggerty competes and has active hands, fighting through screens and generating steals. His size and length limit his ability to guard bigger wings, and his point‑of‑attack consistency fluctuates. He must improve rotational discipline and physicality to scale defensively. His effort level is strong, but the tools cap his versatility","Current Drift:
A downhill, foul‑drawing guard who thrives with the ball and creates advantages through craft and strength.
Potential Drift:
If the jumper stabilizes and the defense improves, he drifts toward a full‑time starting creator. If not, he projects as a microwave scorer or secondary handler.
Stabilizers:
• 	Shooting consistency
• 	Defensive discipline
• 	Decision‑making under pressure","Haggerty’s risks center on shooting reliability, defensive scalability, and durability. His offensive game leans heavily on rim pressure and foul drawing — if those don’t translate, his impact narrows. Defensively, size limitations restrict matchups. Sustained efficiency and improved defensive reads are essential for long‑term viability.","Haggerty plays with the confidence and composure of a guard who has already carried a major offensive load at the college level. As a junior, his coachability shows in how he’s refined his scoring instincts into more efficient, repeatable actions. He still thrives on rim pressure and foul‑drawing craft, but he’s become more selective in how he sequences attacks — reading help earlier, making the simple pass more consistently, and avoiding the over‑driven possessions that marked his early‑career tape.
His ability to absorb coaching around pacing and shot quality has elevated his game. He’s more patient in pick‑and‑roll, more deliberate in how he manipulates defenders, and more comfortable toggling between scorer and connector depending on coverage. That adaptability reflects a guard who understands structure and can operate inside it without losing his identity.
Defensively, he’s shown steadier engagement and better discipline. He competes through actions, stays connected longer, and applies system concepts with more consistency than in previous seasons. His year‑to‑year improvement speaks directly to his responsiveness to coaching.","He scores and scores with 23 PPG (3rd in natiion as of January 6) Haggerty’s best shots come from downhill drives, pick‑and‑roll attacks, and foul‑drawing opportunities. He’s efficient when he gets into the paint or finishes through contact. Efficiency dips on contested pull‑ups and early‑clock jumpers. Keeping his usage tied to advantage creation maximizes his value. ","Closest Echo: Jalen Brunson (stylistic, not ceiling) — foul‑drawing craft, pacing, and ball‑dominant creation.
Markelle Fultz (current role) — downhill guard who pressures the rim and facilitates without elite shooting.
Monta Ellis (stylistic) — confident scoring guard with slashing instincts, mid‑range touch, and on‑ball creation flair"
76,Amarion Dickerson,22,Silver,"6'7""",197,SF,"6'10""",USC,,ModalKey-Dickerson,"Dickerson is a long, active wing who brings defensive toughness, rebounding, and multi‑position versatility. His Horizon League production translated into early rotational minutes at USC, where his energy and physicality stand out even when the offense isn’t flowing. An Injury in December ended his Senior season early.
","Amarion Dickerson is a long, fluid, high‑upside wing whose game is built on slashing, defensive range, and the kind of athletic tools USC can weaponize in a modern pace‑and‑space system. He’s a natural mover — smooth stride, easy elevation, and the coordination to finish plays without needing a deep creation package. His frame pops immediately: long arms, wiry strength, and the ability to cover ground in just a few steps. When he gets downhill, he generates real pressure because of how quickly he can get from catch to rim.
His offensive value right now comes from movement, not volume. He cuts with timing, runs the floor, and thrives in second‑side actions where he can attack a tilted defense. He’s a clean lob target, a straight‑line driver, and a play‑finisher who doesn’t need scripted touches to matter. The jumper is still developing — workable mechanics, inconsistent results — and his long‑term scoring ceiling rises as the shot stabilizes.
In early December 2025, Dickerson suffered a hip injury that is expected to sideline him for roughly 3–4 months. The setback pauses his developmental reps but doesn’t change the underlying evaluation: his tools, movement patterns, and defensive range remain the core of his projection. The key is simply regaining rhythm and conditioning once he returns.
Defensively, Dickerson has the length and mobility to guard wings, contest at the rim, and rotate with urgency. He plays with effort, makes multiple attempts in a single possession, and uses his frame to shrink space. The discipline is still catching up — typical for a young wing — but the foundation is strong: he can switch, recover, and disrupt actions without gambling out of structure.
Long‑term, Dickerson still profiles as a modern two‑way wing with real developmental runway — slashing, defensive versatility, and athletic tools that scale across systems. The injury delays the timeline, not the projection.","Name: Amarion Dickerson
Badge Tier: Silver
Team: USC
Height/Weight: 6'7, 197 lbs
Wingspan: 6'10

","Dickerson moves well within defensive schemes, using his length to shrink space and contest actions across the perimeter. Offensively, he’s most comfortable as a cutter, transition finisher, and connective piece who plays off movement rather than creation. His feel for spacing is functional, though his offensive reads can be rigid when pressured.",,"Defense is Dickerson’s calling card. He guards 2–4, competes physically, and uses his wingspan to contest shots and disrupt passing lanes. His timing as a helper is solid, and he rebounds well for his position. Lateral quickness is good enough to switch selectively, though elite creators can still separate. His defensive floor is high due to effort, length, and discipline.","Current Drift:
A defensive‑first wing who impacts games through activity, toughness, and multi‑position coverage.
Potential Drift:
If the jumper stabilizes and the handle improves, he drifts toward a reliable 3‑and‑D rotation wing. If not, he remains a defensive specialist whose value comes from energy and versatility.
Stabilizers:
• 	Shooting consistency
• 	Defensive discipline
• 	Strength development","Dickerson’s risks center on offensive scalability. His jumper is streaky, his handle is limited, and he can struggle to create clean looks in the half court. Without improved shooting and decision‑making, his role narrows to defense‑only. His motor and defensive tools give him a baseline, but the offensive margin is thin.
","Dickerson brought a mature, defensive‑first presence to USC before his season was cut short. His coachability shows in how consistently he executed the effort‑driven details — rebounding in traffic, rotating with urgency, and taking the toughest wing assignments without hesitation. Coming from the Horizon League, he adapted quickly to high‑major physicality, applying coaching emphasis on positioning and discipline with real buy‑in.
Offensively, he stayed within structure. He cut with purpose, attacked gaps when they appeared, and kept the ball moving rather than forcing creation. His ability to impact possessions without needing touches reflects a player who understands role value and embraces it.
Even with the shortened season, Dickerson’s habits — toughness, energy, and defensive reliability — reflect a coachable veteran wing who elevates lineup stability through consistency rather than usage.","Dickerson’s best shots come from cuts, transition finishes, offensive rebounds, and simple catch‑and‑shoot looks. He’s efficient when attacking space or finishing plays created by others. Efficiency dips on self‑created jumpers or contested drives. Keeping his usage tied to movement and defensive activity maximizes his impact.","Closest Echo: Andre Roberson — defensive wing with length, rebounding, and multi‑position coverage.
Justise Winslow (defensive role only) — physical, versatile forward who impacts games without scoring volume.
Josh Okogie — high‑motor defender who pressures the ball, rebounds, and thrives in energy‑driven roles."
77,Henri Veesaar,21,Silver,"7'0""",210,C,"7'2""",North Carolina (transfer from Arizona),,ModalKey-Veesaar,"Veesaar is a long, mobile Estonian forward‑center with real defensive versatility, fluid movement skills, and flashes of perimeter touch. His combination of length, coordination, and timing gives him a scalable modern‑big profile, and he plays with a calm, controlled presence on both ends. Still developing strength and offensive assertiveness, but the tools and instincts are clear.","Henri Veesaar is a long, fluid, modern big whose game is built on mobility, touch, and a natural feel for playing within structure. At North Carolina he brings a versatile frontcourt presence — someone who can run the floor, finish with coordination, and operate comfortably as a connective piece rather than a traditional back‑to‑the‑basket anchor. His movement stands out for his size: he changes ends smoothly, slips into space as a cutter, and has the timing to finish lobs or quick dump‑offs without needing a heavy dribble load. The touch indicators are real, giving him a foundation for pick‑and‑pop or short‑roll scoring as his confidence grows.

His possession impact comes from how cleanly he fits into modern offensive actions. He screens with intent, dives hard, and opens passing windows for guards. In the short roll he’s comfortable making simple, decisive reads that keep tempo intact. He doesn’t need a scripted runway — he thrives in systems where spacing and pace allow him to use his mobility, feel, and length to create efficient outcomes. His ability to play as a mover, finisher, and occasional face‑up threat gives UNC lineup flexibility.

Defensively, Veesaar’s length and mobility give him real versatility. He can slide with forwards, contest at the rim, and rotate with timing that reflects his European developmental background. He’s not a pure shot‑blocker, but he alters angles, walls up effectively, and uses his stride length to cover ground in help. As his strength and physicality continue to mature, he projects as a scalable, modern big who brings rim protection, fluid movement, and connective value to a wide range of lineup constructions.
","Name: Henri Veesaar
Badge Tier: Silver
Team: North Carolina
Height/Weight: 7'0, 225 lbs
Wingspan: 7'2

","Veesaar understands how to occupy space without clogging actions. Offensively, he positions himself well as a short‑roll outlet, trail shooter, or baseline cutter, adjusting angles to stay available without drifting into traffic. He reads help defenders early and relocates to maintain spacing. Defensively, he anticipates rotations and covers ground fluidly, though he can be a half‑step late when switching onto quicker guards. His spatial reads are strong — the physical strength to fully capitalize is still coming.",,"Defense is Veesaar’s forte'.. He moves fluidly for his size, using length and timing to contest shots and disrupt passing lanes. He’s comfortable switching onto wings for short stretches and shows real instincts as a weak‑side rim protector. His footwork is clean, and he rarely overcommits. The main developmental need is strength — stronger bigs can dislodge him on seals or bully him on second efforts. With added physicality, he projects as a versatile, scheme‑flexible defender who can anchor small‑ball units or complement a traditional center.","Current Drift:
Trending toward a mobile, rangy big who impacts possessions with length, timing, and fluid movement rather than brute strength. His habits — switching comfortably, rotating early, and playing as a connective piece — pull him toward a modern, activity‑driven defensive archetype.
Potential Drift:
If the shooting continues to progress and he becomes more assertive as a spacer, he drifts toward a stretch‑5 profile. If the strength never fully arrives, he remains closer to a switchable 4/5 hybrid who thrives on mobility and anticipation.
Stabilizers:
• 	Physical development
• 	Shooting volume
• 	Defensive discipline","Veesaar’s risk centers on physicality, shooting reliability, and offensive assertiveness. If the frame doesn’t fill out, he may struggle to defend stronger bigs or finish through contact. His jumper shows promise but remains inconsistent, limiting spacing value. Offensively, he can drift into low‑usage stretches if not actively involved in actions. The defensive mobility gives him a stable floor, but the ceiling depends on strength and shooting development.","Veesaar’s move to North Carolina has brought out a more confident, assertive version of his game, and his coachability has been central to that improvement. He’s embraced the program’s emphasis on mobility, timing, and defensive discipline, translating those concepts into sharper positioning, more consistent rim protection, and better engagement in space. Offensively, he’s become more decisive — taking open perimeter shots without hesitation, finishing with improved timing, and making quicker reads as a passer. His willingness to adapt to a new system, elevate his physicality, and refine his activity level reflects a big who responds well to structure and thrives when given clear developmental direction.","Veesaar’s best shots come from cuts, rolls, and spot‑up threes created by ball movement. His touch around the rim is solid, and he finishes well when he gets clean angles. The midrange jumper is functional but still developing. Lower‑value shots appear when he settles for contested long twos or tries to create off the dribble. His efficiency rises when he plays within actions — quick decisions, simple finishes, and rhythm catch‑and‑shoot attempts.","Closest Echo: Jonas Valančiūnas–style skilled big.
 Echoes Jonas Valančiūnas, Kristaps Porziņģis, and Jaren Jackson Jr. — bigs with rim protection, rebounding, mobility, and offensive polish. Like Valančiūnas, projects as a skilled interior big with rebounding strength and rim protection; Porziņģis’ blend of mobility, perimeter shooting, and shot‑blocking adds stretch‑big context; Jackson’s defensive versatility and evolving offensive game serve as a stylistic benchmark for his ceiling."
78,Niko Bundalo,19,Silver,"6'10""",220,PF,"6'11""",Ole Miss,,ModalKey-Bundalo,"Bundalo is a skilled, fluid 6'10 forward‑center with real shooting touch, face‑up scoring ability, and intriguing defensive tools. His combination of size, coordination, and perimeter flashes gives him one of the cleaner modern‑big trajectories in his class. Still developing strength and defensive consistency, but the offensive versatility and mobility are real differentiators. Strong High School Background.as Mcdonalds All American and 5 star recruit.Has received very little playing time through Ole Miss's first 14 games***","Niko Bundalo is a long, skilled forward with real shooting touch and coordination for his size, but his impact at Ole Miss has been minimal because he’s barely playing. The flashes that made him a highly regarded recruit still show up — clean mechanics, fluid movement, and the ability to create a shot without heavy dribble volume — but they’re coming in short, low‑leverage stints. Right now, his offensive value is more theoretical than applied.
With limited minutes, his possession impact is mostly glimpses rather than sustained stretches. He spaces the floor, attacks closeouts when they’re there, and makes simple reads, but he hasn’t had enough runway to show consistent production or reliability. The feel is present, but the college physicality and pace are still catching up to him, and it shows in how quickly his role shrinks when the rotation tightens.
Defensively, the tools are there — length, mobility, and decent anticipation — but the lack of strength and physicality limits his ability to stay on the floor. He can contest and cover ground, but he’s not yet imposing enough to anchor a scheme or switch consistently. Until he adds more physicality and sharpens his defensive discipline, he’s likely to remain a situational piece rather than a rotation staple.
Long‑term, the skill set still projects, but right now he’s a developmental forward who needs strength, reps, and defensive reliability before he can translate his tools into real college production.","Name: Niko Bundalo
Badge Tier: Silver
Team: Ole Miss
Height/Weight: 6'10, 215 lbs
Wingspan: 6'11

","Bundalo uses space well as a face‑up scorer and pick‑and‑pop threat. His footwork is clean, allowing him to flow into pull‑ups, spins, and counters without losing balance. He attacks closeouts with long, controlled strides and adjusts angles effectively when navigating traffic. Off‑ball, he relocates into open shooting pockets and times his cuts well. Defensively, he reads rotations early but can be a half‑step late recovering to shooters or tagging rollers — a common trait for young bigs adjusting to college speed.",,"Bundalo has the tools to become a versatile defender — length, mobility, and timing — but the college sample is too small to fully evaluate. In limited Ole Miss minutes, he has shown flashes of lateral mobility, weak‑side shot contests, and comfort switching onto wings for short stretches. Stronger bigs can dislodge him on seals, and he can be late reacting to complex actions, but these are typical early‑college growing pains. With added strength and improved discipline, he projects as a switchable 4/5 who provides secondary rim protection.","Current Drift:
Trending toward a skilled, mobile stretch‑forward who leverages touch, face‑up scoring, and fluid movement. His habits — attacking closeouts, relocating for jumpers, and rotating as a helper — pull him toward a modern perimeter‑leaning 4/5 archetype.
Potential Drift:
If the strength and defensive discipline develop, he drifts toward a stretch‑5 with real two‑way value. If not, he remains closer to a finesse‑oriented, skill‑driven forward who thrives in space.
Stabilizers:
• 	Strength development
• 	Defensive positioning
• 	Shooting volume and confidence
","Bundalo’s risk centers on physicality, defensive reliability, and interior toughness. If the frame doesn’t fill out, he may struggle to defend stronger bigs or finish through contact. His jumper is promising but still stabilizing — consistency will determine how much spacing value he provides. The limited Ole Miss sample makes evaluation tricky; he simply hasn’t logged enough minutes to show sustained defensive reads or offensive assertiveness. The offensive skill gives him a strong floor; the ceiling depends on strength and defensive growth.","Bundalo’s coachability shows up in flashes — the clean mechanics, the willingness to stay within structure, and the ability to make simple, correct reads — but his limited minutes have kept him in a developmental holding pattern. He’s shown a clear willingness to play the role he’s given, spacing the floor, moving the ball, and avoiding forced possessions. The challenge is translating those habits into sustained stretches, something he hasn’t had the runway to do yet.
Defensively, he applies coaching points inconsistently. The tools are there — length, mobility, anticipation — but the physicality and discipline required to stay on the floor at the SEC level are still developing. He responds well to guidance in low‑leverage minutes, but the physical demands of the college game still overwhelm him at times. Long‑term, he projects as a player who benefits from structure and repetition, but he needs strength, reps, and defensive reliability before his coachability can translate into real rotation value.","Bundalo’s best shots come from pick‑and‑pop threes, face‑up midrange jumpers, and controlled drives created by closeout attacks. His touch allows him to convert from multiple levels, and he’s comfortable shooting off movement or footwork counters. Lower‑value shots appear when he settles for contested long twos or drives without a clear advantage. His efficiency rises when he mixes perimeter shooting with timely cuts and quick decisions.","Closest Echo: Lauri Markkanen — stretch‑forward scoring, fluid movement, and perimeter‑driven offensive versatility.
Jaren Jackson Jr. (developmental direction) — mobility, weak‑side rim protection, and stretch‑big potential if the defense sharpens.
John Collins — face‑up scoring, pick‑and‑pop value, and athletic finishing in space‑driven systems."
79,Keaton Wagler,18*,Silver,"6'6""",185,SG/SF,6'8*,Illinois,,ModalKey-Wagler,"Freshman wing at Illinois with a scalable NBA profile built on size, shooting touch, and defensive engagement. Displays clean catch‑and‑shoot mechanics, confident relocation timing, and the ability to attack closeouts with stride length and balance. Shows early feel for spacing, reading defensive shifts and positioning himself effectively as a cutter and spot‑up threat. Creation remains limited against length, and strength deficits show up in traffic and through contact. Defensively, he competes with discipline, showing switchable instincts, anticipation, and willingness to guard multiple positions. Projects as a modern 3‑and‑D wing with secondary playmaking upside if physicality, pacing, and decision‑making continue to develop.","Keaton Wagler is a rangy, confident wing whose game is built on shooting touch, spatial awareness, and a natural feel for playing off advantages. At Illinois he brings a clean off‑ball scoring profile — relocating into open pockets, staying shot‑ready, and flowing into catch‑and‑shoot looks with balance. His straight‑line drives are efficient and purposeful, using his length to get into space and finish without needing a heavy dribble load. Nothing in his game feels rushed; he plays with a composed tempo that lets him exploit openings rather than force creation.Adding strength with age will grow his game immensely.

His possession impact comes from how reliably he fits into modern perimeter structures. He can attack tilted defenses, keep the ball moving, or operate as a connective piece who maintains spacing and rhythm. His willingness to run the floor, cut with timing, and stay active as a release valve makes him easy to pair with high‑usage guards. He doesn’t need volume to matter — his value comes from efficiency, feel, and the ability to generate clean looks within the flow of an offense.

Defensively, his length, instincts, and mobility give him real versatility. He can slide with wings, contest with reach, and disrupt actions by reading plays early. As his strength and physicality continue to develop, he projects as a scalable two‑way wing who brings shooting, feel, and lineup‑friendly versatility to a wide range of systems.
","Name: Keaton Wagler
Badge Tier: Silver
Team: Illinois
Height/Weight: 6'6"", 185 lbs
Wingspan: 6'8"" *
Position: SG/SF","Shows strong off‑ball awareness, relocating into open windows and attacking space off closeouts. Reads defensive shifts early and positions himself well as a cutter and spot‑up threat. Still developing pacing and timing in crowded half‑court environments, particularly when forced to navigate physical defenders or tight passing lanes.",,"Active, engaged defender with real switch value. Uses anticipation to jump actions early and competes with discipline. Navigates screens well for his age and shows strong rotational instincts. Needs added strength to absorb contact and maintain balance against power wings. Rebounding effort is solid and should scale with physical development.","Current Drift:
A modern 3‑and‑D wing with connective passing and defensive versatility.
Potential Drift:
If strength and pull‑up creation improve, he trends toward a high‑end two‑way starter.
If not, he stabilizes as a reliable rotation wing with shooting gravity and defensive value.
Stabilizers:
• Strength development
• Shooting consistency
• Decision‑making under pressure","Risk tied to physicality, creation ceiling, and ability to finish through contact. Must prove he can maintain efficiency against elite athleticism and sustain defensive impact without being dislodged. Turnover spikes appear when forced into tight‑window reads or pressured into self‑creation.","Wagler has shown strong early‑season adaptability, applying coaching emphasis on spacing, defensive discipline, and decision‑making with noticeable consistency. He plays within structure, picking his spots as a shooter and cutter without overhandling, and shows a clear understanding of how to maintain spacing integrity around primary creators. His defensive engagement has been a bright spot — he competes across matchups, anticipates actions, and stays connected through screens, reflecting strong film‑to‑floor translation for a freshman. Strength limitations still show up in traffic, but he adjusts quickly after feedback and rarely repeats the same mistake. His trajectory points toward a young wing who absorbs guidance, sharpens habits, and scales impact through reliability rather than usage.","Best shots come from spot‑ups, transition finishes, and rhythm catch‑and‑shoot threes. Pull‑up attempts are less efficient and should be moderated until strength and balance improve. Shot diet is clean when he plays within structure — high‑value attempts generated by spacing, movement, and secondary actions.","Closest Echo: Quentin Grimes — 3‑and‑D wing with secondary creation.
Josh Hart — connective wing with toughness and feel.
Kevin Huerter — shooting + team defense + off‑ball timing.
"
80,Isaiah Harwell,18,Silver,"6'5""",190,SG,"6'7""",Houston,,ModalKey-Harwell,"Harwell is a strong, polished two‑way guard with a balanced scoring profile, physical defense, and a mature approach to decision‑making. He plays with poise, uses his frame well, and rarely forces possessions. His blend of strength, touch, and discipline gives him a scalable guard archetype, and he projects as one of the more translatable backcourt prospects in his class.","Isaiah Harwell is a powerful, poised, multi‑level scoring guard whose game is built on strength, balance, and a natural ability to create advantages without needing a ton of dribble volume. At Houston he brings exactly the kind of backcourt profile Kelvin Sampson’s system amplifies — physical, disciplined, and capable of generating clean offense in tight spaces. His frame and footwork let him get to his spots, and he plays with a controlled cadence that keeps defenders off balance. The jumper is compact and repeatable, giving him real equity as both a pull‑up and catch‑and‑shoot threat.

His possession impact comes from how reliably he pressures the defense. He attacks closeouts with force, uses his strength to absorb contact, and finishes with touch through traffic. He’s comfortable operating in ball screens, reading the big’s positioning, and flowing into mid‑range solutions when the defense overplays the rim. He doesn’t need to dominate the ball — he thrives in second‑side actions, transition lanes, and structured sets where his physicality and feel take over. His willingness to make the simple pass and maintain tempo makes him easy to pair with other creators.

Defensively, Harwell fits Houston’s identity. He competes at the point of attack, uses his strength to stay attached to guards, and has the anticipation to jump passing lanes without gambling out of structure. His physicality allows him to switch onto bigger wings, and his discipline keeps him within scheme. As his processing and off‑ball awareness continue to sharpen, he projects as a scalable, two‑way guard who brings toughness, shot‑making, and system‑friendly versatility to modern backcourt constructions.
","Name: Isaiah Harwell
Badge Tier: Silver
Team: Houston
Height/Weight: 6'6, 220 lbs
Wingspan: 6'7

","Harwell understands how to occupy space as both a handler and off‑ball mover. He attacks closeouts with controlled footwork, uses his strength to maintain driving angles, and manipulates defenders with subtle pacing changes. Off‑ball, he relocates into clean shooting windows and times his cuts well. Defensively, he recognizes actions early and positions himself to absorb drives or blow up handoffs, though he can be a half‑step late navigating complex screens.",,"Defense is one of Harwell’s defining strengths. He uses his frame, balance, and anticipation to stay attached to ball handlers and absorb contact without losing positioning. He competes through screens, contests with discipline, and communicates well in team coverages. His strength allows him to guard up a position, and he rarely gets bullied at the point of attack. The next step is sharpening lateral quickness against elite burst and maintaining consistent engagement off‑ball.
","Current Drift:
Trending toward a sturdy, two‑way combo guard who impacts possessions with strength, discipline, and balanced scoring. His habits — controlled drives, physical defense, and steady decision‑making — pull him toward a reliability‑driven backcourt archetype.
Potential Drift:
If the shooting volume scales and the handle tightens, he drifts toward a more dynamic on‑ball creator. If not, he remains closer to a complementary guard who stabilizes lineups with toughness and efficiency.
Stabilizers:
• 	Shooting confidence
• 	Handle refinement
• 	Consistency as a point‑of‑attack defender","Harwell’s risk centers on creation ceiling, shooting volume, and athletic scalability. If he doesn’t develop more dynamic separation or higher‑end shot creation, he may settle into a lower‑usage guard role. His jumper is reliable but not yet a high‑volume weapon, and he must prove he can consistently generate advantages against length and elite athleticism. The defensive floor is strong — the offensive ceiling depends on skill expansion.","Harwell has integrated into Houston’s demanding two‑way identity with the maturity of a much older guard. He applies coaching points around physical defense, shot discipline, and decision‑making with impressive consistency, using his frame to absorb contact and staying poised under pressure. He rarely forces possessions, showing a willingness to prioritize structure over individual creation — a trait that stands out for a freshman. Defensively, he’s embraced the program’s physicality, fighting through screens and rotating with purpose. As his offensive assertiveness continues to scale, he projects as a guard who blends discipline, strength, and adaptability, making him one of the more coachable backcourt prospects in his class.","With his FG% in the low 30s through 9 games player, his shooting efficiency is currently dreadful. We'll see if it rises. Harwell’s best shots come from controlled drives, midrange pull‑ups, and catch‑and‑shoot threes. His strength allows him to finish through contact, and his touch gives him a reliable floater game. Lower‑value shots appear when he settles for contested pull‑ups early in the clock or drives without a clear advantage. His efficiency rises when he mixes scoring with timely kickouts and off‑ball relocation.","Closest Echo: Jrue Holiday — physical two‑way guard with balanced scoring and disciplined decision‑making.
Derrick White — connective guard who defends, makes smart reads, and scales in multi‑handler lineups.
Josh Hart (role similarity) — strength, toughness, and versatile two‑way impact without needing high usage."
81,Jalil Bethea,20,Silver,"6'4""",170,SG,"6'8""",Alabama,,ModalKey-Bethea,"Bethea is a dynamic scoring guard with real shot‑making versatility and the confidence to create offense from all three levels. His handle, pace, and pull‑up game give him a scalable perimeter profile, and he plays with a natural scoring rhythm that translates across contexts. He’s still learning how to balance aggression with playmaking, but the offensive talent is undeniable","Midseason injury troubles have plagued Bethea's minutes Even through uneven stretches, his confidence as a perimeter scorer remains evident, and defenses continue to respect his ability to generate points quickly when given space. The current production level does not fully capture his offensive capability, but the underlying shot-making traits are still present.

Offensively, Bethea’s value is driven by scoring gravity and readiness to fire without hesitation. He is most effective when he can flow into attempts rather than forcing extended creation sequences, converting advantages created by movement or defensive breakdowns. As his timing continues to normalize, there have been flashes of improved restraint and decision-making, particularly in simplifying possessions when pressure builds.

Defensively, Bethea remains engaged and competitive, though his overall impact has fluctuated alongside his offensive rhythm. His willingness to defend and stay connected within team concepts gives him a pathway to maintaining floor value as his offensive comfort stabilizes.

Overall, Bethea profiles as a scoring guard whose current snapshot requires context. As health and rhythm return, his ability to provide perimeter scoring without monopolizing possessions will determine how cleanly his role scales moving forward.","Name: Jalil Bethea
Badge Tier: Gold
Team: Alabama
Height/Weight: 6'5, 190 lbs
Wingspan: 6'8

Scouting Notes: Sophomore guard who transferred from Miami after averaging 7.1 PPG as a freshman. Former McDonald’s All‑American and Pennsylvania Gatorade Player of the Year. Explosive scorer with perimeter shooting touch and ability to attack off the dribble. Early SEC production confirms trajectory as a primary scoring option under Nate Oats.

Defensive Profile: Active perimeter defender with length; capable of guarding 1–2 with anticipation and effort.
Historical Echoes: Bradley Beal (shot creation + usage profile), Jamal Murray (scoring guard + perimeter shooting).
Audit Notes: Verified Alabama roster and transfer status.","Bethea understands how to create space with pacing, footwork, and change of direction. He manipulates defenders with hesitations and deceleration, opening driving lanes or pull‑up windows. Off‑ball, he relocates intelligently and drifts into open pockets for catch‑and‑shoot opportunities. Defensively, his spatial awareness is still developing — he can lose track of cutters or ball movement when navigating screens — but the tools are workable.
",,"Bethea competes but is still refining technique and consistency. His lateral quickness allows him to stay attached to similar‑sized guards, and he has the length to contest jumpers. He can be upright at the point of attack and occasionally dies on screens, but he recovers well when locked in. Off‑ball, he flashes anticipation but needs to tighten discipline to avoid ball‑watching. Strength development will determine how well he handles physical matchups.","Current Drift:
Trending toward a shot‑making combo guard who leans on pacing, pull‑up creation, and perimeter scoring. His natural tendencies — deceleration, rhythm dribbles, and movement shooting — pull him toward a scoring‑first guard archetype.
Potential Drift:
If the playmaking sharpens, he drifts toward a balanced on‑ball creator. If not, he remains closer to a microwave scoring guard who thrives in multi‑handler lineups.
Stabilizers:
• 	Decision‑making under pressure
• 	Strength development
• 	Shooting volume and efficienc","Bethea’s risk centers on decision‑making, defensive reliability, and physicality. If the playmaking doesn’t progress, he may be limited to a scoring‑only role. Defensively, he must prove he can stay attached to screens and maintain focus off‑ball. His frame needs continued development to withstand physical guards. The offensive talent gives him a strong floor, but the ceiling depends on how much creation equity he develops","Bethea has adapted well to Alabama’s pace‑and‑space system, showing a more refined approach to shot selection and decision‑making than he displayed at Miami. The transfer has sharpened his reads — he’s more patient in ball screens, more selective with pull‑ups, and more consistent in recognizing when to move the ball versus when to attack. His willingness to adjust his scoring diet and operate within a faster, more dynamic structure reflects strong responsiveness to coaching. Defensively, he’s shown steadier engagement, competing through screens and maintaining positioning with fewer lapses. His ability to integrate into a new system while maintaining his scoring identity signals a guard who adapts quickly and applies feedback without losing confidence.
","Bethea’s best shots come from pull‑ups, movement threes, and straight‑line drives created by pace changes. His touch allows him to convert difficult attempts, but he can drift into contested pull‑ups early in the clock. Catch‑and‑shoot looks are efficient and scalable. Lower‑value shots appear when he settles for deep, off‑balance jumpers or drives without a clear plan. His offensive efficiency rises when he mixes scoring with timely kickouts.","Closest Echo: Jordan Clarkson — dynamic scoring guard with pull‑up versatility and streak‑driven creation.
Cam Thomas — confident shot‑maker with microwave scoring ability and secondary playmaking flashes.
Malik Monk (role similarity) — movement shooting, athletic slashing, and complementary creation in multi‑guard lineups."
82,Tyrone Riley IV,20,Silver,"6'6""",200,SG,"6'10""",San Franciso,,ModalKey-RileyIV,"Explosive 6'6"" wing from San Francisco who returned after All‑WCC Freshman honors. As a freshman he averaged 9.6 PPG and 6.0 RPG on 50% FG, flashed 26‑ and 28‑point games, and projects as a high‑energy two‑way wing who can change possessions with rebounding and transition finishing","Tyrone Riley IV is a quick, confident guard whose game is built on pace, shot‑making, and the ability to create advantages in tight spaces. At San Francisco he brings a dynamic perimeter presence, using his burst and change‑of‑direction to get downhill, pressure the rim, and flow into pull‑ups when defenders retreat. His handle is tight and efficient, giving him access to multiple scoring windows without needing excessive dribble volume. He plays with a natural sense of rhythm — shifting speeds, manipulating angles, and keeping defenders off balance with his timing.

His possession impact comes from how comfortably he toggles between scoring and facilitating. He can initiate actions, attack second‑side rotations, or play off another creator while maintaining efficiency. His willingness to make early reads, hit the simple pass, and stay active off the ball makes him easy to pair with high‑usage guards. He doesn’t need a scripted runway to matter; his value comes from pressure creation, tempo control, and the ability to keep an offense connected.

Defensively, his quickness, anticipation, and competitiveness allow him to stay attached to guards and disrupt actions at the point of attack. He fights through screens, contests with intent, and uses his activity to generate deflections. As his strength and decision‑making continue to mature, he projects as a dynamic, scalable guard who brings pace, shot‑making, and two‑way potential to modern backcourt constructions.
","Name: Tyrone Riley IV
Badge Tier: Gold
Team: San Francisco
Height/Weight: 6'6, 200 lbs
Wingspan: 6'10

","Riley’s game is built on instinctive movement rather than scripted actions. He consistently finds the right pockets on the weak side — drifting into offensive rebounding lanes, cutting behind ball‑watching defenders, and timing baseline relocations to open up dump‑offs. His transition spacing is advanced: he widens early, forces defenders to declare, and then knifes into the lane with a long first step.
Where he’s still learning is halfcourt discipline. He occasionally overcuts into traffic or crashes when a teammate is driving into his lane, which compresses spacing. But the underlying feel is strong: he reads momentum well, understands when to slip behind a rotating big, and rarely stands still for more than a beat.",,"Riley’s defensive value starts with physicality and anticipation. He absorbs contact well for a 19‑year‑old, fights through screens, and uses his 6'10"" wingspan to bother drives and contest from behind. He’s comfortable switching onto bigger wings and has enough strength to hold his ground on the first bump.
His best defensive sequences come as a rotational helper — tagging rollers, digging at drives, and cleaning the glass. He’s a plus rebounder for his position, often turning defensive boards into immediate transition pushes.
Weaknesses:
•         Lateral recovery vs twitchy guards
•         Occasional over‑help that opens corner threes
•         Needs to tighten footwork on closeouts (too upright at times)
But the tools are real, and the motor is consistent.","
High‑value shots:
•         Transition rim attempts
•         Cuts into the dunker spot
•         Offensive rebounds → quick putbacks
•         Straight‑line drives off tilted defenses
Low‑value shots:
•         Early‑clock pull‑ups
•         Contested midrange jumpers
•         Catch‑and‑shoot threes without feet set
If he can lift his catch‑and‑shoot volume and consistency, his entire offensive profile opens up — defenders will have to close out harder, which amplifies his driving and cutting.","Riley’s risk is mostly tied to skill translation. The motor, physicality, and rebounding are real — those travel. The question is whether he brings enough perimeter skill to stay on the floor against better athletes. The jumper is the swing piece; if it never becomes something defenses respect, he gets squeezed into a narrow role as an energy wing.
Defensively, he competes and has the frame to guard up, but he can get exposed by smaller guards who change direction quickly. That limits switchability unless the footwork tightens.
There’s no concern about effort or mentality. The risk is simply whether the offensive game expands enough to keep him from being a “play hard, defend, rebound” specialist. If the shot and handle don’t come along, his ceiling flattens, but his floor is still rotation‑capable because of the physical tools and competitiveness.","Riley has built on last season’s All‑WCC freshman foundation with sharper execution and more consistent engagement on both ends. His year‑over‑year growth shows up in how he channels his athleticism — choosing better driving angles, staying within spacing principles, and making more controlled decisions in transition. He’s embraced expanded responsibility without drifting into low‑efficiency stretches, reflecting improved pacing and shot selection. Defensively, he’s more disciplined in closeouts and more vocal in rotations, applying coaching points with greater consistency. His competitiveness, rebounding effort, and ability to impact possessions without needing touches signal a wing who understands role value and continues to refine habits within a familiar system.
","Riley’s shot quality is built around rim pressure, transition chances, and effort‑generated looks, not perimeter creation. His best possessions come when he’s attacking space — running the floor, cutting behind defenders, or cleaning up plays on the offensive glass. Those shots are high‑value because they come with momentum, angles, and minimal defensive contest.
In the halfcourt, he’s most efficient when he keeps things simple: straight‑line drives off a tilted defense, one‑dribble finishes, and quick decisions after catching on the move. When he slows down and tries to create off the bounce, the quality drops — defenders can sag, load up, and force him into tougher, contested attempts.
The lowest‑value shots for him are early‑clock pull‑ups and catch‑and‑shoot threes when his feet aren’t set. The mechanics aren’t broken, but the confidence and consistency aren’t there yet, and those attempts don’t bend the defense. His offensive profile improves dramatically when he leans into the things that generate clean looks: running, cutting, crashing, and attacking closeouts with purpose.
Summary:
High‑value = transition, cuts, putbacks, straight‑line drives.
Low‑value = pull‑ups, contested midrange, rushed catch‑and‑shoot threes.","Closest Echo: Josh Hart — high‑motor, rebounding wing who impacts possessions without needing usage.
DeMarre Carroll — physical, straight‑line defender with scalable role‑player offense.
Corey Brewer (lite) — transition‑driven energy wing with length and disruptive activity."
83,Hugo Facorat,18,Silver,"6'10""",220,PF,"6""10""","Toulouse Basket Club (France, NM1) / formerly Overtime Elite",,ModalKey-Facorat,"Facorat is a long, fluid forward with defensive versatility and a calm, controlled offensive presence. He doesn’t force possessions, plays within structure, and impacts the game through length, timing, and activity. His frame and mobility give him a scalable defensive floor, and the flashes of touch and connective passing hint at more long‑term upside if the skill level continues to rise.","Hugo Facorat is a long, fluid, high‑activity wing whose game is built on mobility, defensive range, and a natural feel for making plays within the flow of a possession. Coming out of Overtime Elite and the French youth national system, he developed a style rooted in pace, versatility, and adaptability — traits that translate cleanly to his current role with Toulouse Basket Club. He plays with a smooth, upright stride, covers ground easily, and uses his length to finish, contest, and disrupt without needing a heavy dribble load or scripted touches.

His offensive value comes from how comfortably he operates as a connective piece. He attacks closeouts with long, efficient steps, finishes with coordination, and stays active as a cutter who slips into gaps at the right moments. His jumper is still stabilizing, but the mechanics are clean enough to project into a reliable catch‑and‑shoot threat as he matures. He doesn’t force creation — instead, he plays off advantages, keeps the ball moving, and adds pace to lineups through transition activity and second‑side attacks.

Defensively, Facorat’s tools and instincts are the core of his projection. He slides well with wings, uses his length to bother handlers, and rotates with timing that reflects his French national‑team background. He’s comfortable switching, contesting above the rim, and making multiple efforts in a single possession. His frame still has room for strength, but the foundation — mobility, anticipation, and competitive motor — gives him real scalability across modern defensive schemes.

As he continues to refine his shooting consistency and decision‑making, Facorat projects as a versatile, modern wing who brings energy, length, and multi‑positional value to a wide range of lineup constructions.
","Name: Hugo Facorat
Badge Tier: Silver
Team: Toulouse (France, NM1)
Height/Weight: 6'8, 210 lbs
Wingspan: 6'10

","Facorat is a long, fluid forward with real defensive versatility and a developing offensive identity. He plays with a calm, controlled pace and rarely forces possessions, relying instead on length, timing, and feel. His frame and mobility give him a scalable defensive floor, and the flashes of touch and connective passing hint at a broader long‑term role if the skill level continues to rise.",,"Defense is Facorat’s calling card. He uses his length to bother drives, contest without fouling, and disrupt passing lanes. He’s comfortable switching onto guards for short stretches and has the mobility to slide with wings. His best sequences come as a helper — rotating early, covering ground, and using his reach to erase angles. He rebounds well for his position and competes on the glass. The main developmental area is physical strength; stronger forwards can dislodge him on post seals or bully him on second efforts. As his frame fills out, his defensive versatility becomes even more valuable","Two‑way hybrid forward who guards 2–4, connects actions offensively, and becomes a reliable spot‑up threat. His length and mobility allow him to anchor switchable units, and his feel gives him value as a secondary decision‑maker.
Role Path:
Defensive‑first rotation wing who provides length, activity, and connective passing but remains a low‑usage offensive piece. Still valuable because of versatility and motor.
Primary Drivers:
• 	Strength development to handle bigger forwards
• 	Consistency as a catch‑and‑shoot option
• 	Faster reads on closeouts and rotations","Facorat’s risk centers on offensive scalability. The defensive tools are real, but if the jumper doesn’t stabilize or the handle doesn’t tighten, he becomes a low‑usage, defense‑only wing. He’s not a natural creator, so his value depends on fitting into lineups with established initiators. Physically, he needs to add strength to avoid being targeted by stronger forwards. The floor is solid because of length, mobility, and defensive feel, but the offensive development will determine whether he becomes a starter‑track piece or a narrower role player.","Facorat has shown strong adaptability within a professional environment, playing with the composure and discipline expected from someone who has already navigated multiple development systems. He applies coaching emphasis on timing, defensive positioning, and off‑ball engagement with consistency, rarely drifting outside the structure of the possession. His ability to impact the game without needing touches — rotating on time, contesting with length, making connective passes — reflects a player who understands role value and integrates guidance quickly. As his strength and offensive assertiveness continue to grow, he projects as a forward who absorbs coaching direction cleanly and scales his impact through reliability, mobility, and feel.","Facorat’s best shots come from cuts, transition finishes, and catch‑and‑shoot opportunities created by ball movement. He’s efficient when attacking closeouts in straight lines and finishing with length. Lower‑value shots appear when he’s asked to self‑create — pull‑ups, contested midrange attempts, or drives requiring multiple dribbles. His offensive profile is strongest when tied to movement, spacing, and opportunistic scoring rather than isolation or heavy on‑ball usage.","Closest Echo: Jaden McDaniels — length‑driven defender with scalable, low‑maintenance offense.
Herbert Jones — versatile stopper who thrives as a connective, low‑usage wing.
Jarred Vanderbilt (role similarity) — activity, length, and defensive impact with selective scoring."
84,Ryan Conwell,21,Silver,6'4,215,PG/SG,"6'6""",Louisville,,ModalKey-Conwell,"High‑volume scoring guard producing at an All‑ACC level for Louisville. Brings shooting confidence, physicality, and defensive toughness. Bronze tier reflects scoring value with upside tied to efficiency and playmaking growth","Ryan Conwell is a strong, poised combo guard who gives Louisville a stabilizing perimeter presence — someone who can score, defend, and keep the offense organized without needing to dominate the ball. His game is built on balance and maturity. He plays under control, picks his spots, and brings a physical edge that shows up on both ends.

Offensively, Conwell’s value starts with his shot‑making. He’s a confident catch‑and‑shoot threat, comfortable relocating, and reliable when he gets his feet set. He can also create his own look in late-clock situations — using his strength to get into pull‑ups or carve out space for mid‑range touches. He’s not a high‑volume creator, but he’s efficient attacking closeouts, making the extra pass, and keeping the offense on schedule. Louisville benefits from how cleanly he toggles between on‑ball and off‑ball roles.

Defensively, Conwell brings toughness and discipline. He guards with a low base, absorbs contact well, and uses his strength to stay attached to bigger guards and wings. He competes through screens, rotates on time, and consistently makes the kind of multiple‑effort plays that fit Louisville’s defensive identity. His physicality allows him to take challenging assignments, and his awareness keeps him in the right spots.

Long‑term, Conwell profiles as a sturdy, two‑way guard — shooting, physicality, and mature decision‑making that scale across lineups. His game translates because it’s built on reliability and competitive edge rather than streaky creation or pure athleticism.
","Name: Ryan Conwell
Badge Tier: Bronze
Team: Louisville
Height/Weight: 6'4, 215 lbs
Wingspan: 6'6
","Thrives in spacing systems where he can attack closeouts, pull up off the dribble, and operate as a secondary creator. Understands how to relocate and find rhythm shots. Still refining pick‑and‑roll pacing.
",,Uses size and strength to guard both backcourt spots. Averaging 1.3 steals per game. Strong enough to fight through screens and contest physically. Lateral quickness limits him against elite speed guards.,"Current Drift:
A physical scoring guard with perimeter range and toughness.
Potential Drift:
If playmaking and defensive reads improve, he trends toward a rotation scoring guard; if not, he projects as a high‑volume shooter.
Stabilizers:
• Shot selection
• Defensive footwork
• Playmaking reads","Relies heavily on perimeter shooting. Needs improved playmaking and defensive discipline. Without growth, risks narrowing to a role‑player shooter.","Conwell plays with the confidence and physicality of a guard who understands how to generate offense without disrupting structure. His coachability shows in how consistently he applies coaching emphasis on shot selection, pace control, and defensive toughness. He plays assertively but stays within the offense, using his strength to create clean scoring windows.
Defensively, he’s fully engaged. He competes at the point of attack, absorbs contact well, and rotates with purpose. His ability to guard across backcourt matchups reflects strong responsiveness to coaching.
Offensively, he stays in role — high‑volume shooting, decisive attacks, and simple reads when help commits. His efficiency is the swing skill, but he doesn’t drift into reckless creation and maintains possession value.
Conwell’s competitiveness, physicality, and scoring discipline make him a coachable guard with real rotation utility.",Good perimeter shooter — 37.4% from three on high volume. Reliable free‑throw shooter (83.1% FT). Comfortable spotting up and pulling up off the dribble. Finishes through contact but leans more on jumper than rim pressure.,"Closest Echo: Kerry Kittles — smooth perimeter scoring + defensive effort.
Buddy Hield — high‑volume, efficient shooting.
Rodney Stuckey — physical scoring guard.
Byron Scott — athletic scoring guard archetype."
85,Darrion Williams,22,Silver,6'6,225,SF/PF,"6'9""",NC State (transfer from Texas Tech),,ModalKey-Williams," Veteran transfer and multi‑system scorer who arrived at NC State after productive seasons elsewhere; he’s listed at 6'6"", 225 lbs and is playing as a senior wing/forward with clear primary‑option minutes and playmaking duties. Key season numbers: roughly 14.2 PPG, 5.5 RPG, 3.5 APG, with shooting splits that include ~45% FG and ~41% 3PT in the early 2025–26 sample — evidence he can space the floor while creating for others. These measurements and early production are reflected in major stat aggregators and the school roster.","Serving as a point-forward, Darrion Williams is a versatile, instinctive forward whose game is built on feel, timing, and the ability to influence possessions without dominating the ball. At NC State he brings a steady, connective presence, using his balance and coordination to attack in straight lines, finish with touch, and flow into rhythm jumpers when defenders give him space. His passing feel stands out — he sees windows early, keeps the ball moving, and consistently makes the read that preserves offensive structure. Nothing in his game feels rushed; he plays with a mature tempo that lets him exploit openings rather than force them.

His possession impact comes from how many different roles he can occupy within a single game. He can initiate secondary actions, operate as a short‑roll decision‑maker, or play off movement as a cutter and spot‑up threat. His understanding of spacing and timing — slipping into gaps, screening with purpose, relocating at the right moment — makes him easy to pair with high‑usage guards and bigs. He doesn’t need volume to matter; his value comes from efficiency, connective play, and the ability to stabilize lineups.

Defensively, his anticipation, strength, and mobility allow him to guard multiple positions and disrupt actions with timely rotations. He competes on the glass, reads plays early, and uses his length to contest without fouling. As his perimeter shooting continues to sharpen, he projects as a highly scalable, two‑way forward who elevates team structure and fits cleanly into modern lineup constructions.
","Name: Darrion Williams
Badge Tier: Gold
Team: NC State
Height/Weight: 6'6, 220 lbs
Wingspan: 6'9

","Shows strong court awareness — times cuts, spaces to the perimeter, and makes high-value reads in pick-and-roll and short-roll actions. Finds soft spots and relocates to keep driving lanes open.",,"Defends multiple positions, uses length to contest, and posts above-average steal/contest rates for his minutes. Lateral mobility allows him to switch onto smaller wings in short spurts; strength vs. heavier fours is a development area.","Currently a multi-tool scoring forward with secondary playmaking upside. If he adds strength and expands off-dribble creation, he could become a lead-forward initiator; if not, he remains a high-value spacing/scoring piece.","Moderate: physical projection (adding strength), consistency of creation against elite defenders, and turnover control when initiating are the main concerns.","Williams has brought a veteran steadiness to NC State, integrating into a new system with the poise of a player who’s already succeeded in multiple offensive structures. His possession management reflects accumulated experience — he reads coverage early, toggles between scoring and facilitating without forcing tempo, and consistently makes the choice that keeps the offense organized. He’s embraced primary‑option responsibilities while maintaining efficiency, a sign of strong shot‑quality awareness and trust in coaching emphasis. Defensively, he’s shown improved discipline in rotations and better anticipation in switches, applying system concepts with fewer lapses than earlier in his career. His adaptability, maturity, and ability to elevate lineup cohesion make him one of the more coachable veteran wings in the class.","High-value attempts: catch-and-shoot threes, short-roll reads, and rim finishes. Sustained 3PT efficiency at volume would materially raise his pro outlook","Closest Echo: Dorian Finney-Smith — two-way spacing wing with defensive reliability.
Doug McDermott (role similarity on spacing and efficiency) — scaled for modern lineups.
Bojan Bogdanović — scoring wing with catch-and-shoot upside."
86,Wesley Yates III,21,Silver,"6'4""",210,SG,"6'6""",Washington,,ModalKey-Yates III,"Sophomore scoring guard producing at a high level for Washington. Confident shot‑maker with perimeter range, physicality, and the ability to create his own offense. Silver tier reflects rotation‑ready scoring value with upward mobility tied to efficiency and defensive consistency.","Wesley Yates III is a strong, confident scoring guard whose game gives Washington a needed blend of shot‑making, physicality, and competitive edge on the perimeter. He plays with a natural scorer’s rhythm — patient when he needs to be, assertive when the window opens — and he brings a mature understanding of how to get to his spots. His frame stands out immediately. He’s sturdy, absorbs contact well, and uses that strength to create separation without relying on pure burst.

His offensive value starts with his shooting. He’s a real threat off the catch, comfortable relocating, and confident stepping into threes when defenders give him space. Off the dribble, he can get into pull‑ups, especially when he forces a defender to retreat with his physicality. He’s not a high‑volume creator, but he’s effective attacking closeouts, using his body to shield defenders, and finishing with touch. Washington benefits from how cleanly he fits next to primary handlers — he spaces the floor, punishes mistakes, and doesn’t need a heavy diet of possessions to influence the game.

Defensively, Yates brings strength and competitiveness. He guards with a low base, absorbs contact well, and uses his frame to stay attached to bigger guards and wings. His lateral quickness is solid, and he competes through screens with real intent. He’s reliable in team concepts — tagging rollers, rotating early, and contesting with discipline. As he continues to sharpen his conditioning and footwork, he projects as a sturdy, switch‑friendly perimeter defender.

Long‑term, Yates profiles as a tough, shot‑making guard — physical, poised, and capable of fitting into a wide range of backcourt contexts. His game scales because it’s built on strength, shooting, and competitive maturity rather than streaky creation or pure athleticism.
","Name: Wesley Yates III
Badge Tier: Silver
Team: Washington
Height/Weight: 6'4, 190 lbs
Wingspan: 6'6
","Thrives in spacing systems where he can attack closeouts, relocate for threes, and operate as a secondary creator. Uses strength to create separation and get to pull‑ups. Still refining pacing in pick‑and‑roll, but consistently finds rhythm shots within flow.
",,Uses size and strength to guard both backcourt spots. Averaging 1.6 steals per game through 11 games. Absorbs contact well and competes on the ball. Needs quicker rotational recognition and sharper footwork to maximize defensive impact.,"Current Drift:
A confident scoring guard with perimeter range and physicality.
Potential Drift:
If efficiency and defensive reads improve, he trends toward a two‑way rotation scorer; if not, he projects as a streak‑based shooter.
Stabilizers:
• Shot selection
• Defensive footwork
• Playmaking reads
","Relies heavily on jumper consistency. Needs improved playmaking and defensive discipline. Without growth, risks narrowing to a role‑player shooter rather than a full‑time starter.","Yates plays with the poise and scoring discipline of a guard who understands how to fit alongside primary creators. His coachability shows in how consistently he applies coaching emphasis on spacing, shot selection, and physical guard play. He gets to his spots without forcing, and he plays with a mature sense of rhythm.
Defensively, he competes with intent. He uses his strength to stay attached, absorbs contact well, and rotates with discipline. His reliability in team concepts reflects strong film‑to‑floor translation.
Offensively, he stays within structure — catch‑and‑shoot spacing, controlled pull‑ups, and simple reads attacking closeouts. He doesn’t need a heavy diet of possessions to influence the game, which is a strong coachability signal for a scoring guard.
Yates’ strength, shooting discipline, and competitive maturity give him a scalable projection as a rotation‑ready perimeter scorer.","Best shots come from catch‑and‑shoot threes, pull‑ups, and movement shooting. Shooting 33.8% from three on strong volume. Finishes through contact but leans more on jumper than rim pressure. 75% FT supports long‑term shooting projection.","Closest Echo: Alec Burks — downhill bursts + confident perimeter shooting.
Gary Trent Jr. — two‑way scoring and physicality.
Jordan Poole — streak‑based perimeter creation.
Vinnie Johnson — microwave scoring archetype."
87,Tyler Tanner,20,Silver,"6'0""",175,PG,,Vanderbilt,,ModalKey-Tanner,"High‑motor sophomore guard driving Vanderbilt’s offense with scoring efficiency, playmaking feel, and disruptive defensive activity. Undersized but highly productive with real breakout indicators.","Sophomore point guard powering Vanderbilt’s undefeated start with a blend of scoring efficiency, decision‑making, and defensive disruption. Plays with pace, confidence, and command, showing the ability to control games late and elevate teammates. Strong downhill burst, compact handle, and a reliable pull‑up package allow him to pressure defenses despite size limitations. Reads coverage well, keeps turnovers low, and consistently makes the right play in advantage situations. Defensively, he competes with real toughness, generating steals through anticipation, timing, and active hands. Size and length remain limiting factors at the next level, particularly at the point of attack and on contests, but his production, leadership, and trajectory make him a legitimate 2026 prospect with scalable guard skills.","Name: Tyler Tanner
Badge Tier: Silver
Team: Vanderbilt
Height/Weight: 6’0, 175 lbs
Wingspan: N/A","Tyler Tanner is a poised, steady lead guard who plays with mature pace and strong command of an offense. His handle is compact and efficient, allowing him to navigate pressure, get to his spots, and keep possessions organized without wasted dribbles. He’s a reliable pull‑up shooter with soft touch in the mid‑range and a balanced, repeatable three‑point stroke, especially when defenders go under.

His scoring comes more from craft than burst — floaters, timing, and angles rather than rim pressure — but he rarely forces low‑value attempts. Tanner’s best trait is his passing feel: he manipulates help, reads the floor cleanly, and consistently delivers on‑time passes in ball‑screen actions. Turnovers stem more from size limitations than decision‑making.

Defensively, he competes with real discipline. He fights over screens, stays attached, and rotates on time, though bigger guards can shoot over him. Within a structured system, he’s dependable and rarely out of position.

Overall, Tanner projects as a system‑friendly guard who brings shooting, decision‑making, and composure. He’s not a tools‑driven upside swing, but he’s the type of guard who earns trust quickly and elevates team structure with reliability and feel.
",,"High‑effort defender with elite steal rates and strong anticipation. Disrupts passing lanes, pressures the ball, and competes with toughness. Size limits switchability and contest radius, but motor and instincts allow him to punch above his weight class. Must prove he can survive against NBA strength and length.","Current Drift: Lead guard with scoring punch, pace control, and defensive activity.
Potential Drift: If shooting volume and strength improve, trends toward a high‑end change‑of‑pace creator. If not, stabilizes as a rotation spark‑plug guard with defensive playmaking value.
Stabilizers: Pull‑up shooting, strength development, decision‑making consistency.","Primary risks tied to size, defensive scalability, and finishing against length. Must prove shooting translates at higher volume and that defensive impact holds against bigger guards. Physicality and durability at the next level remain questions.","Tanner plays with the urgency and clarity of a guard who understands exactly how to drive possessions, and his coachability shows in how consistently he applies Vanderbilt’s emphasis on pace, decision‑making, and defensive activity. As a sophomore, he’s taken a clear step forward in sequencing actions — getting the ball out early, re‑engaging when needed, and avoiding the over‑dribbling that can stall young guards.
He processes coaching points quickly. His shot selection has tightened, his reads are cleaner, and he’s far more deliberate about when to attack versus when to keep the offense flowing. He plays with a calm cadence that stabilizes the group, even when the roster around him is inconsistent.
Defensively, he’s fully bought in. He pressures the ball, jumps passing lanes, and competes through screens with real intent. His size limits him at times, but his anticipation, motor, and discipline allow him to stay impactful across matchups.
Tanner’s habits — competitiveness, steadiness, and willingness to refine details — reflect a guard who absorbs feedback and elevates team structure through consistency rather than volume. His sophomore leap is a direct product of that responsiveness.","Best shots come from pull‑ups in rhythm, catch‑and‑shoot threes, and downhill drives created by pace changes. Generates clean looks through timing and manipulation. Efficiency dips when forced into contested rim attempts or deep pull‑ups late in the clock.","Closest Echo — Payton Pritchard
Compact, skilled, competitive guard who wins with pace control, shot‑making, and relentless confidence.
Overcomes size with processing, toughness, and efficient decision‑making.
A near‑perfect archetype mirror for Tanner’s blend of craft, tempo, and competitive edge.
Secondary Echo — T.J. McConnell
Undersized but disruptive defender with elite anticipation, connective playmaking, and possession‑tilting activity.
Thrives as a spark‑plug guard who pressures the ball, organizes the offense, and elevates team rhythm.
Echoes Tanner’s defensive instincts and ability to impact games without volume scoring.
Developmental Echo — Jalen Brunson (archetype pathway, not ceiling)
Not a physical match, but shares the “craft + timing + footwork + strength‑through‑technique” developmental blueprint.
Shows how smaller guards scale through skill, poise, and decision‑making rather than burst or length.
A realistic long‑term trajectory echo for Tanner’s style of advantage creation."
88,Milos Uzan,23,Silver,"6'4""",195,PG,"6""6""",Houston,,ModalKey-Uzan,"Uzan is a poised, experienced lead guard with strong decision‑making, pick‑and‑roll command, and real defensive competitiveness. He plays with maturity, controls tempo, and rarely forces low‑value possessions. His combination of size for a guard, feel, and two‑way steadiness gives him one of the more translatable “winning‑guard” profiles in college basketball. Not an explosive athlete, but his intelligence and discipline consistently show up.","Milos Uzan is a steady, experienced lead guard whose game is built on pace control, decision‑making, and the ability to organize an offense without needing to dominate possessions. At Houston he brings a mature, system‑friendly profile — someone who can get a team into actions, manage tempo, and make the reads that keep structure intact. His handle is efficient, his footwork is clean, and he plays with a calm cadence that fits the program’s emphasis on discipline and physicality. He’s comfortable flowing into ball screens, probing until a window opens, and delivering the ball on time.

His possession impact comes from how reliably he stabilizes lineups. He doesn’t force creation; he plays within the offense, hits the simple pass, and keeps the ball moving. When he looks to score, it’s usually within the flow — pull‑ups when defenders go under, opportunistic drives when the lane opens, or catch‑and‑shoot threes off spacing actions. He’s not a high‑volume engine, but he’s a guard who raises the floor of a possession by making the right choice more often than not.

Defensively, Uzan fits Houston’s identity. He competes at the point of attack, uses his length to bother handlers, and stays connected through screens. He’s not the most explosive athlete, but he’s disciplined, physical, and rarely out of position. His anticipation and effort allow him to guard within scheme and contribute to the program’s trademark defensive toughness.

Overall, Uzan profiles as a stabilizing, system‑reliable guard — someone who brings maturity, decision‑making, and defensive buy‑in to a team built on structure and physicality.
","Name: Milos Uzan
Badge Tier: Gold
Team: Houston
Height/Weight: 6'4, 190 lbs
Wingspan: 6'6

","Uzan manipulates space with pacing, angles, and timing rather than burst. He’s comfortable snaking ball screens, keeping defenders on his back, and flowing into pocket passes or floaters. Off‑ball, he relocates into clean shooting windows and understands how to maintain spacing as actions unfold. Defensively, he positions himself well, anticipates rotations, and uses his length to contest without over‑gambling. His spatial reads are advanced — the question is how well they scale against elite athleticism.",,"Uzan is a competitive, technically sound defender with real point‑of‑attack value. He uses his length well, stays balanced on slides, and absorbs contact without getting dislodged. He navigates screens with discipline and communicates effectively in team coverages. While not an elite athlete, he compensates with anticipation and effort. The next step is improving recovery speed and maintaining consistent pressure against quicker guards.","Current Drift:
Trending toward a steady, two‑way lead guard who impacts possessions with decision‑making, defensive engagement, and pick‑and‑roll command. His habits — controlling tempo, making the extra pass, and competing at the point of attack — pull him toward a reliability‑driven backcourt archetype.
Potential Drift:
If the shooting volume and off‑the‑dribble creation expand, he drifts toward a more dynamic on‑ball initiator. If not, he remains closer to a connective, low‑mistake guard who stabilizes lineups.
Stabilizers:
• 	Shooting confidence
• 	Burst and separation
• 	Consistency as a point‑of‑attack defender","Uzan’s risk centers on athletic scalability, shooting volume, and creation ceiling. Without high‑end burst, he must rely on timing and craft to generate advantages. If the jumper doesn’t become a consistent weapon, defenders may duck under screens and limit his creation windows. Defensively, he competes, but elite speed can challenge him. His floor is strong due to feel and discipline; the ceiling depends on skill expansion.","Uzan embodies the traits of a highly coachable veteran guard — poised, disciplined, and fully aligned with Houston’s identity. He applies coaching emphasis on tempo control, ball security, and possession value with exceptional consistency. His ability to run offense without dominating the ball reflects a deep understanding of structure and a willingness to prioritize team rhythm over individual creation.
Defensively, he’s a model of buy‑in. He competes physically, stays connected through screens, and positions himself with the discipline expected in Houston’s scheme. He rarely freelances, rarely loses focus, and consistently executes the details that stabilize a lineup. His maturity, steadiness, and ability to elevate team organization make him one of the more coachable veteran guards in the class.","Uzan’s best shots come from floaters, controlled drives, and rhythm catch‑and‑shoot threes. His pick‑and‑roll pacing allows him to create clean midrange looks or find teammates in stride. Lower‑value shots appear when he settles for contested pull‑ups late in the clock or drives without a clear advantage. His efficiency rises when he mixes scoring with timely kickouts and maintains downhill pressure.","Closest Echo: Tyus Jones — steady decision‑making, pick‑and‑roll command, and low‑mistake orchestration.
Monte Morris — efficient, poised guard who stabilizes lineups and thrives in multi‑handler systems.
Derrick White (role similarity) — defensive engagement, connective playmaking, and scalable two‑way value."
89,Thomas Haugh,22,Bronze,"6'9""",215,SF/PF,"6'10""",Florida,,ModalKey-Haugh,"High‑motor forward who impacts games with energy, rebounding, and efficient scoring. Junior starter for Florida producing at a career‑best level with improved offensive confidence and consistent activity on both ends","Thomas Haugh is an active, instinctive frontcourt piece whose game is built on mobility, timing, and the ability to influence possessions without needing scripted touches. At Florida he gives them a connective, high‑energy big — someone who runs the floor, finishes plays, and brings defensive versatility that lets lineups stay fast and switchable. His feel stands out. He reads actions early, moves with purpose, and plays with a natural sense of when to cut, rotate, or slip into open space.
His offensive value comes from how cleanly he fits into modern flow. He’s a decisive roller who creates angles with his screens, dives hard, and finishes with coordination around the rim. He’s comfortable operating as a short‑roll passer, making quick, simple reads that keep the offense on schedule. The jumper is still developing, but the touch is workable, and he’s confident enough to take open looks when defenses sag. Most of his scoring comes from movement — cuts, rim runs, offensive rebounds — and he’s efficient because he doesn’t force creation.
Defensively, Haugh brings the versatility Florida leans on. He covers ground well, slides with wings in space, and uses his length and timing to contest without fouling. He’s disruptive as a help defender, rotating early, jumping into passing lanes, and making multiple efforts when plays extend. His ability to guard in space, recover to the rim, and stay disciplined within scheme gives Florida a flexible defensive backbone in smaller, quicker lineups.
Long‑term, Haugh profiles as a modern, high‑activity forward — mobility, defensive range, connective passing, and efficient play‑finishing. His game scales because it’s built on feel, effort, and versatility rather than post‑heavy scoring or ball‑dominant creation.
","Name: Thomas Haugh
Badge Tier: Bronze
Team: Florida
Height/Weight: 6'9, 220 lbs
Wingspan: 6'10
","Thrives in uptempo systems where he can sprint the floor, cut into open space, and finish plays created by guards. Understands how to occupy gaps as a rim runner and uses timing to generate easy looks. Still developing half‑court creation, but consistently finds value through movement and effort.
",,"Mobile defender who guards without fouling and competes across multiple positions. Uses length and timing to contest shots and disrupt actions. Reliable team defender who rotates early and communicates well. Still refining perimeter footwork, but overall defensive impact is trending upward.","Current Drift:
An energy forward with motor, rebounding, and improving perimeter touch.
Potential Drift:
If shooting stabilizes and strength improves, he trends toward a reliable rotation hybrid forward; if not, he projects as a high‑energy role player.
Stabilizers:
• Motor
• Defensive discipline
• Perimeter shooting consistency
",Perimeter shooting remains the swing skill. Limited self‑creation and occasional over‑aggression on contests can lead to fouls. Must continue adding strength to handle physical SEC forwards.,"Haugh plays with the consistency and energy of a forward who understands exactly how to impact possessions without needing touches. His coachability shows in how reliably he executes effort‑based responsibilities — sprinting the floor, crashing the glass, screening with intent, and defending with multiple efforts. He stays within role and brings a stabilizing presence through activity rather than usage.
Defensively, he’s fully bought in. He rotates early, contests without fouling, and uses his mobility to guard in space. His ability to stay connected to actions and maintain discipline reflects strong film‑to‑floor translation.
Offensively, he keeps things simple — finishing plays, cutting with timing, and taking open shots without hesitation. His improved confidence shows in cleaner footwork and more decisive scoring actions.
Haugh’s motor, discipline, and role clarity make him a highly coachable, system‑reliable forward.","Best shots come from rim runs, cuts, and transition finishes. Efficient around the basket and showing growth as a spot‑up shooter (mid‑30s from three). Touch extends to floaters and mid‑range looks. Less effective when forced into off‑dribble creation or contested jumpers.","Closest Echo: Aaron Gordon — athletic hybrid forward with evolving perimeter skill.
David Lee — interior scoring and rebounding.
Nick Collison — glue‑guy toughness and discipline. "
90,Alex Condon,21,Silver,6'11,230,PF/C,"7'2""",Florida,,ModalKey-Condon,"Condon is a long, active frontcourt player whose game is built on energy, mobility, and consistent involvement on both ends. He brings a strong physical foundation and has already shown he can contribute within a demanding high‑major environment. The outlines of his impact are clear — the specifics come into focus once you dig deeper","A proven winner on Florida's 2024-2025 Championship team, Alex Condon is a physical, high‑motor frontcourt piece whose game is built on strength, activity, and the ability to impact possessions without needing touches drawn up for him. At Florida he brings a rugged interior profile — someone who runs the floor hard, finishes through contact, and plays with the kind of effort that stabilizes lineups. His frame and competitiveness stand out immediately. He carves out space, sets solid screens, and gives guards clean angles to operate. When he catches around the rim, he finishes with force and simplicity.
His possession impact comes from how consistently he does the connective, effort‑driven things that make an offense function. He’s an active offensive rebounder, a willing roller, and a reliable target in short‑range windows. He doesn’t need a high‑usage runway — he thrives in second‑chance situations, transition lanes, and structured actions where his physicality and timing create easy points. His passing is basic but functional; he keeps the ball moving and rarely overcomplicates decisions.
Defensively, Condon fits the mold of a modern, physical big who can anchor schemes with effort and positioning. He plays with real toughness, walls up effectively, and uses his strength to absorb contact in the post. He’s not a switch‑everything mover, but he competes on the perimeter, shows enough mobility to contain in space, and rotates with discipline. His motor and physicality allow him to cover ground, contest consistently, and stay within scheme.
Overall, Condon profiles as a dependable, high‑effort interior forward — someone who brings physicality, rebounding, screening value, and defensive toughness to a team that thrives on those traits. His game scales cleanly because it’s built on reliability, not volume.","Name: Alex Condon
Badge Tier: Gold
Team: Florida
Height/Weight: 6'11, 236 lbs
Wingspan: 7'2

","Condon uses space effectively as a rim runner and short‑roll outlet. He sprints the floor, creates vertical pressure, and adjusts angles well when diving out of ball screens. In the halfcourt, he understands how to occupy the dunker spot, slide into passing lanes, and stay available as a target when guards draw help. Defensively, he reads drives early and covers ground fluidly as a helper, though he can be a half‑step late closing all the way to shooters when he’s pulled deep into the paint.",,"Defense is Condon’s clearest calling card. He moves well laterally for his size, uses his length to contest at the rim without wild fouling, and shows real instincts as a weak‑side helper. His timing on vertical contests is a strength, and he’s comfortable rotating from the weak side to challenge drives. Stronger, low‑post bigs can still dislodge him on seals, and he’ll occasionally arrive a beat late on complex actions, but his tools and engagement point to a multi‑scheme defender who can function as a secondary rim protector and active 4/5.","Current Drift:
Trending toward a mobile, activity‑driven big who impacts possessions with rim running, help defense, and length. His habits — sprinting the floor, rotating early, and contesting vertically — pull him toward a modern, mobility‑first 4/5 archetype.
Potential Drift:
If the frame fills out and the defensive discipline continues to sharpen, he drifts toward a reliable backline anchor who can close games defensively. If the shooting stabilizes, he adds stretch value; if not, he remains closer to a rim‑running hybrid big who thrives on energy and timing.
Stabilizers:
• 	Strength development
• 	Defensive positioning and foul discipline
• 	Comfort and confidence as a finisher
","Condon’s primary risks are tied to strength, offensive refinement, and skill scalability. If the frame doesn’t add enough functional strength, he may struggle to handle stronger bigs on the glass and in post defense. Offensively, he’s dependent on guards to create advantages, and the jumper is still more “flashes” than stable weapon. If the touch and decision‑making on short rolls don’t keep progressing, he risks being pigeonholed into a narrow rim‑running role. The mobility and defensive tools give him a pathway to rotation value; the upside hinges on physical and skill development.","Condon plays with the reliability and discipline of a frontcourt piece who already understands what winning basketball requires. His coachability shows up in how consistently he executes the effort‑driven details — sprinting the floor, screening with force, carving out space, and staying active without needing touches. He absorbs coaching points around positioning and timing, applying them possession‑to‑possession rather than in isolated flashes.
Defensively, he’s embraced Florida’s physical identity. He walls up with discipline, rotates on time, and uses his strength to absorb contact without fouling. He’s not a switch‑everything mover, but he competes in space and stays within scheme, reflecting strong film‑to‑floor translation. His ability to anchor actions, maintain effort, and avoid low‑value gambles makes him a stabilizing presence.
Condon’s habits — motor, physicality, and willingness to do the connective work — reflect a player who integrates coaching direction cleanly and elevates lineup cohesion. His game scales because it’s built on repeatable, coachable traits rather than usage.","Averaging career highs of over 14 PPG on 52 FG% through 13 games,Condon’s best shots come from rim runs, slips, cuts, and simple finishes created by others’ penetration. He’s effective when he gets clean angles to the rim and can go up quickly with length and touch. Short‑roll decisions and occasional jumpers show flashes, but they’re not yet core value drivers. Lower‑quality attempts show up when he drifts into contested midrange looks or tries to self‑create without an advantage. His efficiency peaks when his usage is tilted toward high‑value paint finishes, lobs, and opportunistic put‑backs.","Closest Echo: Clint Capela — mobility, rim running, vertical spacing, and weak‑side rim protection as a non‑stretch big.
Isaiah Hartenstein — activity, defensive versatility, and connective play as a hybrid 4/5 who thrives in high‑effort roles.
Daniel Gafford — length, timing, and efficient finishing in movement‑based systems with guards who can create advantages."
91,Bryson Tucker,19,Silver,"6'7""",207,SF,"6'10""",Washington (transfer from Indiana),,ModalKey-Tucker,"
Scoring wing with size, mid‑range polish, and defensive versatility. Sophomore transfer from Indiana now contributing as a secondary scorer and rebounder for Washington, showing efficiency and activity before an early ankle setback.
","Bryson Tucker is a smooth, composed wing who plays with a maturity that stands out right away — controlled pace, clean footwork, and a scoring approach built on balance rather than flash. At Washington he gives them a stabilizing perimeter presence, someone who can operate in multiple spots on the floor, punish mismatches, and create offense without hijacking possessions. His game is quiet but effective. He gets to his spots, reads defenders early, and plays with a calm decisiveness that fits a structured system.
His offensive value comes from how polished his mid‑range and face‑up game already is. He’s comfortable working from the elbows, using jab steps, shoulder fakes, and patient footwork to open windows. He’s a confident pull‑up shooter, especially when he gets to his preferred areas, and he has the touch to finish through contact or over length. He’s not a high‑volume creator, but he’s a reliable advantage converter — attacking closeouts, making the simple read, and keeping the ball moving when the defense collapses. Washington benefits from his ability to generate steady, low‑turnover offense.
Defensively, Tucker brings size, discipline, and real positional versatility. He slides well laterally, uses his frame to absorb contact, and stays connected through actions. He’s not a pure disruptor, but he’s consistently in the right place, rotates on time, and contests with length. His ability to guard wings and some smaller forwards gives Washington flexibility in their matchups.
Long‑term, Tucker profiles as a steady, multi‑level scoring wing — polished mid‑range craft, reliable decision‑making, and enough defensive versatility to fit into a variety of systems. His game scales because it’s built on poise, technique, and repeatable scoring patterns rather than streaky shot‑making or high‑usage creation.","Name: Bryson Tucker
Badge Tier: Silver
Team: Washington
Height/Weight: 6'7, 210 lbs
Wingspan: 6'10




","Operates well in motion offenses, using pace and footwork to get to mid‑range spots. Finds gaps as a cutter and plays off advantages created by guards. Still refining timing and decision‑making in the half court, but consistently creates clean looks from 12–17 feet.",,"Covers ground quickly and defends with physicality. Versatile enough to guard perimeter scorers and switch onto forwards. Still developing strength and discipline, but projects as a multi‑positional defender with upside.","Current Drift:
A mid‑range scoring wing with size, defensive versatility, and complementary value.
Potential Drift:
If shooting and durability stabilize, he trends toward a reliable two‑way scoring wing; if not, he projects as a streak‑based rotation forward.
Stabilizers:
• Shooting consistency
• Physical development
• Health/durability","Three‑point shooting volume and durability are swing factors. Multiple ankle issues raise availability concerns. Must prove perimeter efficiency holds as attempts increase.
","Tucker has shown strong buy‑in to Washington’s structure, playing with the poise and discipline of a wing who understands how to operate within a defined role. His coachability shows in how consistently he applies coaching emphasis on shot selection, spacing, and defensive engagement. He plays with balance, doesn’t force creation, and uses his size to get to clean mid‑range spots without drifting into low‑value attempts.
Defensively, he competes with intent. He uses his length to stay viable across matchups, rotates on time, and shows improving discipline in how he handles physicality. His ability to stay connected to actions and avoid unnecessary fouls reflects strong film‑to‑floor translation for a 19‑year‑old wing.
Offensively, he stays within structure — attacking closeouts, finishing plays, and keeping the ball moving. His willingness to operate as a secondary scorer and rebounder shows a clear understanding of role fit.
Tucker’s size, touch, and early discipline give him a stable developmental arc as a scalable scoring wing.","Best shots come from rhythm pull‑ups and mid‑range isolations. Polished operator from 12–17 feet with clean elevation and balance. Early Washington sample (41.7% from three) showed hope that he had vast improvement but it settled into 31.6% through 8 games. Still an improvement over 15% from 3 his previous year, though deep shooting can flatten. Less effective when forced into contested threes or off‑balance drives.","Closest Echo: Khris Middleton — mid‑range polish and two‑way steadiness.
Harrison Barnes — size, defensive versatility, and secondary scoring.
Trevor Ariza — two‑way wing with complementary value.
Rudy Gay — scoring wing with size and athleticism."
92,Jo Jo Tugler,21,Silver,"6'8""",230,PF/C,"7'0""",Houston,,ModalKey-Tugler,"Tugler is an intense, high‑motor forward whose presence is felt immediately in competitive settings. He plays with purpose, physicality, and a clear understanding of how to impact winning. T","JoJo Tugler is a rugged, high‑motor forward whose game is built on physicality, effort, and the kind of possession‑to‑possession toughness Houston’s system demands. He plays with real force — sprinting the floor, crashing the glass, and embracing contact on both ends. His frame and competitiveness stand out immediately. He carves out space, finishes through bumps, and brings an edge that shows up even in short stints. Nothing about his game is finesse‑first; it’s built on energy, strength, and doing the things that tilt possessions.
His offensive impact comes from how consistently he creates extra chances. He’s an aggressive offensive rebounder, a violent screener, and a willing roller who opens clean driving lanes for guards. He doesn’t need touches drawn up for him — he thrives in second‑chance situations, transition lanes, and simple actions where his motor and physicality generate easy points. When he catches around the rim, he finishes quickly and decisively.
Defensively, Tugler fits Houston’s identity almost perfectly. He plays with real toughness, rotates with urgency, and uses his strength to absorb contact in the post. His mobility allows him to slide with forwards, contest at the rim, and make multiple efforts in a single possession. He’s not a switch‑everything mover yet, but he competes on every rep and stays within scheme. His motor alone raises the floor of a lineup.
Long‑term, Tugler projects as a system‑reliable, high‑effort interior forward — someone who brings physicality, rebounding, defensive toughness, and the kind of competitive edge that scales across winning environments.","Name: Jo Jo Tugler
Badge Tier: Silver
Team: Houston
Height/Weight: 6'8, 230 lbs
Wingspan: 7'0

","Tugler operates with sharp spatial instincts around the paint. He finds gaps as a cutter, stays active along the baseline, and positions himself well for second‑chance opportunities. His timing on dives and rotations is crisp, and he rarely drifts out of plays. Defensively, he anticipates actions early and places himself in spots where he can contest, disrupt, or clean up mistakes. His sense of spacing is functional rather than finesse‑driven — direct, purposeful, and tied to activity",,"Defense is Tugler’s defining trait. He plays with relentless energy, contests everything around the rim, and rotates with urgency. His timing as a shot‑contester is advanced, and he’s comfortable absorbing contact while still challenging vertically. He guards multiple frontcourt positions and brings a disruptive presence as a helper. His discipline has improved, though he can still be aggressive to the point of over‑engagement. The defensive motor and instincts give him a clear identity at the next level.","Current Drift:
A high‑motor, defensive‑driven 4/5 who impacts games through activity, rim protection, and physicality.
Potential Drift:
If the offensive skill set expands — particularly touch, short‑range creation, or passing — he drifts toward a more complete two‑way interior piece. If not, he remains a defense‑first, energy‑driven big who thrives in up‑tempo, physical systems.
Stabilizers:
• 	Defensive timing
• 	Motor and conditioning
• 	Strength and physical engagement","Tugler’s risks center on offensive scalability, shooting range, and size for a full‑time center. His scoring is heavily dependent on activity and opportunities created by others. Without added touch or range, defenses may shrink the floor against him. Against larger post scorers, he can be challenged physically despite his motor. His value is tied closely to defensive impact — if that slips, the offensive limitations become more pronounced. He plays incredibly hard but undersized rebounders dont always scale.","Tugler plays like someone who has lived inside Houston’s identity for years — physical, relentless, and fully committed to the effort‑driven details that define the program. As a junior, his coachability shows in how consistently he executes the habits that win possessions: sprinting the floor, screening with force, carving out space, and staying active without needing scripted touches. He understands exactly what his role requires and applies coaching emphasis with veteran discipline.
Defensively, he embodies the program’s toughness. He rotates with urgency, absorbs contact without losing balance, and brings multiple efforts on every possession. His timing and discipline have sharpened across seasons — fewer unnecessary fouls, better verticality, and more consistent communication. He’s not a switch‑everything mover, but he competes in space and stays within scheme, reflecting strong film‑to‑floor translation.
Offensively, he stays in his lane and maximizes it. He finishes quickly, thrives as a roller and offensive rebounder, and keeps the ball moving rather than forcing creation. His ability to repeat simple, high‑value actions possession after possession is a hallmark of a player who understands structure and embraces it.
Tugler’s maturity, motor, and system reliability make him one of the more coachable veteran forwards in the class — a player whose impact scales because it’s built on toughness, discipline, and repeatable habits.","Tugler’s best shots come from rim runs, put‑backs, seals, and simple finishes created by movement and effort. He converts well when he gets clean angles or catches on the move. His efficiency dips when he’s asked to self‑create or take midrange attempts outside his comfort zone. Keeping his usage tied to screening, rolling, and opportunistic scoring maximizes his impact.","Closest Echo: Kenneth Faried — high motor, rebounding strength, and interior activity as an undersized but impactful forward.
Clint Capela — rim protection, rebounding presence, and defensive anchoring as a ceiling benchmark for his best‑case defensive trajectory.
Joey Dorsey — physicality, energy, and defensive intensity with a developmental path that highlights the importance of offensive scalability
"
93,Andrej Kostic,19,Silver,"6'7""",200,SG/SF,"6'8""",Kansas State,,ModalKey-Kostic,"Versatile wing who complements guards with scoring, size, and international polish. Serbian freshman with pro experience and a proven perimeter scoring résumé entering Big 12 play.","Andrej Kostic is a long, skilled perimeter forward whose game is built on feel, shooting touch, and the ability to play within structure without needing a ton of on‑ball volume. At Kansas State he brings a modern stretch‑forward profile — someone who can space the floor, move the ball, and operate as a clean connective piece in a system that values decision‑making and versatility. His frame stands out immediately: good length, smooth movement, and the kind of coordination that lets him play comfortably on the perimeter.
His offensive value comes from how naturally he fits into flow. He’s a confident catch‑and‑shoot threat with a repeatable release, and he’s comfortable attacking closeouts with straight‑line drives. He doesn’t force creation — he reads, moves, and plays off advantages created by others. There’s real touch in his mid‑range game, and he shows flashes of secondary playmaking when defenses rotate. He’s the type of forward who keeps possessions clean by making the simple, early decision.
Defensively, Kostic brings switchable potential. He slides well for his size, uses his length to contest, and stays disciplined within scheme. He’s not a pure disruptor yet, but he positions himself well, rotates on time, and has the mobility to guard wings while holding up against smaller forwards. As he adds strength, he projects as a reliable multi‑positional defender who can stay on the floor in different lineup constructions.
Long‑term, Kostic profiles as a modern stretch‑forward with real connective value — shooting, feel, length, and enough defensive versatility to scale across systems. His game translates because it’s built on skill, timing, and the ability to complement higher‑usage creators.His FG % could be.","Name: Andrej Kostic
Badge Tier: Silver
Team: Kansas State
Height/Weight: 6'8, 205 lbs
Wingspan: 6'11","Operates comfortably within structured offense, using pace and footwork to create clean perimeter looks. Reads closeouts well and attacks in straight lines when defenders overcommit. Shows feel as a secondary playmaker, leveraging his size to see over defenders and make simple, effective reads.",,"Uses size and anticipation to contest shots and disrupt passing lanes. International reps show he can guard both perimeter scorers and secondary forwards. Must continue improving physicality, screen navigation, and rotational discipline to handle Big 12 pace and strength.","Current Drift:
A modern scoring wing with perimeter creation, shooting versatility, and secondary playmaking.
Potential Drift:
If efficiency and physicality improve, he trends toward a three‑level scoring wing; if not, he projects as a rotation scorer reliant on shotmaking.
Stabilizers:
• Shooting efficiency
• Physical development
• Defensive consistency","Risk tied to streaky perimeter efficiency and adapting from European competition to Big 12 physicality. Must prove he can balance scoring with playmaking and maintain shot quality against stronger, faster defenders. Shooting only 34% through his first 10 games, he clearly needs time to adjust.","Kostic has integrated into Kansas State’s system with the maturity of a player who already has professional experience. His coachability shows in how consistently he applies coaching emphasis on spacing, decisiveness, and off‑ball activity. He moves with purpose, attacks closeouts cleanly, and keeps the ball moving rather than drifting into low‑value creation.
Defensively, he’s shown strong early discipline. He competes on the ball, uses his length to contest without fouling, and processes actions quickly enough to stay viable across multiple matchups. His international background shows in his feel — he rarely looks rushed and absorbs feedback cleanly.
Kostic’s combination of size, touch, and early system buy‑in gives him a scalable developmental arc as a modern perimeter wing who complements guards and fits naturally into structured offenses.
","Best shots come from pull‑ups, catch‑and‑shoot threes, and straight‑line drives. Averaged 16.4 PPG on 43% FG and 35% 3P in Serbia, showing comfort creating from the perimeter and attacking closeouts. Efficiency dips when forced into contested off‑dribble attempts or deep pull‑ups.","Closest Echo: Bojan Bogdanović — scoring wing with perimeter shooting and offensive versatility.
Gordon Hayward — three‑level scoring and secondary playmaking.
Manu Ginóbili (stylistic) — creative scoring and playmaking flair.
"
94,Zuby Ejiofor,21,Silver,"6'9""",237,PF/C,"7'0""",St. Johns,,ModalKey-Ejiofor,"Physical, high‑motor frontcourt piece who brings rebounding, rim protection, and toughness to St. John’s. Former Kansas recruit now producing as a rotation big under Rick Pitino. Silver tier reflects reliable energy‑big value with upward mobility if finishing and spacing continue to improve.","Zuby Ejiofor is a powerful, high‑motor interior forward whose game gives St. John’s a physical presence on both ends of the floor. He plays with force — strong base, quick second jumps, and a willingness to embrace contact in ways that fit Rick Pitino’s demand for toughness and effort. His style is direct and efficient. He doesn’t need touches to matter; he impacts possessions through rebounding, rim pressure, and defensive activity.

His offensive value starts with play‑finishing. He’s a violent roller who creates contact on the way to the rim, seals well, and finishes with power when he gets two feet in the paint. His hands are reliable, he runs the floor hard, and he’s a constant threat on the offensive glass. He’s shown flashes of short‑roll passing and touch around the rim, but his scoring foundation is built on energy plays — dives, putbacks, rim runs, and quick interior seals. He stays within himself and doesn’t force creation.

Defensively, Ejiofor brings the traits St. John’s leans on. He’s strong, active, and disruptive around the rim, using his frame to wall off drives and his motor to make multiple efforts. He moves well laterally for his size, allowing him to guard in space in short stretches, and he competes through screens with real intent. His rebounding presence is a major asset — he clears space, secures contested boards, and flips possessions with sheer physicality.

Long‑term, Ejiofor profiles as a rugged interior contributor — rebounding, rim finishing, defensive toughness, and the kind of effort‑driven impact that scales in winning environments. His game translates because it’s built on strength, motor, and repeatable habits rather than high‑usage scoring or perimeter creation.
","Name: Zuby Ejiofor
Badge Tier: Silver
Team: St. John’s
Height/Weight: 6'9, 240 lbs
Wingspan: 7'0
","Thrives as a rim runner, cutter, and play‑finisher. Understands spacing as a dunker‑spot threat and short‑roll option. Doesn’t require touches to impact the game. Still developing timing in high‑post actions and short‑roll reads.",,"Strong interior presence who uses size and length to contest shots and rebound. Early‑season production (7.7 RPG, 2.3 BPG through first games) reflects consistent activity. Holds ground in the post and contests vertically. Aggressive style can lead to foul trouble, and switch footwork is still developing.","Current Drift:
A physical, high‑motor interior defender and rebounder.
Potential Drift:
If finishing consistency and spacing flashes hold, he trends toward a rotation energy big; if not, he projects as a rugged rebounding specialist.
Stabilizers:
• Foul discipline
• Rim finishing
• Defensive footwork",Limited perimeter skill narrows offensive role. Aggressive defense can lead to foul issues. Must improve finishing consistency and avoid being overly reliant on guards to generate looks.,"Ejiofor plays with the force and effort that define St. John’s frontcourt identity. His coachability shows in how consistently he executes screening, rim‑running, rebounding, and defensive activity. He embraces physicality, stays within role, and impacts possessions without needing touches.
Defensively, he’s fully aligned with scheme. He walls off drives, contests with verticality, and brings multiple efforts around the rim. His ability to guard in space in short stretches reflects strong responsiveness to coaching.
Offensively, he keeps things simple — violent rolls, early seals, putbacks, and clean finishes. He doesn’t chase creation and plays to his strengths with discipline.
Ejiofor’s motor, strength, and role clarity make him a highly coachable interior piece who elevates lineup toughness.","Best shots come from cuts, dump‑offs, offensive rebounds, and rim runs. Converts efficiently around the basket (>60% at the rim). Flashed perimeter touch (2‑for‑3 from three vs Alabama), but jumper remains developmental.","Closest Echo: Montrezl Harrell — undersized but relentless energy big and play‑finisher.
Kenneth Faried — high‑motor rebounder with interior toughness.
Joey Dorsey — physical rim protector and rebounder.
Antonio Davis — rugged interior defender."
95,Roddy Gayle Jr.,22,Silver,"6'5""",210,SG,"6'6""",Michigan,,ModalKey-Gayle Jr.,"Athletic scoring guard who brings slashing, strength, and defensive tools to Michigan’s backcourt. Junior transfer from Ohio State with multi‑level scoring flashes and rotational reliability.","Roddy Gayle Jr. is a powerful, assertive downhill wing who brings Michigan a real dose of physicality, rim pressure, and competitive edge on both ends. His game is built on force and intent — he plays through contact, gets to his spots with conviction, and has the kind of frame that immediately translates in the Big Ten. Michigan leans on him as a tone‑setter. He stabilizes possessions with his strength, attacks gaps decisively, and gives them a perimeter piece who can generate paint touches without needing elaborate creation.
His offensive value starts with how reliably he gets downhill. He uses his body to carve out angles, absorbs bumps without losing balance, and finishes with power when he gets two feet in the paint. He’s comfortable operating out of ball screens, especially when he can turn the corner and force rotations. The jumper is still a developing piece — streaky but functional — but he compensates by making strong, early decisions and playing with a directness that keeps the offense on schedule. When defenses collapse, he’s a willing passer who finds shooters and cutters in rhythm.
Defensively, Gayle brings the exact kind of presence Michigan needs on the perimeter. He’s physical at the point of attack, fights through screens, and uses his strength to wall off drives. His anticipation is solid, and he consistently makes multiple efforts within a possession. He can guard up a position, switch onto bigger wings, and hold his ground without fouling. His competitiveness shows up in the details — closeouts, rotations, and the willingness to take on tough assignments.
Long‑term, Gayle profiles as a rugged two‑way wing — downhill pressure, defensive toughness, and enough playmaking feel to complement higher‑usage guards. His game scales because it’s built on physical tools, effort, and repeatable advantages rather than streaky shot‑making or high‑volume creation.","Name: Roddy Gayle Jr.
Badge Tier: Silver
Team: Michigan
Height/Weight: 6'4, 190 lbs
Wingspan: 6'6

","Thrives in half‑court sets where he can attack closeouts, cut into space, and finish through contact. Uses strength to create driving angles and shows comfort operating as a secondary creator. Still refining pacing and shot selection, but consistently pressures the rim.",,Uses length and physicality to defend guards and wings. Adequate defender who can body smaller players in the post and contest shots. Needs improved lateral quickness and discipline to stay in front of elite guards.,"Current Drift:
An athletic scoring guard with strength, slashing value, and defensive toughness.
Potential Drift:
If shooting stabilizes, he trends toward a reliable two‑way rotation guard; if not, he projects as a streak‑based scorer with limited versatility.
Stabilizers:
• Shooting consistency
• Defensive discipline
• Playmaking growth","Lacks elite first step, limiting separation. Must improve rebounding, defensive discipline, and perimeter shooting consistency. Without growth, risks narrowing to a role‑player scorer.","Gayle plays with the physicality and decisiveness of a guard who understands how to pressure defenses without overhandling. His coachability shows in how consistently he applies coaching emphasis on rim attacks, pace control, and defensive engagement. He uses his strength to create clean angles, finishes through contact, and stays within structure as a slasher and secondary scorer.
Defensively, he’s fully bought in. He competes at the point of attack, uses his frame to stay attached, and rotates with purpose. His ability to guard multiple perimeter matchups reflects strong discipline and effort.
Offensively, he keeps possessions stable — attacking space, making the early read, and avoiding low‑value pull‑ups. His ability to complement higher‑usage creators shows strong responsiveness to coaching.
Gayle’s blend of strength, slashing, and defensive reliability gives him a clear projection as a two‑way rotation guard.","Best shots come from spot‑ups, mid‑range pull‑ups, and straight‑line drives. Shot 42.9% from three on limited volume at Ohio State, showing workable mechanics. Finishes well with both hands, using balance and strength to absorb contact. Efficiency dips when forced into contested threes or off‑dribble jumpers.
","Closest Echo: Norman Powell — athletic scoring guard with defensive toughness.
Caris LeVert — multi‑level scoring and secondary playmaking.
Rodney Stuckey — physical combo‑guard scoring.
Eric Gordon — strength‑based scoring guard archetype."
96,Josh Dix,21,Silver,"6'5""",190,PG/SG,"6'8""",Creighton,,ModalKey-Dix,"Off‑ball scoring guard with size, shooting gravity, and complementary playmaking. Senior transfer from Iowa now producing efficiently for Creighton as a movement shooter and secondary creator.","Josh Dix is a steady, high‑IQ perimeter guard whose game is built on feel, shooting touch, and the ability to keep an offense organized without dominating the ball. At Creighton he fits their identity perfectly — disciplined, unselfish, and comfortable toggling between connector and secondary creator. His presence brings balance. He plays with poise, understands spacing, and makes the early, simple read that keeps possessions flowing.
His offensive value starts with his shooting and decision‑making. He’s a confident catch‑and‑shoot threat who relocates well, spaces intelligently, and punishes late closeouts. When he puts the ball on the floor, he plays with control — attacking angles, using pace to get into the paint, and finishing with touch rather than force. He’s not a high‑usage initiator, but he’s a reliable ball‑handler who can run actions, feed rollers, and keep the offense on schedule. Creighton benefits from how cleanly he fits next to higher‑volume creators.
Defensively, Dix brings discipline and real competitive intent. He slides well laterally, stays attached through screens, and uses his anticipation to disrupt actions without gambling out of structure. His positioning is consistently sharp — he tags rollers, rotates early, and contests with timing. He’s the type of guard who elevates a team defense because he rarely makes mistakes and brings multiple efforts every possession.
Long‑term, Dix profiles as a dependable two‑way guard — shooting, feel, connective passing, and the defensive reliability to stay on the floor in high‑leverage moments. His game scales because it’s built on maturity, efficiency, and the ability to complement a wide range of backcourt partners.","Name: Josh Dix
Badge Tier: Silver
Team: Creighton
Height/Weight: 6'6, 205 lbs
Wingspan: 6'8
","Operates well in pace‑and‑space systems, relocating into open windows and reading defensive shifts to free himself as a shooter. Uses screens effectively, maintains spacing discipline, and makes quick, functional decisions off the catch. Not a primary creator, but consistently enhances flow with timely cuts and ball movement.
",,"Competitive perimeter defender who uses size and positioning to guard multiple spots. Not an explosive lateral athlete, but plays with discipline and awareness. Uses length to contest shots and disrupt passing lanes. Reliable team defender who rarely breaks scheme.","Current Drift:
A movement shooter with size, toughness, and complementary playmaking.
Potential Drift:
If strength and lateral quickness improve, he trends toward a reliable two‑way rotation guard; if not, he projects as a shooting‑specialist wing with defensive competence.
Stabilizers:
• Shooting consistency
• Defensive discipline
• Off‑ball activity
","Limited burst caps shot‑creation upside. Upright defensive stance can be exposed by quicker guards. Must continue adding strength to handle physical matchups. Without improved athleticism, role narrows to off‑ball shooter rather than multi‑level creator.
","Dix plays with the steadiness and off‑ball discipline that Creighton’s offense thrives on. His coachability shows in how consistently he executes movement shooting, spacing, and secondary playmaking. He doesn’t overdribble, relocates on time, and keeps the offense connected with clean, early reads.
Defensively, he competes with intent. He uses his length to stay attached, rotates on time, and brings enough physicality to guard multiple perimeter matchups. His discipline and anticipation reflect strong buy‑in.
Offensively, he stays within structure — attacking closeouts, making the simple pass, and providing reliable shooting gravity. His ability to complement creators without disrupting rhythm is a direct product of his responsiveness to coaching.
Dix’s feel, shooting discipline, and connective value make him a highly coachable two‑way guard who elevates lineup efficiency.
","Best shots come from catch‑and‑shoot threes, movement actions, and straight‑line drives off overplays. Shooting 35.1% from three on volume, with clean mechanics and deep range. Excellent free‑throw shooter (92.6%), indicating stable touch. Less effective when forced into contested pull‑ups or self‑created jumpers.","Closest Echo: Kyle Korver — movement shooting and perimeter gravity.
Donte DiVincenzo — shooting gravity with defensive toughness and secondary playmaking.
Joe Harris — efficient off‑ball scorer with size.
Allen Crabbe — rotational shooter archetype."
97,Billy Richmond III,19,Silver,"6'6""",200,SG/SF,"6'9""",Arkansas,,ModalKey-Richmond III,"Explosive slashing wing with length, energy, and defensive versatility. Sophomore rotation piece for Arkansas who impacts games with athleticism, transition scoring, and activity. Silver tier reflects rotation value with upward mobility if perimeter shooting stabilizes.","Billy Richmond III is an explosive, downhill‑oriented wing whose game gives Arkansas a real jolt of athletic force and competitive edge. He plays with urgency — everything is fast, aggressive, and geared toward putting pressure on the rim. His physical tools stand out immediately: long, twitchy, and able to accelerate past defenders in a straight line. When he gets downhill, he’s a load to contain.

His offensive value starts with his slashing. He attacks closeouts with conviction, uses his length to extend around contests, and finishes through contact when he gets two feet in the paint. Transition is where he’s most dangerous — he runs hard, changes ends quickly, and forces defenses into scramble mode. The jumper is still a work in progress, but the mechanics are trending in the right direction, and he’s shown enough touch to keep defenses honest. He doesn’t need the ball to matter; he cuts with timing, plays off movement, and creates advantages simply by being a constant threat to get downhill.

Defensively, Richmond brings the tools and motor that Arkansas leans on. He’s long, active, and disruptive at the point of attack. His lateral quickness allows him to stay attached to wings, and his competitiveness shows up in how he fights through screens and contests shots. He covers ground well as a help defender, rotating early and using his length to bother drives or jump passing lanes. As he adds strength and discipline, he projects as a multi‑positional defender who can guard across the perimeter.

Long‑term, Richmond profiles as a high‑energy, two‑way wing — slashing, athleticism, defensive range, and the kind of competitive engine that scales in modern systems. His game translates because it’s built on force, movement, and repeatable advantages rather than streaky shot‑making or heavy on‑ball creation.
","Name: Billy Richmond III
Badge Tier: Silver
Team: Arkansas
Height/Weight: 6'6, 205 lbs
Wingspan: 6'9
","Thrives in transition and early offense, using burst to attack the rim. Cuts well from the wing and finds open lanes behind collapsing defenses. Still developing half‑court reads, but consistently generates pressure with movement and athleticism.",,"Uses length and motor to contest shots and guard multiple positions. Switchable across 2–4 with strong recovery tools. Occasional over‑gambling and rotational lapses limit consistency, but defensive upside is clear with refinement.
","Current Drift:
An athletic wing with slashing value and defensive versatility.
Potential Drift:
If shooting stabilizes, he trends toward a two‑way rotation wing; if not, he projects as an energy‑driven slasher.
Stabilizers:
• Perimeter shooting
• Defensive discipline
• Strength development","Outside shot remains streaky. Relies heavily on athleticism and transition scoring. Needs improved half‑court reads and defensive discipline. Without shooting growth, risks narrowing to a role‑player energy wing.","Richmond plays with the urgency and downhill aggression Arkansas demands from its wings. His coachability shows in how consistently he applies coaching emphasis on slashing lanes, transition pressure, and defensive activity. He plays fast, decisive, and with real intent — everything is geared toward creating force and putting pressure on the rim.
Defensively, he’s fully engaged. He uses his length to stay attached, competes through screens, and brings multiple efforts on every possession. His ability to cover ground as a help defender reflects strong film‑to‑floor translation for a 19‑year‑old.
Offensively, he stays within role — attacking closeouts, cutting with timing, and finishing through contact. The jumper is still stabilizing, but he doesn’t drift into low‑value attempts and remains disciplined in his shot selection.
Richmond’s motor, physicality, and willingness to embrace a force‑driven role make him a highly coachable two‑way wing with upward mobility.","Best shots come from slashing, cuts, and transition finishes. Tremendous burst and verticality allow him to finish through contact. Mid‑range touch is serviceable, but perimeter shot remains inconsistent. Mechanics show promise but require repetition.","Closest Echo: Gerald Green — explosive slashing wing with highlight finishing.
Terrence Ross — athletic scoring bursts with perimeter upside.
Corey Brewer — defensive activity and transition value.
Josh Howard — utility forward with two‑way contributions."
98,Matt Able,18,Bronze,6'6,205,SG/SF,"6'7""",NC State,,ModalKey-Able,"Freshman guard already in NC State’s main rotation, contributing scoring, rebounding, and defensive activity. Athletic slasher with real perimeter upside, showing early flashes of two‑way impact and confidence against ACC competition.
","Matt Able is a tough, competitive guard who fits NC State’s backcourt identity — physical, downhill‑minded, and willing to do the gritty work that keeps possessions alive. His game is built on effort, strength, and a willingness to attack gaps without hesitation. He plays with a directness that stands out. When he gets a shoulder into a defender, he drives with purpose, finishes through contact, and forces rotations that open the floor for others.

Offensively, Able brings value as a slasher and pressure guard. He’s decisive off the catch, attacks closeouts with force, and uses his frame to carve out angles at the rim. He’s comfortable operating in secondary actions — attacking off movement, cutting into open space, and keeping the ball moving when the defense collapses. The jumper is still stabilizing, but his mechanics are workable, and he’s shown enough touch to project into a reliable spot‑up option as he matures. His competitiveness shows up in the details: offensive rebounds from the guard spot, loose‑ball wins, and the willingness to take on physical matchups.

Defensively, Able fits the NC State mold. He’s strong at the point of attack, fights through screens, and brings a real edge to perimeter matchups. His lateral quickness and physicality allow him to guard both backcourt spots, and he consistently makes multiple efforts within a possession. He rotates with intent, contests with discipline, and plays with the kind of motor that coaches trust in high‑leverage moments.

Long‑term, Able profiles as a rugged two‑way guard — downhill pressure, defensive toughness, and the kind of competitive engine that scales in winning environments. His game translates because it’s built on effort, physicality, and repeatable habits rather than high‑usage creation or streaky shot‑making.
","Name: Matt Able
Badge Tier: Bronze
Team: NC State
Height/Weight: 6'5, 190 lbs
Wingspan: 6'7

","Thrives in transition and early offense, using speed and length to pressure the rim. Relocates well off the ball and attacks closeouts decisively. Still refining pacing in half‑court sets, but consistently finds scoring windows through movement and timing.
",,"Uses length and quickness to pressure ballhandlers and contest shots. Active hands (1.4 steals per game per‑36) and strong positional size allow him to guard 1–3. Rotational discipline is still developing, but defensive tools are clear and scalable.","Current Drift:
An athletic two‑way guard with slashing value and emerging perimeter shooting.
Potential Drift:
If shooting stabilizes and decision‑making sharpens, he trends toward a reliable two‑way rotation wing; if not, he projects as an energy scorer with defensive upside.
Stabilizers:
• Shooting consistency
• Defensive reads
• Strength development","Jumper inconsistency limits spacing reliability. Can be turnover‑prone when forced to create off the dribble. Still learning defensive rotations. Without improved shooting and playmaking, risks narrowing to a slashing‑only role.","Able plays with the energy and intent of a young guard who understands how to impact games without needing the ball. His coachability shows in how consistently he applies coaching emphasis on slashing lanes, defensive activity, and rebounding from the wing. He doesn’t overhandle, stays within structure, and brings real competitiveness for an 18‑year‑old in ACC play.
Defensively, he’s fully engaged. He uses his length to bother actions, competes through screens, and rotates with purpose. His ability to stay connected and bring multiple efforts reflects strong film‑to‑floor translation.
Offensively, he keeps possessions stable — attacking closeouts, finishing with athleticism, and making simple reads. His perimeter upside is real, but he doesn’t force jumpers or drift into contested attempts.
Able’s motor, physicality, and willingness to embrace a role make him a highly coachable young wing with two‑way potential.","Best shots come from downhill drives, cuts, and transition finishes. Finishes through contact with balance. Catch‑and‑shoot mechanics are clean, though streaky (31% 3P). Mid‑range pull‑up flashes are promising but inconsistent. Less effective when forced into contested off‑dribble jumpers.
","Closest Echo: Hamidou Diallo — athletic slasher with defensive activity.
Josh Richardson (scaled) — two‑way wing with complementary scoring.
Courtney Lee — disciplined two‑way guard archetype.
Rodney Stuckey — rotational scoring guard."
99,Adrian Wooley,18,Bronze,"6'5""",185,SG,"6'7""",Louisville (transfer from Kennesaw State),,ModalKey-Wooley,"Dynamic scoring guard transferring into the ACC after a highly efficient freshman season at Kennesaw State. Brings shooting, slashing, and two‑way competitiveness to Louisville’s backcourt. Bronze tier reflects developmental status at a higher competition level with upside tied to strength, decision‑making, and defensive polish.","Adrian Wooley is a tough, athletic wing who fits Louisville’s blueprint for physical, downhill‑minded perimeter play. His game is built on energy, strength, and a willingness to attack gaps without hesitation. He plays with a direct, force‑first style — when he gets a step, he drives with purpose, absorbs contact, and finishes with balance. There’s very little wasted motion in how he operates.

His offensive value starts with his slashing. He’s decisive off the catch, attacks closeouts with real burst, and uses his frame to carve out angles at the rim. He’s comfortable playing through contact, and he generates paint touches simply by being aggressive and hard to stay in front of. The jumper is still developing, but the mechanics are workable, and he’s shown enough touch to project into a reliable spot‑up option as he matures. He also plays well off movement — cutting, running the floor, and keeping the offense flowing without needing plays called for him.

Defensively, Wooley brings the traits Louisville leans on. He’s strong at the point of attack, fights through screens, and competes with real intent. His lateral quickness and physicality allow him to guard multiple perimeter spots, and he consistently makes multiple efforts within a possession. He rotates with purpose, contests with discipline, and brings the kind of motor that coaches trust in high‑leverage moments.

Long‑term, Wooley profiles as a rugged, two‑way wing — downhill pressure, defensive toughness, and the kind of competitive engine that scales in modern systems. His game translates because it’s built on force, effort, and repeatable habits rather than streaky shot‑making or high‑usage creation.
","Name: Adrian Wooley
Badge Tier: Bronze
Team: Louisville
Height/Weight: 6'5, 180 lbs
Wingspan: 6'7
","Thrives with the ball in his hands, using pace changes and long strides to attack downhill. Operates comfortably in spread pick‑and‑roll and early‑offense actions. Finds scoring windows through timing and pace control, but still refining off‑ball relocation and secondary spacing reads.",,Active two‑way guard who competes with energy. Uses length to contest shots and disrupt passing lanes (1.4 SPG at Kennesaw State). Fits Pat Kelsey’s pressure ethos with his activity and anticipation. Needs added strength to defend bigger ACC wings and maintain physicality through screens.,"Current Drift:
A confident scoring guard with perimeter touch and two‑way competitiveness.
Potential Drift:
If strength and defensive discipline improve, he trends toward a rotation two‑way guard; if not, he projects as an offensive‑leaning specialist.
Stabilizers:
• Strength development
• Defensive reads
• Turnover control","Jump to ACC physicality is a real test. Needs defensive refinement and added strength to avoid being targeted. Relies heavily on scoring and playmaking — if efficiency dips, role narrows quickly.","Wooley plays with the direct, force‑first style Louisville leans on. His coachability shows in how consistently he applies coaching emphasis on downhill pressure, physicality, and defensive engagement. He doesn’t waste motion, doesn’t overdribble, and plays with a clear understanding of how to generate paint touches.
Defensively, he’s fully bought in. He fights through screens, competes at the point of attack, and brings multiple efforts within a possession. His physicality and intent allow him to guard across the perimeter despite being early in his development curve.
Offensively, he stays in role — attacking gaps, finishing through contact, and keeping the ball moving. His jumper is still developing, but he doesn’t force perimeter creation and plays with discipline relative to his age.
Wooley’s toughness, motor, and willingness to embrace a physical, downhill role make him a highly coachable young guard with real two‑way upside.","Best shots come from downhill drives, pull‑ups, and spot‑up threes. Elite freshman efficiency — 18.8 PPG on 51.2% FG and 42.2% 3PT — suggests translatable touch. Reliable free‑throw shooter (~75%). Finishes through contact with stride length and balance. His play at Louisville has his FG % dropping some through 15 games and his minutes played at about 2/3 (22) what they were at Kennesaw St. so he is scoring 9.6 PPG on 46.7 FG%  and 36.4% for 3. Time will tell if his shooting rate levels with tougher competition.","Closest Echo: Rodney Stuckey — downhill scoring guard with strength and slashing value.
Tim Hardaway Jr. — perimeter shooting + scoring versatility.
Kerry Kittles — long scoring guard with two‑way flashes.
Jason Terry — pace control and confident shot‑making"
100,Alvaro Folguerias,21,Bronze,"6'10""",230,SF,6'10,Iowa,,ModalKey-Folguerias,"Spanish forward with size, mobility, and legitimate perimeter shooting. Early production at Iowa shows efficiency, feel, and versatility. Bronze tier reflects developmental status in the Big Ten with upside tied to strength and defensive growth.","Alvaro Folguerias is a skilled, mobile frontcourt piece who gives Iowa a blend of touch, feel, and interior activity. His game is built on coordination and timing rather than brute force, and he fits the Hawkeyes’ preference for bigs who can pass, move, and operate comfortably in a spaced floor. He plays with a calm, composed style — rarely rushed, rarely off‑balance — and he understands how to make himself available within the flow of the offense.

His offensive value starts with his finishing and touch. He’s a smooth mover who rolls with purpose, uses angles well, and converts around the rim with soft hands. He’s comfortable catching on the move, operating out of short rolls, and making the simple read when help arrives. The jumper is still developing, but the mechanics are clean enough to project eventual pick‑and‑pop viability. He doesn’t force creation; he scores efficiently by cutting, sealing, and playing off guards who draw attention.

Defensively, Folguerias brings mobility and awareness. He moves his feet well for his size, shows discipline in ball‑screen coverage, and uses his length to contest without fouling. His instincts as a help defender are promising — he rotates early, challenges at the rim, and recovers with balance. As he adds strength, he projects as a big who can guard in space in short stretches while still providing reliable interior presence.

Long‑term, Folguerias profiles as a modern, skilled big — touch, mobility, feel, and the ability to operate within a system that values spacing and decision‑making. His game scales because it’s built on technique and awareness rather than heavy post usage or raw athleticism, making him a natural fit for Iowa’s style and a quietly intriguing developmental piece.
","Name: Alvaro Folguerias
Badge Tier: Bronze
Team: Iowa
Height/Weight: 6'10, 220 lbs
Wingspan: 6'10
","Thrives in pace‑and‑space systems where he can stretch the floor, attack closeouts, and make secondary reads. Understands spacing and plays within structure. Doesn’t require high usage to impact winning.",,"Uses length and anticipation to contest shots and rebound. Averaging 3.8 RPG and showing consistent activity. Awareness in rotations is solid, but vertical pop is limited. Needs added strength to defend NBA‑level bigs.","Current Drift:
A skilled stretch forward with feel and shooting touch.
Potential Drift:
If strength and rim protection improve, he trends toward a rotation stretch‑big; if not, he projects as a specialist shooter.
Stabilizers:
• Strength
• Defensive positioning
• Shooting volume","Lacks ideal strength and explosiveness. Defensive translation at NBA level is uncertain. Without growth in rim protection and physicality, risks narrowing to a stretch‑big specialist.","Folguerias plays with the poise and feel that fit Iowa’s spacing‑heavy, decision‑driven system. His coachability shows in how consistently he applies coaching emphasis on ball movement, floor spacing, and efficient shot selection. He doesn’t force creation, plays within structure, and uses his mobility and touch to generate clean looks.
Defensively, he competes with intent. He rotates on time, uses his length to contest, and shows improving physicality as he adjusts to Big Ten play. His ability to stay connected and avoid unnecessary fouls reflects strong film‑to‑floor translation.
Offensively, he stays in role — pick‑and‑pop spacing, clean catch‑and‑shoot mechanics, and simple reads off the bounce. He doesn’t drift into low‑value attempts and plays with a mature sense of efficiency.
Folguerias’ feel, mobility, and willingness to stay within structure make him a highly coachable modern forward with developmental upside.","Elite efficiency: 57.8 FG% and 45.9 3P% through 13 games. Quick release and confidence from deep. Crafty interior scorer with touch, though not an explosive finisher.
","Closest Echo: Robert Horry — floor‑spacing, clutch shooting, versatile frontcourt presence.
Boris Diaw — size + feel + playmaking versatility.
Nemanja Bjelica — stretch‑big shooting and mobility.
"
101,Mouhammad Faye,19,Bronze,6'10,215,C,"7'1""","Pallacanestro Reggio Emilia (Italy, LBA",,ModalKey-Faye,"Long, mobile Senegalese forward now playing rotation minutes for Paris Basketball in France’s top league. Brings length, defensive activity, and efficient interior scoring. Bronze tier reflects developmental status with upside tied to strength, foul discipline, and expanded offensive range.
","Mouhammad Faye is a long, fluid, high‑activity forward whose game gives Pallacanestro Reggio Emilia a versatile, modern frontcourt presence. He plays with real mobility for his size — light feet, easy elevation, and the ability to cover ground in a way that immediately shows up on both ends. His style is energetic but controlled. He doesn’t force creation, but he consistently inserts himself into winning plays.

Offensively, Faye’s value starts with movement and touch. He’s a clean rim runner who sprints the floor, dives hard out of screens, and finishes with coordination around the basket. His length gives him a natural catch radius, and he’s comfortable finishing on the move or off quick slips. The jumper is still stabilizing, but the mechanics are workable, and he’s shown flashes of confidence from the mid‑range and corners. He plays well within structure — cutting, relocating, and making simple connective passes that keep the offense flowing.

Defensively, Faye brings the traits European coaches covet. He’s long, mobile, and competitive in space, able to slide with wings and still recover to challenge at the rim. His instincts as a help defender are ahead of schedule — he rotates early, contests vertically, and uses his length to disrupt passing lanes. As he continues to add strength, he projects as a switch‑capable forward who can guard across the 3–4 spectrum and anchor small‑ball lineups with his activity.

Long‑term, Faye profiles as a modern, two‑way forward — mobility, defensive range, cutting, and efficient play‑finishing. His game scales because it’s built on energy, length, and versatility rather than isolation scoring or heavy usage. Reggio Emilia gives him a strong developmental environment to sharpen those tools and grow into a reliable, impactful contributor.
","Name: Mouhamed Faye
Badge Tier: Bronze
Team: Paris Basketball (France) / Formerly Pallacanestro Reggiana
Height/Weight: 6'9, 210 lbs
Wingspan: 7'1
","Thrives as a rim runner and vertical finisher. Moves well in transition and understands how to occupy dunker‑spot space. Still developing timing in short‑roll reads and high‑post actions, but consistently finds efficient looks around the rim.
",,Uses length and timing to alter shots — averaging 0.9 blocks per game in France. Lateral mobility allows him to hedge ball screens and recover. Still refining rotations and foul discipline (2.8 fouls per game). Rebounds well for his role (5.6 RPG).,"Current Drift:
A mobile rim‑protecting forward with defensive range and interior efficiency.
Potential Drift:
If strength and shooting improve, he trends toward a switchable two‑way forward; if not, he projects as a rim‑protecting specialist.
Stabilizers:
• Foul discipline
• Strength
• Perimeter touch","Still raw offensively with limited self‑creation. Foul rate is high. Needs strength to defend EuroLeague‑caliber bigs. Without growth in shooting and physicality, risks narrowing to a defensive specialist.","Faye plays with the mobility and defensive activity that translate well in European structure. His coachability shows in how consistently he applies coaching emphasis on rim running, interior finishing, and defensive engagement. He stays within role, plays with real energy, and doesn’t chase creation.
Defensively, he’s active and disruptive. He uses his length to contest, rotates with purpose, and brings multiple efforts in ball‑screen coverage. His foul discipline is still developing, but his intent and motor are strong indicators of coachability.
Offensively, he keeps possessions stable — simple finishes, clean rolls, and efficient interior scoring. He doesn’t force perimeter attempts and plays with discipline relative to his age.
Faye’s length, mobility, and willingness to embrace a high‑activity role make him a coachable developmental big with upward mobility.","Efficient interior scorer — 61% FG on 2.4 makes per game. Reliable lob target and finisher. Limited shooting range, though free‑throw touch (53% FT) suggests workable mechanics. Midrange flashes exist but are not yet consistent.
","Closest Echo: Larry Sanders — length, rim protection, mobility.
Jerami Grant (scaled) — defensive versatility + emerging shooting.

Luc Mbah a Moute — defensive forward with length and activity."
102,Johann Grunloh,20,Silver,"6'10""",238,C,"7'0""","Virginia (freshman, ex‑Rasta Vechta)",,ModalKey-Grunloh,"Rim‑protecting big who brings length, mobility, and defensive activity to Virginia’s frontcourt. Freshman center with real ACC minutes, showing shot‑blocking instincts and play‑finishing value.
Played in Germany's youth system.","Johann Grunloh is a long, mobile interior defender whose game is built on timing, rim protection, and the ability to anchor possessions without needing offensive volume. At Virginia he fits the exact type of frontcourt piece Tony Bennett’s system maximizes — disciplined, vertical, and committed to doing the hard, unglamorous work that keeps a defense stable. His length and instincts stand out immediately. He reads drives early, rotates on time, and has the timing to contest without fouling.
His offensive value is simple and efficient. He’s a play‑finisher — screens with force, dives hard, and converts what’s created for him. He runs the floor, rebounds in traffic, and generates second‑chance points through effort. He’s not asked to create his own looks, but he doesn’t need to; his role is built on reliability, physicality, and staying within structure. The touch is workable, and as his strength develops, he projects as a more consistent finisher through contact.
Defensively, Grunloh is the centerpiece of his projection. He has the mobility to guard in space for a big, the length to bother shots at the rim, and the discipline to stay vertical. He communicates, rotates early, and rarely takes himself out of a play. His ability to anchor the back line, clean up mistakes, and make multiple efforts in a single possession gives Virginia a stabilizing presence inside.
Long‑term, Grunloh profiles as a modern defensive big — rim protection, mobility, effort, and enough offensive utility to stay on the floor in high‑leverage lineups. His game translates because it’s built on tools, timing, and defensive reliability rather than touches or usage.","Name: Johann Grunloh
Badge Tier: Bronze
Team: Virginia/Ratiopharm Ulm (Germany)
Height/Weight: 6'10, 220 lbs
Wingspan: 7'1
","Understands how to operate within UVA’s disciplined half‑court offense. Positions well as a screener and roller, staying available as a vertical target and cleaning up second‑chance opportunities. Still developing timing on dives and short‑roll decisions, but shows improving awareness and coordination for a young 7‑footer.",,"Shows real shot‑blocking instincts (2.6 BPG!! at UVA), using length and timing to contest at the rim. Comfortable in drop coverage and improving as a hedger in UVA’s ball‑screen schemes. Still lean and can be moved by stronger ACC bigs, but defensive mobility and anticipation are clear strengths. Rotational discipline continues to sharpen with reps.","Current Drift:
A mobile rim‑protecting center with length, timing, and play‑finishing value.
Potential Drift:
If strength and footwork improve, he trends toward a modern defensive anchor; if not, he projects as a specialist rim protector with limited offensive range.
Stabilizers:
• Defensive footwork
• Strength development
• Rim‑protection timing","Strength and physicality remain swing factors for rebounding and post defense. Offensive game is raw beyond finishing, and shooting development is still theoretical. Without growth, risks narrowing to a low‑usage defensive specialist.","Grunloh has adapted quickly to Virginia’s defensive structure, showing strong buy‑in to positioning, verticality, and multiple‑effort rim protection. His coachability shows in how consistently he executes coverage rules — staying disciplined in drop, contesting without reaching, and using his length to influence shots at the rim. He plays within scheme, doesn’t chase blocks, and applies coaching emphasis on timing with real maturity for a first‑year ACC big.
Offensively, he stays firmly inside his role. He screens with intent, finishes plays without hesitation, and avoids overhandling. His German development background shows in his fundamentals — he runs the floor, plays off two feet, and rarely drifts outside structure. He understands what he is and doesn’t try to play beyond it.
Physically, he’s still building strength and contact balance, but his willingness to absorb feedback and apply it possession to possession gives him a stable developmental arc as a defensive‑first center who can anchor actions without needing usage.
","Best shots come from rolls, seals, and putbacks. Finishes efficiently when fed in advantage situations. Limited perimeter shooting at present, though touch indicators suggest long‑term potential. Shot quality declines when forced into contested post attempts or rushed finishes through contact.
","Closest Echo: Jakob Pöltl — rim protection, mobility, and rebounding.
Daniel Theis — defensive toughness and complementary offense.
Isaiah Hartenstein — developmental path toward rotational big with energy and feel.
Tibor Pleiß — length‑based rim protection with European fundamentals."
103,Magoon Gwath,20,Bronze,"6'8""",215,PF/C,6'10,San Diego State,,ModalKey-Gwath,"Long, mobile South Sudanese forward with defensive activity, transition value, and emerging face‑up skill. Developmental prospect with real physical tools and upside if strength and offensive polish progress.
","Magoon Gwath is a long, mobile, high‑motor forward whose game fits San Diego State’s identity almost perfectly — physical, disruptive, and built on effort that shows up possession after possession. He brings the kind of rangy athleticism and defensive versatility the Aztecs have weaponized for years. His style is direct and energetic. He covers ground quickly, plays above the rim, and impacts the game even when he isn’t getting touches.
His offensive value starts with movement and activity. He’s a decisive rim runner who sprints the floor, dives hard out of screens, and finishes with length and coordination. In the half court he thrives as a cutter — slipping behind defenders, attacking open space, and converting plays created by others. The jumper is still developing, but the mechanics are workable, and he’s shown enough touch to project into a reliable spot‑up option over time. He doesn’t force creation; he plays within structure and generates efficient looks through timing and energy.
Defensively, Gwath brings the traits SDSU demands. He’s long, switchable, and competitive at the point of attack. He slides well with wings, recovers quickly when beaten, and uses his length to contest shots without fouling. His instincts as a help defender are promising — he rotates early, challenges at the rim, and makes multiple efforts when plays extend. As he adds strength, he projects as a forward who can guard across the 3–4 spectrum and anchor small‑ball lineups with his activity.
Long‑term, Gwath profiles as a modern, high‑activity forward — defensive range, transition value, cutting, and efficient play‑finishing. His game scales because it’s built on mobility, effort, and versatility rather than isolation scoring or heavy usage. San Diego State gives him the perfect environment to sharpen those tools and grow into a reliable two‑way contributor.","Name: Magoon Gwath
Badge Tier: Bronze
Team: South Sudan National Team / Developmental
Height/Weight: 6'8, 210 lbs
Wingspan: 6'10

","Thrives in transition where his mobility and stride length create easy scoring chances. Shows flashes as a cutter and rim runner, finding open space behind collapsing defenses. Still learning half‑court timing and screening angles, but consistently generates value through movement and energy.",,Excellent weak‑side rim protector with timing and vertical pop. Uses length to alter shots without fouling and covers ground quickly in rotations. Slight frame limits rebounding in traffic and makes him vulnerable to stronger post players. Defensive discipline is still developing.,"Current Drift:
A wiry, mobile rim protector with transition value and emerging face‑up skill.
Potential Drift:
If strength and shooting develop, he trends toward a modern two‑way stretch big; if not, he projects as an energy big with defensive utility.
Stabilizers:
• Strength development
• Defensive discipline
• Shooting mechanics","Lean frame limits post defense and physical rebounding. Bites on fakes and can be over‑aggressive in contests. Offensive polish is still raw. Without added strength and refinement, risks narrowing to an energy‑only role.
","Gwath plays with the activity and defensive engagement that fit San Diego State’s identity. His coachability shows in how consistently he executes effort‑based responsibilities — running the floor, contesting shots, rebounding in traffic, and staying active in ball‑screen coverage. He embraces physicality and brings multiple efforts on every possession.
Defensively, he’s fully aligned with scheme. He uses his length to bother actions, rotates early, and competes across positions. His discipline is still developing, but his intent and motor are strong indicators of coachability.
Offensively, he stays within role — transition finishing, simple face‑up actions, and clean decisions around the rim. He doesn’t chase creation and plays to his strengths.
Gwath’s tools, motor, and willingness to embrace a role give him a clear developmental arc as a high‑activity frontcourt piece.","Best shots come from rim runs, lobs, and straight‑line drives. Developing face‑up jumper with a high release point and clean mechanics. Still building confidence from three and mid‑range. Less effective when forced into physical finishes or contested post‑ups.
","Closest Echo: Josh Richardson (early career) — two‑way guard with athletic slashing and emerging shooting.
Hamidou Diallo — athletic finisher with defensive activity.
Courtney Lee — disciplined two‑way guard with complementary scoring.
Rodney Stuckey — rotational scoring guard with downhill pressure.
"
104,Kaleb Banks,21,Bronze,"6'8""",210,SF/PF,"6'10""",Depaul,,ModalKey-Banks,"Athletic forward who brings slashing, rebounding, and defensive versatility to DePaul after a productive season at Tulane. Bronze tier reflects developmental status with upside tied to perimeter consistency and defensive refinement","Kaleb Banks is a rangy, athletic forward who gives DePaul a much‑needed dose of energy, defensive versatility, and downhill pressure. His game is built on movement and activity — he covers ground quickly, plays above the rim, and has the kind of physical tools that immediately translate even when the offense isn’t running through him. There’s a natural fluidity to how he moves. He changes ends fast, slips into open space, and impacts possessions simply by staying engaged.

Offensively, Banks brings value as a slasher and play‑finisher. He’s decisive attacking closeouts, uses his length to extend around contests, and finishes well when he gets a clean runway. He thrives in transition, where his speed and stride length become real weapons. In the half court he’s at his best cutting, crashing the offensive glass, and playing off guards who draw attention. The jumper is still stabilizing — the mechanics are serviceable, but consistency is the swing skill that determines how high his ceiling goes. When he keeps his decisions simple, he’s efficient and disruptive.

Defensively, Banks has the tools to be a real asset. He’s long, mobile, and competitive at the point of attack, able to slide with wings and still recover to challenge at the rim. His instincts as a help defender are promising — he rotates early, uses his length to bother drives, and makes multiple efforts when plays extend. As he continues to add strength and discipline, he projects as a switch‑capable forward who can guard across the 2–4 range.

Long‑term, Banks profiles as a modern, high‑activity wing/forward — defensive range, transition value, cutting, and the kind of athletic fluidity that scales in almost any system. His pathway is built on energy, versatility, and play‑finishing rather than heavy creation, and DePaul gives him a platform to sharpen those tools and carve out a consistent two‑way role.
","Name: Kaleb Banks
Badge Tier: Bronze
Team: DePaul
Height/Weight: 6'8, 215 lbs
Wingspan: 6'10

","Thrives in uptempo play where he can attack closeouts, run the floor, and finish through contact. Understands spacing as a secondary scorer and cutter. Still developing half‑court reads and off‑ball relocation.
",,"Uses length and mobility to guard multiple positions. At Tulane, averaged 6.7 RPG and 1.3 BPG in 2024–25. At DePaul, showing similar activity (3.5 RPG, 0.5 BPG). Needs quicker lateral reactions against smaller wings and improved rotational discipline.","Current Drift:
An athletic forward with slashing value and defensive tools.
Potential Drift:
If shooting stabilizes, he trends toward a rotation two‑way forward; if not, he projects as an energy‑driven slasher.
Stabilizers:
• Perimeter shooting
• Defensive footwork
• Strength","Relies heavily on athleticism and slashing. Needs improved perimeter consistency and defensive discipline. Without growth, risks narrowing to a rotation forward rather than a full‑time starter.","Banks plays with the activity and versatility that DePaul leans on in its frontcourt. His coachability shows in how consistently he applies coaching emphasis on slashing, rebounding, and defensive engagement. He doesn’t chase usage, stays within structure, and impacts possessions through movement and energy.
Defensively, he’s fully engaged. He uses his length to guard across positions, rotates with purpose, and competes through screens. His ability to stay active off the ball and bring multiple efforts reflects strong film‑to‑floor translation.
Offensively, he keeps things simple — attacking closeouts, finishing plays, and making clean decisions. His perimeter consistency is still developing, but he doesn’t drift into low‑value attempts and remains disciplined in his role.
Banks’ motor, versatility, and willingness to embrace a connective role make him a highly coachable forward with upward mobility.",Efficient scorer with workable perimeter touch. Shooting 37.2% from three at DePaul. Finishes through contact and has midrange flashes. Tulane efficiency (50.6 FG%) shows scalable scoring when used properly.,"Closest Echo: Dorell Wright — athletic forward with perimeter flashes.
Tobias Harris (scaled) — polished scoring + positional versatility.
Corey Brewer — slashing wing with defensive activity.
Richard Jefferson — athletic scoring forward archetype.
"
105,Malik Dia,22,Bronze,"6'9""",235,PF,"6'11""",Ole Miss,,ModalKey-Dia,"Physical, athletic forward with scoring touch, rebounding presence, and flashes of stretch‑4 potential. Productive across multiple stops (Vanderbilt → Belmont → Ole Miss) and now a key SEC contributor. Bronze tier reflects rotation‑ready size and scoring with upside tied to perimeter consistency and defensive refinement.","Malik Dia is a strong, physical frontcourt scorer who gives Ole Miss a dependable interior option and a matchup piece when he’s decisive. His game is built around force, touch, and straight‑line power rather than versatility or perimeter polish. When he plays through his strengths — sealing deep, finishing through contact, and attacking mismatches — he’s a real problem. When he drifts into face‑up creation, the efficiency drops.
Offensively, Dia is most effective as a finisher and power driver. He establishes position early, uses his frame to carve out space, and has enough touch to convert through traffic. He can put the ball on the floor in simple straight‑line situations, but he’s not someone you want operating in tight spaces or making layered reads. The jumper is workable but not a weapon; defenses will test it until he proves he can hit it consistently. His best possessions come from quick decisions — duck‑ins, hard rolls, second‑chance finishes, and using his strength to punish smaller defenders.
Defensively, Dia competes but is still learning the finer points. He has the size to hold his ground in the post and the mobility to stay attached in basic switches, but he can be late on rotations and doesn’t consistently impact shots at the rim. His value comes from physicality and effort, not scheme versatility. When he stays disciplined and plays within the coverage, he’s solid; when he chases blocks or overextends, breakdowns follow.
Long‑term, Dia projects as a productive college big with a defined role built around strength, finishing, and energy. He doesn’t have the perimeter skill or defensive range that typically pushes players into NBA conversations, but he can be a reliable SEC frontcourt piece who scores efficiently, competes on the glass, and gives Ole Miss a physical presence inside.
","Name: Malik Dia
Badge Tier: Bronze
Team: Ole Miss
Height/Weight: 6'9, 220 lbs
Wingspan: 6'11
","Thrives in spacing systems where he can attack closeouts, finish inside, and operate as a stretch‑4 or small‑ball 5. Understands how to find scoring windows without needing high usage. Comfortable in early offense and as a trailer who can flow into pick‑and‑pop or face‑up actions.",,"Uses length and strength to contest shots and rebound. Strong enough to hold ground in the post and provide secondary rim protection. Rotational discipline and lateral mobility remain developmental needs, especially when guarding smaller wings or defending in space.","Current Drift:
A physical scoring forward with rebounding value and stretch potential.
Potential Drift:
If shooting stabilizes and defensive reads improve, he trends toward a rotation stretch‑4; if not, he projects as an energy forward with scoring flashes.
Stabilizers:
• Three‑point efficiency
• Defensive footwork
• Strength and conditioning","Three‑point shooting remains inconsistent. Defensive mobility limits switchability. Can drift into tough shot selection when over‑extended. Without growth in efficiency and defensive discipline, risks narrowing to a bench scorer rather than a full‑time rotation forward.","Dia plays with the physicality and scoring touch that Ole Miss relies on in its frontcourt. His coachability shows in how consistently he executes effort‑based responsibilities — rebounding, screening, rim pressure, and interior finishing. He stays within role and brings a stabilizing presence through strength and activity.
Defensively, he competes with intent. He uses his frame to absorb contact, rotates with purpose, and shows improving discipline in ball‑screen coverage. His ability to stay engaged and avoid unnecessary fouls reflects strong film‑to‑floor translation.
Offensively, he keeps possessions stable — touch finishes, simple face‑ups, and clean decisions. His perimeter consistency is still developing, but he doesn’t force creation and plays to his strengths.
Dia’s size, motor, and willingness to embrace a physical role make him a coachable, rotation‑ready forward with developmental upside.","Reliable interior finisher with touch. Comfortable spotting up, attacking closeouts, and scoring through contact. Midrange flashes are promising. Three‑point shot is mechanically sound but streaky — stabilizing this is the swing skill for unlocking stretch‑4 value.","Closest Echo: Marvin Williams — size, scoring touch, and versatile forward play.
Tobias Harris — polished scoring forward with midrange craft and spot‑up reliability.
Kyle Kuzma — confident scoring forward with slashing and shooting flashes.
Quincy Acy — energy forward with toughness and rebounding presence."
106,Jaron Pierre Jr.,23,Bronze,"6'5""",190,SG,"6'7""",SMU,,ModalKey-Pierre Jr.,"Explosive scoring wing with deep‑range confidence, athleticism, and microwave scoring ability. Veteran guard who has produced at multiple stops and now brings instant offense to SMU’s rotation. Bronze tier reflects scoring value with upside tied to efficiency, shot selection, and defensive discipline","Jaron Pierre Jr. is a long, confident scoring guard who gives SMU a volatility piece — someone who can swing a game with shot‑making when he’s on, but whose efficiency and decision‑making can fluctuate from night to night. His value comes from his ability to create and hit tough shots, not from structure or reliability.
Offensively, Pierre is a rhythm scorer first. He’s comfortable pulling up off the dribble, especially when he gets into his left‑right rhythm, and he has the range to force defenders to extend. When he’s feeling it, he can stack points quickly. When he’s not, the shot selection can drift into contested jumpers early in the clock. He can attack closeouts with long strides, but he’s not a natural playmaker — the reads are simple, and he’s more likely to hunt his own look than create for others. His best possessions come when he plays off movement, takes clean catch‑and‑shoots, and picks his spots instead of trying to carry possessions.
Defensively, Pierre has the tools but not the consistency. His length helps him contest shots and bother smaller guards, and he moves well enough to stay attached when he’s locked in. The issue is engagement — he can drift off the ball, lose track of cutters, or die on screens when his focus dips. When he’s active, he looks like a real two‑way piece; when he’s not, he blends into the background.
Long‑term, Pierre projects as a streak‑scoring college guard whose length and shot‑making give him a defined role, but whose inconsistency keeps him out of serious pro conversations. If the shot selection tightens and the defensive effort stabilizes, he becomes a more dependable rotation piece. If not, he remains a high‑variance scorer who can change a game in either direction.","Name: Jaron Pierre Jr.
Badge Tier: Bronze
Team: SMU
Height/Weight: 6'5, 185 lbs
Wingspan: 6'7

","Thrives in pace‑and‑space environments where he can attack quickly, pull up off the dribble, and operate as a secondary handler. Finds rhythm shots early in possessions and leverages athleticism to pressure defenses. Still refining pacing and decision‑making in structured half‑court sets.",,Uses length and athleticism to guard both backcourt spots. Active in passing lanes and capable of contesting shots with vertical pop. Rebounds well for his position and competes physically. Needs improved rotational discipline and consistency to avoid being targeted by stronger wings.,"Current Drift:
A streak‑scoring wing with athleticism and perimeter range.
Potential Drift:
If efficiency stabilizes and defensive reads improve, he trends toward a rotation scoring guard; if not, he projects as a bench microwave.
Stabilizers:
• Shot selection
• Defensive discipline
• Playmaking reads",Shot diet can tilt toward difficult attempts. Three‑point efficiency is volatile. Defensive lapses limit trust in high‑leverage minutes. Must tighten decision‑making and improve consistency to avoid narrowing to a one‑dimensional scorer.,"Pierre plays with the confidence and scoring aggression of a veteran guard who understands how to generate offense without disrupting structure. His coachability shows in how consistently he applies coaching emphasis on shot selection, movement shooting, and downhill pressure. He brings instant offense while staying within the team’s rhythm.
Defensively, he competes with intent. He uses his length to stay attached, rotates with purpose, and brings enough physicality to guard across the perimeter. His discipline is still tightening, but his effort and engagement are strong indicators of coachability.
Offensively, he stays in role — catch‑and‑shoot spacing, decisive attacks, and clean footwork into pull‑ups. His efficiency is the swing skill, but he doesn’t drift into reckless creation and maintains possession value.
Pierre’s athleticism, shooting confidence, and competitive edge make him a coachable scoring guard with clear rotation utility.",Prolific scorer with deep range and confidence. Comfortable pulling up off the dribble or spotting up. Finishes through contact and can generate his own offense in late‑clock situations. Streaky but dangerous when hot — shot selection and efficiency are the swing factors.,"Closest Echo: Eddie House — instant offense and streak scoring.
Lou Williams — sixth‑man creation and foul‑drawing craft.
Gerald Green — athletic scoring wing with vertical pop.
Ben Gordon — confident perimeter shot‑maker with microwave bursts"
107,Baba Miller,21,Bronze,"6'11""",220,PF,"7'2""",Cincinatti,,ModalKey-Miller,"Long, mobile Spanish forward with real defensive impact and improved efficiency at Cincinnati. Averaging a double‑double (12.7 & 10.9) with strong activity and rim protection. Bronze tier reflects developmental status with upside tied to strength, shooting consistency, and decision‑making.","Baba Miller is a long, mobile forward who gives Cincinnati a developmental piece with real physical tools but an inconsistent game. His length and movement stand out immediately — he covers ground well, runs the floor, and has the frame teams want in a modern 4 — but the production hasn’t caught up to the flashes. He’s more of a traits‑based projection than a night‑to‑night impact player.
Offensively, Miller is a slasher and play‑finisher, not a creator. He can attack a tilted floor with long strides, finish when he gets a clean angle, and make simple connecting passes. But the handle is loose, and he struggles to create separation against set defenses. The jumper remains a swing skill — the mechanics look fine, but the confidence and consistency aren’t there, which limits how teams guard him. His best possessions come from transition, cuts, and opportunistic drives rather than anything self‑generated.
Defensively, Miller has the tools to matter but the discipline is still developing. His length helps him contest shots and recover when beaten, and he moves well enough to guard wings in space. The issues are strength and positioning — he can get displaced by physical forwards, arrive late on rotations, or lose track of his assignment off the ball. When he’s locked in, he looks like a real defensive piece; when he’s not, the gaps show quickly.
Long‑term, Miller projects as a multi‑year development swing whose pathway depends on the jumper stabilizing, the frame filling out, and the defensive consistency improving. The tools are real — size, mobility, length — but he’s far from NBA conversations until the skill and reliability catch up. For now, he’s a long‑view investment who can give Cincinnati energy minutes while he works toward becoming a more complete forward.","Name: Baba Miller
Badge Tier: Bronze
Team: Cincinnati
Height/Weight: 6'11, 205 lbs
Wingspan: 7'2

","Thrives in pace‑and‑space systems where he can run the floor, attack closeouts, and operate as a stretch‑4. Uses length to finish and shows comfort flowing into spot‑ups and face‑ups. Still refining timing and reads in structured half‑court actions.",,"Elite activity: 10.9 RPG, 1.4 BPG, 1.1 SPG.
Switchable at 6'11 with mobility to guard wings and contest shots. Still developing physicality, box‑outs, and rotational discipline.","Current Drift:
Long, mobile stretch‑forward with defensive versatility.
Potential Drift:
If strength + shooting stabilize → rotation stretch‑4.
If not → perimeter‑leaning specialist.
Stabilizers:
• Strength
• Defensive discipline
• 3PT consistency",Three‑point shooting is extremely low (11.1%). Strength limits interior defense. Efficiency swings game‑to‑game. Needs to reduce turnovers (2.1 per game).,"Miller plays with the mobility and defensive activity that Cincinnati leans on in its frontcourt. His coachability shows in how consistently he applies coaching emphasis on rim protection, rebounding, and transition engagement. He stays within role, doesn’t chase creation, and impacts possessions through length, movement, and energy.
Defensively, he’s fully bought in. He uses his size to contest, rotates early, and brings multiple efforts around the rim. His ability to guard in space and recover reflects strong film‑to‑floor translation.
Offensively, he keeps things simple — cuts, finishes, and opportunistic drives. His shooting consistency is still stabilizing, but he doesn’t drift into low‑value attempts and plays with discipline relative to his usage.
Miller’s length, mobility, and willingness to embrace a defensive‑first role make him a coachable, upward‑trending forward.","Efficient inside (58.1 FG%) but streaky from deep. Finishes well around the rim and flashes midrange touch. Free‑throw inconsistency (57.8%) limits shooting projection.
","Closest Echo: Nicolas Batum — length, defensive versatility, connective passing.
Franz Wagner (scaled) — tall wing scoring + feel.
Jonathan Isaac — rangy defender with perimeter flashes.
Andrei Kirilenko — mobile, instinctive forward."
108,Nate Bittle,22,Bronze,"7'0""",240,C,"7'3""",Oregon,,ModalKey-Bittle,"Veteran stretch‑5 with rim protection, rebounding, and legitimate perimeter shooting. One of Oregon’s most productive players, averaging 17 & 7 with strong shot‑blocking. Bronze tier reflects rotation value with upside tied to mobility and strength","Nate Bittle is a long, mobile big who gives Oregon a frontcourt piece with real shot‑altering potential and workable touch, but whose impact swings with consistency and physicality. His length and timing show up immediately — he can bother shots and finish plays — but he’s still figuring out how to turn tools into steady production.
Offensively, Bittle is a pick‑and‑pop and play‑finishing big. He has clean mechanics for his size and enough touch to punish soft coverage, but he’s not a high‑volume shooter and defenses will live with the jumper until he proves it over a larger sample. As a roller, he can finish when he gets a clean catch, but he struggles when the play gets physical. He’s not a creator — the handle is limited, and he’s best when he keeps decisions simple: slip, pop, finish, swing. When he stays within that lane, he helps Oregon’s spacing and flow.
Defensively, Bittle’s value comes from length and timing, not strength. He can block shots and alter drives when he’s in position, and he moves well enough to show on ball screens in short stretches. The issues are physicality and discipline — stronger bigs can move him off spots, and he can be late on rotations or chase blocks he can’t get to. When he plays controlled and anchors within the scheme, he looks like a real defensive piece; when he freelances, the structure breaks.
Long‑term, Bittle projects as a skilled college big whose shooting touch and rim protection give him a defined role, but whose frame and consistency limit his pro outlook. If the strength and discipline come along, he becomes a more reliable two‑way presence. If not, he remains a tools‑and‑touch big who flashes impact without fully stabilizing it.","Name: Nate Bittle
Badge Tier: Bronze
Team: Oregon
Height/Weight: 6'11, 220 lbs
Wingspan: 7'3

","Thrives in structured half‑court sets: screen‑and‑pop, trail threes, and short‑roll playmaking. Understands spacing and can operate as either the lone big or alongside a forward.",,"Career shot‑blocker: 2.4 BPG this season.
Uses length and timing to contest vertically. Needs improved lateral agility to defend quicker bigs and survive switches.","Stretch‑5 with rim protection and interior touch.
Potential Drift:
If mobility improves → rotation two‑way big.
If not → situational stretch‑center.
Stabilizers:
• Shooting consistency
• Strength
• Defensive footwork",Frame is still lean for NBA centers. Lateral quickness limits defensive versatility. Turnovers (2.2 per game) can spike in high‑usage games.,"Bittle’s coachability shows up in how he adapts to whatever Oregon needs on a given night. Some bigs need structure to stay engaged — he’s the opposite. He toggles between roles without losing efficiency: one game he’s spacing the floor and dragging a rim protector out of the paint, the next he’s anchoring the defense and cleaning up possessions with verticality.
He’s receptive to tactical adjustments. When Oregon shifts coverages, he doesn’t fight the change — he leans into it. He’ll play a deeper drop if the matchup calls for it, then switch onto a wing the next trip and hold his own. That flexibility is a real coachability marker for a 7‑footer.
Offensively, he doesn’t hijack possessions. He’ll take the pick‑and‑pop three when it’s there, but he’s just as willing to slip, short‑roll, or reverse the ball to keep the action flowing. He doesn’t need touches scripted for him to stay locked in.
The growth area is physical consistency — when he plays with force, he looks like a modern stretch‑five who can survive in playoff‑style basketball. When he’s less assertive, he drifts. But the willingness to do the right thing possession to possession is there.
This is a big who listens, adjusts, and plays within the plan — and that’s the core of his coachability.","Legitimate stretch‑big: 36.4% from three on 4.2 attempts per game.
Finishes well inside and is a reliable free‑throw shooter (78.6%).
Three‑point shot is a real swing skill for long‑term value.","Closest Echo: Channing Frye — stretch‑5 shooting + floor spacing.
Brook Lopez (scaled) — rim protection + perimeter touch.
Daniel Gafford — vertical contests and interior defense.
Samuel Dalembert — shot‑blocking center archetype."
109,Mackenzie Mgbako,21,Bronze,"6'8""",220,SF/PF,"6'10""",Texas A & M,,ModalKey-Mgbako,"Former McDonald’s All‑American with perimeter scoring flashes and size. Before his season‑ending foot injury, averaged 10.4 & 4.9 in limited minutes with strong shooting indicators. Bronze tier reflects scoring upside with developmental needs in efficiency and defensive polish.","Mackenzie Mgbako is a strong, confident scoring forward who gives Texas A&M a physical wing‑4 hybrid with real shot‑making ability but an incomplete overall game. His appeal comes from size, touch, and the willingness to take tough shots — not from efficiency or versatility. When he’s decisive and playing downhill, he looks like a real weapon. When he settles, the offense bogs down.
Offensively, Mgbako is a jumper‑first scorer. He has a clean release, gets into his pull‑up comfortably, and can hit contested shots when he’s in rhythm. The problem is shot diet — he leans heavily on tough mid‑range looks and early‑clock jumpers, which drags down his efficiency. He can attack closeouts with power, but he’s not a natural creator; the handle is functional, not dynamic, and he’s not someone you run offense through. His best possessions come from simple actions: spot‑ups, straight‑line drives, quick post seals, and finishing when he gets a size advantage.
Defensively, Mgbako has the frame to hold his ground but the consistency isn’t there yet. He can absorb contact and stay attached to bigger wings, but he struggles with quicker players and can be late on rotations. The tools are workable — strength, size, and enough mobility to survive in basic coverages — but the awareness and discipline need to improve. When he’s locked in, he looks playable; when he’s not, he gives up clean looks.
Long‑term, Mgbako projects as a college scoring forward whose pathway depends on shot selection, defensive engagement, and decision‑making catching up to his physical tools. The talent is real — size, touch, confidence — but he’s far from a polished or high‑floor prospect. If the efficiency and defensive reliability improve, he becomes a more complete piece. If not, he remains a streak‑scoring forward who can help in bursts but doesn’t consistently tilt games.","Name: Mackenzie Mgbako
Badge Tier: Bronze
Team: Texas A&M
Height/Weight: 6'8, 220 lbs
Wingspan: 6'10
","Thrives in pace‑and‑space systems where he can spot up, attack closeouts, and operate as a secondary scorer. Uses size to create mismatches and shows comfort in early‑offense actions.",,"Uses size and length to guard wings and forwards. Averaged 0.6 SPG and 0.1 BPG in limited minutes.
Effort improved at A&M but still prone to lapses in awareness and footwork.
","Current Drift:
Scoring forward with perimeter range and physical tools.
Potential Drift:
If efficiency + defense improve → rotation scoring forward.
If not → streak‑scoring role player.
Stabilizers:
• 3PT consistency
• Defensive awareness
• Shot selection",Efficiency swings game‑to‑game. Defensive lapses limit trust. Injury history adds volatility. Relies heavily on perimeter shooting.,"Mgbako’s coachability shows up in how he trims the game down to the pieces that actually matter. He’s a naturally gifted scorer with the pedigree to demand touches, but he doesn’t play like someone trying to validate a résumé. Before the injury, he was learning how to fit inside a system rather than orbit around it — spacing when the offense needed space, cutting when the defense turned its head, and picking his scoring spots without drifting into “my turn” possessions.
What stands out is how he handled being a complementary piece. A lot of former top‑30 recruits struggle when the ball isn’t theirs; he didn’t. He adjusted his shot diet, played off movement, and leaned into the clean, repeatable actions that keep an offense stable. That willingness to scale down is a real indicator of coachability.
Defensively, he’s still tightening the screws, but he takes instruction. When A&M emphasized angles, he corrected them. When they asked for more physicality at the point of attack, he tried to deliver it. He’s not freelancing or hunting steals — he’s trying to play the coverage the way it’s drawn.
The developmental needs — efficiency, sharper rotations, more consistent physicality — are all teachable. The important part is that he listens, adjusts, and doesn’t fight the role he’s given. That’s the foundation you want in a scoring forward still finding his long‑term shape.","Confident shooter with real touch: 34.3% from three, 88.2% FT.
Comfortable spotting up and attacking closeouts. Needs more consistent mechanics and decision‑making to stabilize efficiency.","Closest Echo: Tayshaun Prince — length, defensive versatility, perimeter scoring.
Otto Porter Jr. — efficient shooting + two‑way polish.
Harrison Barnes — scoring flashes + physicality.
Jeff Green — athletic wing with streaky impact."
110,Dailyn Swain,20,Bronze,"6'8""",225,SG/SF,6'10,Texas,,ModalKey-Swain,"Long, rangy sophomore wing who transferred from Xavier to Texas. Brings length, mobility, and defensive activity with improved scoring aggression in the open floor. Currently producing as a transition‑heavy slashing wing with flashes of secondary playmaking. Bronze tier reflects developmental status with upside tied to shooting consistency, decision‑making, and defensive discipline.","Dailyn Swain is a long, fluid wing who gives Texas a change‑of‑pace piece — someone who can defend multiple spots, move the ball, and create occasional advantages without needing touches. His value right now is more about tools and instincts than polished production. He moves well, covers ground, and has enough feel to stay playable even when the scoring isn’t there.
Offensively, Swain is a connective piece more than a creator. He can attack a tilted floor with long strides, make simple reads, and finish when he gets a clean lane. The handle is functional but loose, and he’s not someone you run offense through. The jumper is the swing skill — the mechanics are fine, but the confidence and consistency aren’t there yet, which limits how defenses guard him. When he plays within himself — cutting, pushing in transition, keeping the ball moving — he helps you. When he tries to do too much, the efficiency drops.
Defensively, he has the traits to matter. His length shows up on closeouts, he can bother smaller guards with his reach, and he recovers well when beaten. He’s still learning the physical side of defending stronger wings, and he can get knocked off spots, but the instincts are real. He reads actions early, rotates on time, and has the kind of rangy coverage that fits Texas’ scheme.
Long‑term, Swain projects as a developmental wing who needs the jumper and strength to come along before he’s a real NBA conversation. The tools are there — size, mobility, feel — but the offensive reliability isn’t. If the shot stabilizes and the frame fills out, he becomes a viable role player archetype. If not, he’s more of a high‑level college utility wing than a pro lock.","Name: Dailyn Swain
Badge Tier: Bronze
Team: Texas
Height/Weight: 6'7, 200 lbs
Wingspan: 6'10

","Thrives in uptempo, movement‑heavy systems where he can attack gaps, run lanes, and pressure the rim. Uses length to finish in transition and shows comfort flowing into straight‑line drives. Still refining timing, pacing, and reads in half‑court actions, especially against set defenses.",,"Uses 6'10 wingspan and mobility to guard wings and forwards. Active in passing lanes with real steal instincts and the ability to push in transition off turnovers. Strong rebounder for his position. Still developing rotational discipline, closeout control, and lateral quickness against smaller guards.","Current Drift:
A long, athletic slashing wing with defensive activity and transition scoring value.
Potential Drift:
If shooting and decision‑making improve → versatile two‑way rotation wing.
If not → energy‑based slashing role player dependent on pace and transition opportunities.
Stabilizers:
• Perimeter shooting consistency
• Defensive awareness
• Rim‑pressure efficiency
• Turnover control",Shooting volatility limits spacing value. Relies heavily on transition scoring and straight‑line drives. Defensive lapses and inconsistent footwork create variance in impact. Needs improved half‑court reads and perimeter efficiency to stabilize long‑term projection.,"Swain approaches possessions like a connector, not a claimant. He isn’t out there trying to carve out a personal lane in the offense — he’s trying to keep the whole thing moving. Texas leans on wings who can stretch the floor vertically and horizontally, and he leans into that responsibility without drifting or demanding touches.
What makes him coachable is how quickly he adjusts to whatever the staff emphasizes. If they want him to push tempo, he runs with purpose. If they want him flattening out to give a handler space, he does it without losing engagement. He plays with an understanding that impact doesn’t always come from the ball.
Defensively, he’s receptive and competitive. Texas asks its wings to cover ground, chase shooters, and stay locked in through multiple actions — he embraces that workload. He’ll take a tough assignment, fight through a screen, and recover when he’s beaten. His mistakes are developmental, not effort‑based.
On offense, he’s learning when to attack and when to move it. He doesn’t hijack possessions, and he doesn’t try to prove he’s a creator on every touch. He plays within the rhythm of the group while still flashing the secondary playmaking that hints at more down the line.
Swain listens, adapts, and competes — the traits that give long, rangy wings a real chance to grow into winning players.","Confident interior finisher with touch around the rim. Comfortable attacking closeouts and scoring in transition. Free‑throw touch suggests workable shooting foundation, though perimeter mechanics remain inconsistent. Efficiency spikes when he plays downhill and avoids contested jumpers.","Trevor Ariza (versatile wing with defensive activity),
Corey Brewer (transition scoring + defensive motor),
Josh Howard (athletic forward with slashing value),
Stacey Augmon (length‑driven defensive profile).
"
111,Tyler Harris,21,Bronze,"6'7""",207,SF/PF,"6'10""",Vanderbilt,,ModalKey-Harris,"Sharpshooting junior wing who transferred from Washington to Vanderbilt. Brings perimeter gravity, length, and scoring efficiency to a fast‑paced system. Previously averaged 11.8 PPG on elite shooting splits at UW, and early Vanderbilt games show continued double‑digit scoring with improved confidence attacking closeouts. Bronze tier reflects developmental status with upside tied to defensive consistency, physicality, and impact against SEC competition.","Tyler Harris is a compact, competitive guard who gives Vanderbilt a steady backcourt piece — someone who can handle pressure, organize possessions, and make enough shots to keep defenses honest. He’s not a high‑ceiling creator, but he plays with purpose, takes care of the ball, and understands how to run a college offense without forcing the issue.
Offensively, Harris is at his best as a facilitator who can punish mistakes. He gets the ball up the floor quickly, initiates cleanly, and makes simple reads out of ball screens. He’s comfortable hitting pocket passes, swinging to the second side, and keeping the offense on schedule. As a scorer, he’s more opportunistic than assertive — catch‑and‑shoot threes, pull‑ups when defenders duck under, and straight‑line drives when the lane opens. He’s not someone who bends a defense, but he doesn’t stall possessions either.
Defensively, Harris competes with real intent. He fights over screens, stays attached to ball‑handlers, and uses his low center of gravity to hold his ground against similarly sized guards. His size limits his switchability, and bigger wings can shoot over him, but he’s disciplined enough to stay playable. He rotates on time, tags rollers, and rarely freelances himself out of position.
Long‑term, Harris projects as a solid college guard whose strengths — decision‑making, steadiness, and competitive defense — keep him in a rotation. He doesn’t have the physical tools or scoring punch that typically translate to NBA conversations, but he’s the kind of reliable backcourt piece who helps stabilize a team’s structure and gives coaches trustable minutes.","Name: Tyler Harris
Badge Tier: Bronze
Team: Vanderbilt
Height/Weight: 6'7, 207 lbs
Wingspan: 6'10
","Thrives in pace‑and‑space systems where he can spot up, attack closeouts, and flow into early‑offense actions. Uses length to finish in transition and shows comfort relocating off the ball. Still refining reads when run off the line and needs improved pacing in half‑court creation.",,"Uses 6'10 wingspan to contest shots and guard wings. Active rebounder with flashes of weak‑side contests and passing‑lane disruption. Still developing rotational discipline, physicality at the point of attack, and consistency guarding stronger forwards.","Current Drift:
A perimeter‑oriented scoring wing with length and shooting gravity.
Potential Drift:
If defensive reads and physicality improve → scalable 3‑and‑D rotation wing.
If not → shooting‑specialist role player reliant on system fit.
Stabilizers:
• Three‑point consistency
• Defensive awareness
• Strength development
• Closeout discipline",Relies heavily on perimeter shooting for offensive value. Defensive lapses and physicality concerns limit trust against SEC wings. Needs improved rebounding consistency and on‑ball defense to stabilize long‑term projection.,"Harris plays like someone who understands the value of being predictable in the right ways. Vanderbilt doesn’t need him freelancing — they need a wing who can stretch the floor, punish late closeouts, and keep the offense organized with simple, reliable decisions. He leans into that without trying to audition for a bigger role.
What separates him is how he handles the physical jump to SEC play. At Washington, he could rely on timing and touch. At Vanderbilt, he’s had to tighten his base, absorb contact, and stay sturdy against bigger wings. Instead of shying away from that shift, he’s embraced it. You can see the adjustments in how he navigates screens, how he closes out under control, and how he competes on the glass.
Offensively, he doesn’t chase heat‑checks or force himself into the action. He reads the floor, relocates with purpose, and takes the shots that come from the system. When defenders run him off the line, he doesn’t turn the possession into chaos — he makes the next pass or gets to a clean two‑dribble finish.
Harris is the kind of wing coaches trust because he doesn’t break structure. He plays with clarity, discipline, and a willingness to do the things that make lineups function.","Elite shooter with deep range and efficient mechanics. Previously shot 49.5% from three and 49.2% overall at Washington. Comfortable spotting up, relocating, and attacking hard closeouts. Early Vanderbilt games show consistent double‑digit scoring and translatable perimeter gravity. Needs to prove volume scalability against elite defenses.","Wesley Person (sharpshooting wing),
Dorian Finney‑Smith (3‑and‑D role utility),
Harrison Barnes (scoring wing trajectory),
Kentavious Caldwell‑Pope (modern 3‑and‑D polish)."
112,Kam Williams,20,Bronze,"6'4""",185,SG/SF,6'10,Kentucky (transfer from Tulane),,ModalKey-KamWilliams,"Long, athletic sophomore wing who transferred from Tulane to Kentucky. Brings length, shooting touch, and energy to a deep rotation. Early minutes show flashes of activity on both ends, with room to grow as he adjusts to SEC physicality. Bronze tier reflects developmental status with upside tied to consistency, strength, and expanded offensive confidence","Kam Williams is a quick, competitive guard who gives Kentucky a change‑of‑pace perimeter piece — someone who can pressure the ball, get downhill in straight lines, and bring energy to a backcourt that needs multiple functional handlers. He’s more of a spark‑plug than a stabilizer, and his impact comes in short, active bursts rather than long stretches of control.
Offensively, Williams is a downhill guard first. He gets into gaps with real speed, forces rotations, and can finish when he gets a clean angle. He’s not a natural organizer — the reads are basic, and he can get sped up — but he moves the ball well enough when he isn’t asked to run full possessions. The jumper is streaky and still searching for consistency; when it’s falling, he opens the floor, but defenses will test him until he proves it. His value comes from pace: pushing in transition, attacking early, and keeping defenses uncomfortable.
Defensively, Williams competes with real intent. He pressures the ball, fights over screens, and uses his quickness to bother smaller guards. His size limits him — bigger wings can shoot over him, and he’s not someone you want switching up the lineup — but he plays with enough edge to stay viable in guard‑heavy matchups. He’s at his best when he’s disruptive without gambling, turning defense into early offense.
Long‑term, Williams projects as a solid college rotation guard whose speed, competitiveness, and downhill pressure give him a defined role. He doesn’t have the size or shooting profile that typically translates to NBA conversations, but he can be a useful SEC guard who changes tempo, defends with energy, and gives Kentucky a reliable burst of pace off the bench.
","Name: Kam Williams
Badge Tier: Bronze
Team: Kentucky
Height/Weight: 6'8, 205 lbs
Wingspan: 6'10
","Excels in uptempo, spacing‑driven systems where he can run lanes, attack closeouts, and operate as a catch‑and‑shoot threat. Shows comfort flowing into transition finishes and spot‑ups. Still refining half‑court timing, especially when pressured into secondary creation.",,"Uses length to pressure passing lanes and contest shots. At Tulane, averaged 4.5 RPG, 1.4 BPG, and 1.1 SPG — strong indicators of defensive activity. At Kentucky, flashed disruptive potential with 9 rebounds and 3 steals in his first start. Still developing strength and physicality to handle SEC forwards consistently.","Current Drift:
A long scoring wing with shooting touch and defensive activity.
Potential Drift:
If strength and defensive reads improve → versatile two‑way rotation wing.
If not → streak‑scoring perimeter specialist.
Stabilizers:
• Three‑point consistency
• Defensive awareness
• Strength development
• On‑ball discipline",Shooting‑dependent offensive profile. Defensive lapses and physicality concerns create variance in impact. Needs improved rebounding consistency and decision‑making to avoid narrowing into a one‑dimensional perimeter role.,"Williams plays like someone trying to earn trust the right way — through effort, not auditions. Kentucky’s rotation is crowded, and instead of forcing his way into possessions, he focuses on the things that translate: running the floor hard, defending with length, and staying active without drifting into chaos. That willingness to contribute without demanding touches is a strong early indicator of coachability.
What the staff seems to value is how quickly he absorbs feedback. If they want him to chase shooters instead of switching, he commits to the route. If they emphasize staying square on drives, he adjusts his stance. He’s not guessing his way through possessions — he’s applying instruction in real time.
Offensively, he’s learning how to blend his tools with the pace of the SEC. He doesn’t overhandle, and he doesn’t try to turn every catch into a self‑creation moment. He runs, cuts, relocates, and takes the clean perimeter looks the system generates. The flashes of shooting touch are real, but he doesn’t let them pull him out of character.
Williams is early in his arc, but he competes, listens, and plays with intent — the traits that give long, athletic wings a real chance to grow into reliable rotation pieces.","Smooth shooter with range and confidence. Shot 41.2% from three and 78.6% FT at Tulane. At Kentucky, hit a buzzer‑beating three vs. Loyola Maryland and showed efficiency (5‑for‑9 FG). Needs to prove consistency against elite SEC defenses and maintain mechanics under pressure.","Rodney Hood (scoring wing with size),
Torrey Craig (versatile defender/shooter),
Dale Ellis (long‑range specialist),
Bruce Bowen (defensive reliability + role scalability)."
113,Richie Saunders,24,Bronze,"6'5""",200,SG,"6'7""",BYU,,ModalKey-Saunders,"Veteran wing at BYU who brings perimeter shooting, energy, and defensive activity to a deep rotation. Known for toughness and efficient scoring spurts, with a game built around spacing, effort, and reliability. Bronze tier reflects developmental status with upside tied to consistency, shot selection, and impact against Big 12 competition.","Richie Sanders is a steady, low‑maintenance wing who gives BYU a reliable connective piece — someone who defends his position, moves the ball, and plays within structure. He’s not a usage guy and he’s not a scorer you run actions for, but he understands how to fit into a system and avoid mistakes. His value comes from discipline, not flash.
Offensively, Sanders keeps things simple. He spaces the floor, cuts with timing, and makes the next pass without overhandling. He’s a catch‑and‑shoot option more than a creator; when he’s set and in rhythm, he can punish soft closeouts, but he’s not bending defenses or generating his own looks. He’ll take what’s there — straight‑line drives, swing‑swing passes, and opportunistic finishes — and he rarely forces low‑percentage shots. He’s the kind of wing who helps an offense function cleanly even if he isn’t putting up numbers.
Defensively, Sanders brings the traits BYU leans on. He competes on the ball, stays attached through actions, and uses his strength to guard up a position when needed. He’s not a disruptive playmaker, but he’s sound: early rotations, clean contests, and no wasted movement. Bigger, more dynamic wings can overwhelm him athletically, but he holds his own against most college matchups and doesn’t give away possessions.
Long‑term, Sanders projects as a solid college role player whose reliability, discipline, and low‑error style keep him in the rotation. He doesn’t have the athletic ceiling or scoring profile that typically leads to pro conversations, but he’s the kind of steady wing who helps winning lineups by doing the small things correctly and staying within his lane.","Name: Richie Saunders
Badge Tier: Bronze
Team: BYU
Height/Weight: 6'5, 200 lbs
Wingspan: 6'7
","Thrives in pace‑and‑space systems where he can spot up, relocate, and attack closeouts. Comfortable operating as an off‑ball mover who flows into catch‑and‑shoot looks and transition lanes. Still refining timing and reads when forced into secondary creation.
",,Active on‑ball defender who competes with energy and uses strength to guard wings and smaller forwards. Shows quick hands and solid positional discipline. Still developing rotational awareness and consistency navigating screens.,"Current Drift:
A tough, efficient wing shooter with defensive activity and role reliability.
Potential Drift:
If defensive reads and shooting volume scale → dependable 3‑and‑D rotation wing.
If not → streak‑scoring role player reliant on system fit.
Stabilizers:
• Three‑point consistency
• Defensive awareness
• Physicality on drives
• Shot selection discipline",Shooting‑dependent offensive profile. Defensive lapses and rotational inconsistency can limit trust. Needs improved rebounding consistency and on‑ball creation to avoid narrowing into a one‑dimensional perimeter role. Alsp he's 24 so his ceiling might not be much higher.,"Saunders plays with the kind of reliability that coaches build lineups around. He doesn’t need the ball to find his rhythm — he finds it through movement, effort, and shot readiness. BYU’s offense thrives on spacing and quick decisions, and he fits that ecosystem because he doesn’t overcomplicate possessions. He knows when to fire, when to swing it, and when to cut behind a distracted defender.
What makes him easy to coach is how consistently he brings the same competitive baseline. Some players fluctuate with touches; he doesn’t. Whether he’s getting three shots or ten, he defends with intent, runs the floor, and stays locked into the game plan. That steadiness is a real separator for a veteran wing.
Defensively, he’s dependable. He takes matchups seriously, doesn’t die on screens, and competes with a level of physicality that forces opponents to work. He’s not chasing steals or highlight blocks — he’s doing the disciplined stuff that keeps a possession intact.
Offensively, his scoring comes in controlled bursts. He doesn’t hunt heat‑checks or drift into low‑value attempts. He reads the moment, picks his spots, and gives BYU exactly what the possession calls for. That ability to toggle between aggression and restraint is a strong coachability signal.
Saunders is the kind of player who elevates a rotation because he’s predictable in the ways coaches trust — effort, spacing, toughness, and clean decisions.
","Elite shooter with a smooth release and confidence spotting up. Comfortable attacking closeouts and scoring within the flow of the offense. Early‑season production includes multiple scoring bursts, highlighted by strong efficiency from three. Free‑throw touch suggests stable shooting mechanics, though volume and consistency remain swing factors.","Wesley Person (shooter comp),
Anthony Morrow (perimeter scorer),
Wayne Ellington (movement shooter trajectory),
Dell Curry (reliable perimeter scoring profile).
"
114,Sidi Gueye,18,Bronze,6'11,215,C,"7'4""",Arizona,,ModalKey-Gueye,"Long, mobile big with rare length and developing coordination. Brings rim‑running, shot‑altering tools, and vertical spacing potential to Arizona’s frontcourt. Still early in his developmental arc, with upside tied to strength, foul control, and refinement of offensive counters. Bronze tier reflects rawness, long‑term projection, and the need for physical and technical growth.","Sidi Gueye is a long, mobile forward who gives Arizona a developmental frontcourt piece — someone with real physical tools but a game that’s still catching up. His length and movement are the first things that show up: he covers ground easily, runs the floor well, and has the frame you want in a modern 4/5. Right now, though, he’s more of a flashes‑and‑energy player than a consistent producer.
Offensively, Gueye is a play‑finisher. He runs the floor, dives hard out of screens, and can finish when he gets a clean catch near the rim. The touch is inconsistent, and he’s not someone you run actions through — the handle is raw, and his reads are basic. The jumper is a long‑term project; the mechanics need tightening, and defenses will live with him shooting until he proves otherwise. His value comes from simple actions: rim running, offensive rebounding, and staying active around the dunker spot.
Defensively, Gueye has the tools but not the polish. His length helps him contest shots and bother drivers, and he moves well enough to show on ball screens. The issues are strength, positioning, and discipline — he can get moved off spots, arrive late on rotations, or bite on fakes. When he’s locked in, he looks like a real piece; when he’s not, the gaps show quickly. Arizona’s structure should help him learn where to be and how to use his tools without fouling.
Long‑term, Gueye projects as a developmental forward/center whose pathway depends on strength, feel, and skill catching up to his physical profile. The tools are real — length, mobility, activity — but he’s far from NBA conversations until the offensive reliability and defensive discipline take a major step. For now, he’s a long‑view investment who can give Arizona energy minutes while he grows into a more complete player.","Name: Sidi Gueye
Badge Tier: Silver
Team: Arizona
Height/Weight: 6'10, 215 lbs
Wingspan: 7'2","Thrives in transition and early‑offense situations where he can sprint the floor, dive to the rim, and finish plays created by guards. Uses long strides to cover space quickly and shows flashes of timing as a cutter. Still learning positioning in half‑court sets, especially when defenses collapse or force him into short‑roll decisions.",,"Long, mobile interior defender capable of contesting shots and covering ground. Uses reported 7'4 wingspan to alter attempts at the rim and disrupt passing angles. Shows flashes of switch‑and‑recover ability but remains raw with rotations, physicality, and foul discipline. Strength development is essential for handling high‑major bigs.","Current Drift:
A length‑first rim protector and transition finisher with developmental offensive tools.
Potential Drift:
If strength, timing, and foul control improve → modern rim‑running anchor with vertical spacing and defensive impact.
If not → energy big whose value narrows to shot blocking and play‑finishing in limited minutes.
Stabilizers:
• Foul discipline
• Strength and frame development
• Rim‑protection timing
• Touch around the basket","Offensive value narrows if perimeter skill stalls. Foul rate and physicality are swing factors that can limit minutes. Needs improved balance, core strength, and decision‑making to avoid being typecast as a pure rim runner without scalable versatility.Limited minutes so far make it likely he's not ready for the NBA yet.","Gueye is raw, but he’s raw in the way coaches love — eager, active, and willing to run through the wall you point him toward. Arizona doesn’t ask him to solve problems with skill yet; they ask him to create problems with length, mobility, and vertical pressure. He embraces that without trying to prove he’s something he isn’t.
His defensive coachability shows up in how quickly he’s learning timing and positioning. He’ll mistime a rotation, then get it right the next trip. He’ll foul on a contest, then adjust his angle. That responsiveness is the difference between “raw” and “unreachable.”
Offensively, he keeps it simple. Sprint the floor. Screen with intent. Dive hard. Finish what’s there. He’s not freelancing, not drifting into face‑ups he can’t yet control. He’s building the foundation the right way — through repetition and discipline.
Gueye is early in the arc, but the willingness to be coached is already there.","Offense centers on cuts, rolls, and put‑backs, leveraging length and straight‑line strides. Touch is developing, with flashes of soft finishes when uncontested. Perimeter skill is emerging but not yet reliable; efficiency spikes when he stays within play‑finishing windows and avoids forced jumpers.","Pascal Siakam (length + mobility foundation),
Cheick Diallo (defensive energy + developmental arc),
Nerlens Noel (length‑first rim protection),
Mitchell Robinson (vertical spacing + paint deterrence)."
115,Malique Lewis,21,Bronze,"6'8""",195,SF/PF,"7'1""","South East Melbourne Phoenix (NBL Next Stars, Australia)",,ModalKey-Lewis,"Long, mobile Trinidadian forward in the NBL Next Stars program with a foundation built on defensive activity, transition finishing, and flashes of perimeter touch. Brings energy, length, and versatility to South East Melbourne’s rotation. Bronze tier reflects developmental status with upside tied to strength, shooting consistency, and refinement of on‑ball skills.","Malique Lewis on South East Melbourne Phoenix
Malique Lewis is a long, bouncy forward who gives South East Melbourne a developmental athlete — someone with real physical pop but a game that’s still in the early stages of structure and reliability. His length, stride, and verticality show up right away, but the skill package is still forming, and his impact comes in flashes rather than sustained stretches.
Offensively, Lewis is a straight‑line, play‑finishing piece right now. He runs the floor hard, cuts with intent, and can elevate quickly when he gets a clean catch near the rim. The handle is raw and doesn’t support creation; he’s not someone you want initiating or operating in tight spaces. The jumper is a long‑term project — the mechanics are loose, and defenders will live with him shooting until he proves otherwise. His best moments come from simple actions: rim running, offensive rebounding, and using his athleticism to clean up broken plays.
Defensively, Lewis has the tools but not the polish. His length helps him contest shots and bother drivers, and he moves well enough to cover ground in rotations. The issues are strength, discipline, and awareness — he can get displaced by stronger forwards, arrive late on help, or overcommit on closeouts. When he’s locked in, he looks like a real developmental piece; when he’s not, the gaps show quickly. The NBL’s physicality will force him to tighten his positioning and learn how to absorb contact.
Long‑term, Lewis projects as a multi‑year development swing whose pathway depends on skill growth and physical maturity catching up to his athletic profile. The tools are real — length, bounce, mobility — but he’s far from NBA conversations until the jumper, handle, and defensive discipline take meaningful steps. For now, he’s a long‑view investment who can give Phoenix energy minutes while he learns how to turn raw tools into repeatable impact.","Name: Malique Lewis
Badge Tier: Bronze
Team: South East Melbourne Phoenix (NBL Next Stars)
Height/Weight: 6'8, 209 lbs
Wingspan: 7'1

","Thrives in uptempo environments where he can run lanes, cut behind defenses, and finish plays created by guards. Uses long strides to attack space and shows comfort operating as an off‑ball mover. Still developing timing and reads in half‑court actions, especially when pressured into handling or decision‑making.",,"Uses 7'1 wingspan and mobility to guard wings and disrupt actions. Shows flashes of rim protection, point‑of‑attack defense, and passing‑lane disruption. Defensive versatility is his strongest calling card. Needs added strength and improved rotational discipline to handle physical wings and maintain impact across matchups.","Current Drift:
A length‑driven defensive forward with transition value and emerging offensive tools.
Potential Drift:
If shooting and strength develop → versatile two‑way rotation forward with 3‑and‑D upside.
If not → defensive‑specialist archetype reliant on energy and matchup utility.
Stabilizers:
• Perimeter shooting consistency
• Strength and frame development
• Defensive discipline
• Handle and decision‑making growth","Offensive limitations are the swing factor. Shooting inconsistency narrows spacing value, and lack of strength can limit finishing through contact. Must improve foul control, physicality, and half‑court polish to avoid plateauing as a low‑usage defensive role player.","Lewis plays with the kind of energy that makes coaches lean forward in their chair. He doesn’t float through possessions — he injects pace into them. In the NBL, where physicality and execution matter, he’s shown he can stay within structure while still using his tools to tilt the floor.
Defensively, he’s the type who takes instruction and immediately tries to apply it. If the staff wants him to sit in a stance longer, he does it. If they want him to chase instead of switch, he commits to the route. His length and mobility give him range, but it’s the intent — the willingness to do the unglamorous stuff — that signals coachability.
Offensively, he’s learning how to blend his transition pop with half‑court discipline. He doesn’t force creation, and he doesn’t treat every touch like a test. He runs, cuts, finishes, and takes the open perimeter shots the system creates for him. The rest will come with reps.
Lewis listens, competes, and plays with purpose — exactly what you want from a developmental forward in a pro environment.","Most effective as a slasher and cutter who finishes at the rim. Offense centers on backdoor cuts, transition finishes, and opportunistic scoring. Perimeter shooting remains a developmental need; efficiency spikes when he stays within play‑finishing windows and avoids contested jumpers. Flashes downhill scoring when attacking closeouts.","Trevor Ariza (versatile wing defender),
Dorian Finney‑Smith (3‑and‑D role utility),
Rudy Gay (athletic scoring wing trajectory),
Stacey Augmon (defensive stopper archetype),
Luc Mbah a Moute (defensive versatility + toughness)."
116,,,,,,,,,,,,,,,,,,,,,