Rank,Name,Age,Tier,Height,Weight,Position,Wingspan,Team,ModalKey,Freenote,Snapshot,SpatialIQ,FitMatrix,DefensiveProfile,ArchetypeDrift,RiskIndex,MaturityIndex,ShotQualityModel,Historical Echoes,CognitiveProfile,DevelopmentalArchetype,DiagnosticOverlay,FilteredMetrics,Defensive Versatility,Possession Tagging,ComparisonRationale,Jazz
1,AJ Dybantsa,17,Platinum,"6'9""",190,SF,"6'11""",BYU,ModalKey-Dybantsa,"Dybantsa has adjusted quickly at BYU, showing the same blend of length, coordination, and scoring touch that made him a top prospect. His early-season minutes highlight encouraging flashes as a creator and improving discipline on the defensive end. The full report breaks down how his feel, physical tools, and developing consistency project forward.","Name: AJ Dybantsa
Badge Tier: Platinum
Team: BYU
Height/Weight: 6'9, 200 lbs
Wingspan: 7'0

Scouting Notes: Explosive scoring wing with elite athletic tools and high-volume pull-up ability...
Defensive Profile: Active, switchable defender with rim protection flashes.
Historical Echoes: Brandon Ingram, early-career Jayson Tatum.
Audit Notes: Locked Tier 1 since July audit; vetted vs transition scoring benchmarks.","                   Spatial IQ
  Dybantsa shows an advanced understanding of spatial manipulation for a freshman, especially in the middle third where he consistently forces defenders into compromised positions. His pacing is already a weapon — he uses controlled deceleration, shoulder turns, and delayed gathers to freeze help and create clean angles without needing a high‑usage dribble package.  

Off the ball, he’s ahead of schedule. He recognizes when the weakside tag is late and cuts with intent, and when the help is early he drifts into open pockets rather than running into congestion. His timing as a relocator is improving too; he adjusts his depth based on the ball handler’s rhythm instead of drifting aimlessly.  

With the ball, he reads the low man better than most freshmen. He’s comfortable probing until the coverage commits, then attacking the seam with stride efficiency that lets him cover ground without losing balance. His ability to maintain advantage after contact is trending upward — he doesn’t over‑dribble, and he rarely drifts into dead space.  

Defensively, his spatial reads are improving at a steady rate. He’s beginning to anticipate slot drives and skip passes, showing better discipline staying attached to shooters while still being able to contest at the rim. His recovery range is a real separator — he closes space without overextending, and his stride length allows him to influence plays he appears out of.  

Overall, his spatial processing is functioning at a multi‑layer pace: he identifies where advantages are forming, positions himself to receive or deny them, and adjusts his route mid‑possession without losing intent. As his strength and handle tighten, this module projects as one of the core drivers of his long‑term ceiling.

","Fit Matrix
Dybantsa profiles as one of the most system‑versatile wings in the class, with scalability across multiple offensive and defensive structures. His game fits naturally into modern spacing environments where he can operate as a secondary creator, advantage extender, and multi‑level finisher without needing primary‑usage touches to impact winning. He thrives in lineups that prioritize movement and tempo, where his pacing, cutting instincts, and ability to attack tilted defenses become amplified.
In ball‑screen heavy systems, he functions best as a connector rather than a full‑time initiator. He reads the second level well enough to punish soft tags and late rotations, and his ability to maintain advantage after contact allows him to finish plays others can’t. He pairs cleanly with downhill guards who draw early help, giving him opportunities to attack closeouts, relocate into open pockets, or finish plays as a weakside cutter.
Defensively, he fits a wide range of schemes. His length and recovery range allow him to guard up or down a position depending on personnel, and he’s comfortable in both switch‑heavy and gap‑oriented systems. He provides real value as a rotator, especially when he’s the second or third helper rather than the primary point‑of‑attack defender. His ability to cover ground and influence plays late in the possession makes him a natural fit in teams that emphasize activity and layered help.
Overall, Dybantsa’s fit is strongest in systems that value fluidity, spacing, and multi‑handler creation. He doesn’t require a tailored scheme to be effective, and his scalability across lineup constructions is one of the key reasons his long‑term projection grades so highly.","Defensive Profile                                                                                                                                                                                                                                                                 Dybantsa offers real multi-positional defensive value, with the length, mobility, and recovery range to function across several schemes. He’s most effective as a secondary defender who can influence actions from the wing or the nail, using his stride efficiency and timing to shrink space without overcommitting. His ability to cover ground in rotation allows him to impact drives, skip passes, and late-clock situations even when he begins the possession a step behind.
On the ball, he shows improving discipline against both strength-based and pace-based matchups. He absorbs initial contact better than expected for his age and uses his chest and length to steer handlers toward help rather than relying solely on recovery contests. His footwork is trending upward — fewer false steps, more controlled slides, and better anticipation of counters — which helps him stay attached through changes of direction.
Off the ball, he reads developing actions with increasing clarity. He’s comfortable tagging rollers, stunting at drivers, and recovering to shooters without losing balance or drifting out of position. His instincts as a weakside helper are ahead of schedule; he recognizes when to rotate early to deter a finish and when to stay home to protect spacing integrity. His closeouts are improving as well, with better deceleration and fewer overextended contests.
In switch-heavy systems, he provides real lineup flexibility. He can guard up a position against face-up forwards and hold his own down a position against bigger guards who rely on rhythm and pacing. His length allows him to contest without fouling, and his ability to influence shots late in the possession gives him value in scramble situations.
Overall, Dybantsa projects as a scalable, scheme-versatile defender whose combination of length, mobility, and processing allows him to contribute across multiple roles. As his strength base and physical maturity continue to develop, his defensive versatility becomes one of the most reliable components of his long-term profile.
","Archetype Drift
Dybantsa’s archetype is trending toward a modern scoring wing with secondary creation equity, but the direction of his development shows meaningful drift toward a more advantage‑driven initiator than originally projected. Early in his college sample, he’s leaning less on pure athletic tools and more on pacing, manipulation, and multi‑layer reads, which shifts him away from a traditional slashing forward archetype and toward a wing creator who can operate comfortably in the middle third.
His handle sequencing and ability to create functional angles without excessive dribble volume suggest a drift toward a more polished on‑ball profile. He’s beginning to use tempo changes, shoulder angles, and controlled deceleration to generate separation rather than relying solely on length and stride. This evolution expands the range of lineups he can anchor and increases the number of actions he can initiate without compromising efficiency.
Off the ball, his drift is moving away from a pure play‑finisher archetype. His timing as a cutter, relocator, and spacer is improving, and he’s showing more comfort reading the second level of the defense before committing to a route. This positions him closer to a hybrid wing who can toggle between creation and finishing depending on personnel and scheme.
Defensively, his archetype is drifting toward a multi‑positional disruptor rather than a single‑assignment stopper. His ability to influence actions from the nail, rotate early, and recover with length gives him value in systems that emphasize activity and layered help. As his strength base develops, he projects as a defender who can guard up or down a position without losing functional impact.
Overall, Dybantsa’s archetype drift points toward a scalable, high‑leverage wing creator who can operate across multiple roles on both ends. The shift from raw tools to intentional processing is the defining trend of his early development and one of the clearest indicators of his long‑term ceiling.",".Risk Index                                                                                            Dybantsa carries a relatively controlled risk profile for a high‑ceiling wing, with most of his volatility tied to physical maturation and the refinement of his handle rather than decision‑making or feel. His processing baseline is already strong enough to mitigate many of the typical freshman pitfalls — he rarely forces low‑value shots, doesn’t drift into dead space, and shows early signs of understanding how to manage possessions without overextending.
The primary developmental risk centers on his strength base and how quickly it catches up to his role. He can be displaced by stronger defenders at the point of attack, and his ability to finish through contact is still inconsistent. These are solvable issues, but they influence how quickly he can scale into higher‑usage creation. His handle, while functional, remains susceptible to pressure when he’s forced to string together multiple moves, which introduces some turnover volatility against physical, well‑timed defenders.
Defensively, the risk is tied to consistency rather than tools. His length and recovery range allow him to impact plays even when he’s a step behind, but he can still lose connection on off‑ball actions or arrive a beat late on rotations. As his awareness sharpens and his physical base strengthens, these lapses should diminish, but they remain part of his early profile.
The overarching risk index is moderated by his adaptability. He doesn’t require a tailored scheme to be effective, and his game scales across multiple roles and lineup constructions. The combination of spatial awareness, multi‑layer processing, and natural scoring instincts reduces the probability of stagnation. The remaining risks are developmental rather than structural, making his long‑term projection one of the more stable among high‑end prospects.","Maturity Index                                                                                                                                                                                                                                                  Dybantsa’s maturity profile is advanced for his age, driven by his consistency of approach, possession‑to‑possession engagement, and the steadiness of his decision‑making under pressure. He rarely plays rushed, even when the pace of the game accelerates, and he shows a level of emotional control that allows him to stay within the flow of the offense rather than forcing creation to validate his role. His ability to adjust his tempo, read coverage, and make functional decisions without drifting into hero-ball tendencies is a strong indicator of long-term scalability.
His shot selection reflects a mature understanding of value. He doesn’t default to low‑efficiency pull‑ups early in the clock, and he’s willing to move the ball when the advantage isn’t there. He shows patience in ball screens, probing until the coverage commits rather than predetermining outcomes. These habits reduce volatility and signal a player who understands how to manage possessions beyond his years.
Defensively, his maturity shows in how he responds to mistakes. When he’s beaten on the first action, he immediately re-engages rather than disengaging or compounding the error. His rotations are becoming more intentional, and he’s showing improved discipline staying attached to assignments rather than ball-watching. These are subtle indicators of a player who processes feedback quickly and applies it in real time.
His body language and competitive baseline are stable. He doesn’t sag after missed shots, doesn’t disengage when he’s off the ball, and doesn’t require touches to stay active. He communicates more than most freshmen and shows an emerging understanding of how to direct teammates through actions, especially in transition and scramble situations.
Overall, Dybantsa’s Maturity Index is one of the strongest components of his profile. His emotional steadiness, possession management, and willingness to play within structure reduce developmental risk and support a trajectory that scales cleanly as his role expands.","Shot Quality Modal                                                                                                                                                                                 Dybantsa’s shot profile is trending toward a high‑efficiency blend of self‑created looks and advantage‑driven finishes, with early indicators that his shot diet will scale cleanly as his role expands. His best attempts come from actions where he enters the paint with momentum — cuts, slot attacks, and second‑side drives — which consistently generate high‑value rim attempts or controlled mid‑range touch shots. He rarely settles early in the clock, and his pacing allows him to turn semi‑contested opportunities into cleaner windows without forcing low‑percentage outcomes.
His pull‑up game is still developing, but the underlying mechanics support long‑term growth. He generates separation through deceleration rather than high‑usage dribble volume, which keeps his pull‑ups within the flow of the possession. His balance and footwork are trending upward, and he’s beginning to use shoulder angles to create just enough space to get into his rhythm. These shots are not yet a primary driver of his efficiency, but they project as a scalable part of his arsenal as his handle tightens and his strength base improves.
At the rim, his stride efficiency and length allow him to finish from unconventional angles, and he’s showing improved touch on extension finishes. His ability to absorb contact is still inconsistent, which lowers the overall quality of some attempts, but the reads leading into those finishes are strong — he attacks gaps rather than bodies and rarely drives into predetermined traffic. As his frame matures, the quality of these attempts should rise significantly.
From three, his shot quality is driven more by relocation and spacing reads than by self‑created volume. He’s comfortable sliding into open pockets when the ball swings, and his willingness to shoot off the catch keeps defenders honest. His mechanics are repeatable, and his shot selection from deep is disciplined — he doesn’t force contested attempts or drift into low‑value pull‑ups.
Overall, Dybantsa’s Shot Quality Model reflects a player who understands how to generate efficient attempts without needing a heavy on‑ball burden. His blend of pacing, spatial awareness, and selective aggression creates a stable foundation for long‑term scoring efficiency, with clear developmental pathways that should elevate his shot diet as his role expands.","# ⭐ **AJ Dybantsa — Historical Echoes (Pro Module)**  
Dybantsa’s developmental arc aligns with a specific lineage of long, fluid scoring wings who entered college with advanced pacing, multi‑layer reads, and early signs of scalable creation. His closest historical echoes come from players who blended length, stride efficiency, and controlled tempo to generate advantages without relying on high‑usage dribble volume.

**Primary Echo Cluster (Functional + Developmental):**  
- **Jayson Tatum (Duke)** — similar early reliance on pacing, deceleration, and angle manipulation rather than burst; both showed multi‑context scoring instincts before the handle fully matured.  
- **Brandon Ingram (Duke)** — comparable stride efficiency, mid‑range touch indicators, and early flashes of secondary creation that later scaled into primary usage.  
- **Danny Granger (New Mexico)** — echoes in the blend of length, defensive range, and the ability to toggle between on‑ball and off‑ball roles depending on lineup construction.

**Secondary Echo Cluster (Role + Scalability):**  
- **Paul George (Fresno State)** — not a stylistic match, but the developmental pattern of a long wing who grew into a multi‑positional defender and advantage creator tracks closely.  
- **Harrison Barnes (UNC)** — similar early‑career stability, disciplined shot selection, and scalable scoring profile that fit across multiple systems without needing tailored usage.

**Modern Contextual Echoes (Current NBA Archetype Fits):**  
- **Franz Wagner** — parallels in spatial awareness, timing, and the ability to create advantages without high‑volume dribbling; both operate comfortably as secondary creators with primary upside.  
- **Mikal Bridges (post‑Phoenix role)** — echoes in the shift from play‑finisher to multi‑level scorer with improved pacing and decision‑making.

These echoes are not one‑to‑one comparisons but structural patterns. The throughline across this cluster is the combination of length, processing, and scalable scoring instincts that allow these wings to fit multiple roles early before expanding into higher‑usage creation as their handle, strength, and physical maturity catch up.

Dybantsa fits cleanly within this lineage, projecting as a wing whose long‑term outcomes are supported by both his tools and the developmental patterns historically associated with this archetype.","Cognitive Profile
Dybantsa processes the game at a multi‑layer pace, with early indicators that his decision‑making will scale as his role expands. His reads are rooted in sequencing rather than improvisation — he identifies the first advantage, anticipates the second, and positions himself to exploit the third without drifting out of structure. This allows him to play with a level of control uncommon for his age, especially in the middle third where pacing and timing matter more than raw burst.
He shows strong anticipatory cognition. He recognizes coverage shifts before they fully form, adjusting his route or tempo to force defenders into premature commitments. His ability to manipulate the low man with subtle deceleration or shoulder angles reflects a player who understands how to shape defensive reactions rather than simply respond to them. These reads are not yet fully optimized, but the underlying processing is advanced.
Off the ball, his cognition shows in how he interprets spacing. He adjusts his depth based on the ball handler’s rhythm, relocates into open pockets without clogging driving lanes, and times his cuts to coincide with defensive rotations rather than ball movement alone. This reflects a player who sees the possession holistically rather than in isolated actions.
Defensively, his cognitive baseline is trending upward. He’s beginning to anticipate skip passes, slot drives, and early rotations, showing improved discipline in staying attached to shooters while still being able to influence plays as a helper. His ability to recover without overextending is tied to his processing — he reads the angle of the drive, the timing of the pass, and the spacing of the action before committing.
Overall, Dybantsa’s Cognitive Profile is one of the strongest indicators of his long‑term ceiling. His blend of anticipatory reads, possession management, and multi‑layer processing supports a trajectory that scales cleanly into higher‑usage roles without sacrificing efficiency or structure.
","Developmental Archetype
Dybantsa’s developmental arc aligns with the modern scoring wing who grows into a multi‑context creator as physical maturity and handle refinement converge. His early indicators point toward a player who can toggle between secondary creation and primary scoring responsibility depending on roster construction, with the potential to scale upward as his strength base and dribble sequencing improve. The foundation of his archetype is built on pacing, spatial manipulation, and the ability to generate clean looks without relying on high‑usage isolation volume.
Offensively, he projects as a wing who can operate comfortably in the middle third, leveraging deceleration, stride efficiency, and angle manipulation to create advantages. His reads are sequencing‑based rather than improvisational, which supports a long‑term trajectory toward a player who can manage possessions, initiate actions, and maintain efficiency even as usage increases. As his handle tightens and his frame develops, he projects to absorb more on‑ball responsibility without sacrificing shot quality or decision‑making.
Off the ball, his archetype includes strong connective traits. He relocates with intent, times his cuts to coincide with defensive rotations, and understands how to maintain spacing integrity. These habits allow him to fit alongside high‑usage guards early in his career while still providing value as a finisher and secondary option. Over time, these same traits support a transition into a more central offensive role as his creation tools expand.
Defensively, his archetype projects as a multi‑positional wing who influences actions through length, timing, and recovery range. He fits the mold of wings who begin as activity‑based helpers and evolve into reliable primary or secondary defenders as awareness sharpens and physical strength catches up. His ability to guard up or down a position enhances lineup flexibility and supports a scalable developmental path.
Overall, Dybantsa’s Developmental Archetype is that of a high‑leverage wing creator with the potential to anchor multiple phases of an offense while providing real defensive value. His blend of processing, length, and multi‑context scoring instincts positions him on a trajectory that historically produces players capable of impacting winning across different systems and usage levels.
",,,,,,
2,Darryn Peterson,18,Platinum,"6'5""",195,SG/PG,"6'8""",Kansas,ModalKey-Peterson,"Peterson has brought immediate scoring value to Kansas, flashing the poise and three-level potential that translate well at the college pace. He’s shown early signs of improved shot selection and growing comfort reading defenses. The deeper evaluation explores how his decision-making and evolving role shape his long-term outlook.","Name: Darryn Peterson
Badge Tier: Platinum
Team: Kansas
Height/Weight: 6'6, 205 lbs
Wingspan: 6'8

Scouting Notes: Confident perimeter scorer with advanced shot creation...
Defensive Profile: Active on-ball defender with quick hands.
Historical Echoes: Devin Booker, Bradley Beal.
Audit Notes: Tier 1 guard benchmarks applied; isolation + transition tags confirmed.",,"Free: Fits well next to a primary creator.
Pro: Seamless fit alongside ball‑dominant guards; thrives in pace‑and‑space systems, doesn’t require high usage to impact. Can scale up as a secondary initiator or slot into off‑ball scoring roles.","Free: Active guard defender with quick hands.
Pro: Guards 1–2 comfortably, contests shots effectively, flashes anticipation in rotations. Needs more consistent off‑ball focus, but his point‑of‑attack defense projects as above average with added strength.",,"Needs to refine shot diet and defensive consistency. If perimeter shot selection doesn’t stabilize, ceiling shifts from primary scorer to rotational guard. Physical development and strength gains will be critical to withstand NBA‑level defenders and maintain durability.",,"Free: Pull‑up scorer with improving efficiency.
Pro: Pull‑up jumper is streaky but trending upward; catch‑and‑shoot efficiency already above expected value. Shows balance between perimeter attempts and rim pressure, with flashes of three‑level scoring potential.","Free: Devin Booker–style poised scoring guard.
Pro: Echoes Devin Booker and Bradley Beal — smooth pull‑up mechanics and three‑level scoring package. Must tighten handle and decision‑making to reach Booker’s efficiency.","Free: Shows poise and resilience under pressure.
Pro: Positive body language, resilient after mistakes, anticipates defensive rotations, and shows leadership qualities. Demonstrates maturity in late‑game situations and projects as a stabilizing presence.",Emerging combo guard archetype with perimeter gravity and secondary playmaking. Projects as a lead initiator if shooting stabilizes; otherwise profiles as a secondary scorer with defensive utility. His archetype trajectory mirrors modern scoring guards who can toggle between on‑ball and off‑ball roles,,,,,Explosive guard with traits of Bradley Beal.,
3,Cameron Boozer,17,Platinum,"6'9""",250,PF,"7'1""",Duke,ModalKey-CamBoozer,"Boozer has been a steady presence for Duke, impacting games with his strength, touch, and reliable feel on both ends. His early-season play shows a smooth transition to the college level, with flashes of expanded perimeter skill. The full breakdown examines how his versatility and physical maturity continue to scale.","Name: Cameron Boozer
Badge Tier: Platinum
Team: Duke
Height/Weight: 6'9, 235 lbs
Wingspan: 7'1

Scouting Notes: Polished forward with NBA-ready frame...
Defensive Profile: Reliable rim protector and switchable defender.
Historical Echoes: Paolo Banchero, Chris Bosh.
Audit Notes: Tier 1 stability confirmed; rebounding and defensive overlays benchmarked.",,"Free: Natural fit as a versatile big in half‑court sets.
Pro: Works well alongside stretch bigs or rim protectors, scalable usage as secondary option. Can function as a hub in structured offenses or as a complementary piece in uptempo systems, making him adaptable to multiple roster builds.","Free: Strong interior presence with mobility to hedge.
Pro: Guards 4–5, holds ground in post, rotates well, and contests effectively at the rim. Shows flashes of switching onto smaller wings, though lateral agility is still developing. Projects as a reliable team defender with potential to anchor schemes.",,"Must improve lateral quickness against NBA‑level wings and sustain shooting growth. If perimeter shot stagnates, ceiling shifts from offensive hub to complementary big. Continued conditioning and agility work will be critical to maximize two‑way impact.",,"Free: Reliable mid‑range touch, expanding range.
Pro: Comfortable face‑up jumper, developing three‑point shot, and efficient finisher around the rim with both hands. His shot profile is trending toward a balanced inside‑out threat, giving him versatility as both a scorer and floor‑spacer","Free: Al Horford–style versatile power forward.
Pro: Echoes Al Horford and Chris Bosh — skilled interior scorer with expanding perimeter range. Needs continued polish as a rim protector to maximize two‑way impact.","Free: Mature decision‑making for age.
Pro: Processes double teams quickly, finds cutters, rarely forces shots, and shows leadership qualities. Demonstrates patience in half‑court sets and a willingness to make the extra pass, projecting as a high‑IQ contributor.",Classic modern big with face‑up scoring and passing instincts. Projects as a versatile frontcourt piece who can toggle between primary scorer and secondary facilitator. His archetype trajectory mirrors bigs who blend offensive polish with defensive reliability.,,,,,Power forward with blend of Chris Bosh,
4,Koa Peat,18,Platinum,"6'8""",225,PF,"7'0""",Arizona,ModalKey-Peat,"Peat has carved out a valuable role at Arizona, contributing with his blend of strength, mobility, and connective play. He’s shown encouraging growth as a face-up scorer and decision-maker early in the season. The deeper report looks at how his offensive polish and defensive versatility are trending.","Name: Koa Peat
Badge Tier: Platinum
Team: Arizona
Height/Weight: 6'8, 225 lbs
Wingspan: 7'0

Scouting Notes: Strong, mobile forward with advanced physical tools. Comfortable operating inside and out, with rebounding instincts and defensive versatility. Developing perimeter shot but already impactful as a two-way contributor.

Defensive Profile: Switchable defender with rim protection and physical presence.
Historical Echoes: Aaron Gordon (athleticism + defensive versatility), Julius Randle (strength + interior scoring).
Audit Notes: Tier 1 forward audit confirmed; rebounding overlays benchmarked; developmental archetype trending toward versatile two-way impact.",,"Free: Fits as a versatile forward in half‑court sets.
Pro: Works well alongside stretch bigs or rim protectors, scalable usage as secondary option. Can function as a hub in structured offenses or as a complementary piece in uptempo systems, making him adaptable to multiple roster builds.","Free: Strong forward defender with size to battle inside.
Pro: Guards 3–4, holds ground in the post, rotates well, and contests effectively at the rim. Shows flashes of switching onto smaller wings, though lateral agility is still developing. Projects as a versatile defender who can anchor team schemes.",,"Needs to prove perimeter shooting consistency and defensive agility against elite wings. If perimeter shot stagnates, ceiling shifts from offensive hub to complementary forward. Continued conditioning and agility work will be critical to maximize two‑way impact.",,"Free: Reliable mid‑range scorer with touch.
Pro: Face‑up jumper consistent, developing three‑point shot, and efficient finisher around the rim with both hands. His shot profile is trending toward a balanced inside‑out threat, giving him versatility as both a scorer and floor‑spacer.","Free: PJ Washington–style versatile forward.
Pro: Echoes PJ Washington and David West — modern stretch‑forward with defensive versatility, paired with West’s physical toughness and mid‑range scoring. Offensive role clarity will determine ceiling.","Free: Mature decision‑making for age.
Pro: Processes double teams quickly, finds cutters, rarely forces shots, and shows leadership qualities. Demonstrates patience in half‑court sets and a willingness to make the extra pass, projecting as a high‑IQ contributor.",Modern power forward archetype with scoring and playmaking blend. Projects as a versatile frontcourt piece who can toggle between primary scorer and secondary facilitator. His archetype trajectory mirrors forwards who blend offensive polish with defensive reliability.,,,,,Forward with multi‑tool skillset like Aaron Gordon.,
5,Mikel Brown Jr.,18,Platinum,"6'5""",180,PG,"6'5""",Louisville,ModalKey-Brown Jr.,"Brown has brought steady guard play to Louisville, showing the poise and pace that translate well at the college level. His early-season minutes highlight his comfort operating in ball screens, his ability to pressure defenses with quickness, and flashes of improved decision-making as a distributor. The full evaluation breaks down how his feel, shooting development, and defensive consistency are trending.","Name: Mikel Brown Jr.
Badge Tier: Platinum
Team: Louisville
Height/Weight: 6'5, 190 lbs
Wingspan: 6'7

Scouting Notes: Dynamic point guard with advanced feel for pace and spacing. Thrives in uptempo settings, manipulates defenses with passing and scoring. Strong early production at Louisville, averaging nearly 20 points and 7 assists per game on efficient shooting. Shows confidence as a primary creator and scorer, with leadership traits emerging quickly.

Defensive Profile: Active point-of-attack defender with anticipation skills; competes on the perimeter and disrupts passing lanes.
Historical Echoes: Darius Garland (scoring + playmaking blend), Tyrese Maxey (speed + scoring instincts).
Audit Notes: Verified Louisville roster and measurements; possession tagging highlights uptempo efficiency; developmental archetype trending toward scoring lead guard. Early ACC honors confirm trajectory as a high-usage creator.",,"Free: Fits as a combo guard in multiple systems.
Pro: Works well on or off ball, complements primary creators, and scales usage as a secondary initiator. His ability to toggle between lead guard and off‑ball scorer makes him system‑agnostic and valuable in both uptempo and half‑court offenses","Free: Quick guard defender with anticipation.
Pro: Guards 1–2, contests perimeter shots, and anticipates passing lanes with sharp instincts. Needs added strength to handle bigger guards, but his point‑of‑attack defense projects as disruptive in modern schemes.",,"Has to add strength and consistency finishing at the rim against length. If rim pressure doesn’t improve, ceiling shifts from primary initiator to rotational guard. Physical development and durability will be critical to maximize his two‑way impact.",,"Free: Confident perimeter shooter with range.
Pro: Catch‑and‑shoot three is reliable, pull‑up jumper improving into a consistent weapon. Balances perimeter attempts with drives, showing flashes of three‑level scoring. His shot profile suggests scalability as both a primary scorer and complementary option.","Free: Mike Conley–style poised floor general.
Pro: Echoes Tyrese Haliburton and Darius Garland — perimeter shot creation and playmaking instincts. Like Haliburton, he thrives in pick‑and‑roll with vision and touch; Garland’s blend of shooting and creation is a developmental target for his offensive ceiling.","Free: Shows advanced feel for guard play.
Pro: Reads defenses quickly, anticipates rotations, and makes smart decisions in pick‑and‑roll. Demonstrates patience in half‑court sets and resilience under pressure, projecting as a high‑IQ floor general",Combo guard archetype with scoring gravity and secondary playmaking. Projects as a lead initiator if shooting stabilizes; otherwise profiles as a secondary scorer with defensive utility. His archetype trajectory mirrors modern guards who blend perimeter creation with playmaking versatility.,,,,,Crafty guard with flashes of Darius Garland.,
6,Caleb Wilson,18,Gold,"6'9""",205,PF,"7'2""",North Carolina,ModalKey-Wilson,"Wilson’s length and fluidity have translated well at UNC, where he’s already providing value as an active defender and opportunistic scorer. His early-season flashes hint at broader offensive upside as his confidence grows. The full evaluation highlights how his feel and consistency are developing","Name: Caleb Wilson
Badge Tier: Gold
Team: North Carolina
Height/Weight: 6'9, 210 lbs
Wingspan: 7'2

Scouting Notes: Versatile forward with length and mobility...
Defensive Profile: Switchable defender with rim protection upside.
Historical Echoes: Jerami Grant, Jonathan Isaac.
Audit Notes: Tier 1 forward audit confirmed; developmental archetype trending toward two-way versatility.",,"Free: Fits as a versatile forward in uptempo systems.
Pro: Works well on or off ball, complements primary creators, and scales usage as a secondary scorer. His ability to toggle between perimeter scoring and interior finishing makes him adaptable to multiple roster builds.","Free: Long forward defender with shot‑blocking instincts.
Pro: Guards 3–4, contests perimeter shots, and rotates to protect the rim. Uses length to disrupt passing lanes and challenge shots, though strength development is needed to handle bigger forwards consistently. Projects as a versatile defender with upside as a weak‑side rim protector.",,"Needs consistency in shot selection and strength development. If perimeter efficiency stalls or physical growth lags, ceiling shifts from offensive hub to complementary forward. Continued conditioning and strength gains will be critical to maximize two‑way impact.",,"Free: Confident perimeter shooter with range.
Pro: Catch‑and‑shoot three is reliable, pull‑up jumper improving into a consistent weapon. Shows balance between perimeter attempts and drives, with flashes of three‑level scoring. His shot profile suggests scalability as both a primary scorer and complementary option.","Free: Rashard Lewis
Pro: Echoes Lamar Odom and Jonathan Isaac as tall forwards with perimeter scoring and defensive length. Like Odom, he projects as a versatile offensive piece with passing instincts; Isaac’s defensive versatility and length are developmental targets for his ceiling.","Free: Shows advanced feel for forward play.
Pro: Reads defenses quickly, anticipates rotations, and makes smart decisions in transition. Demonstrates patience in half‑court sets and resilience under pressure, projecting as a high‑IQ contributor.",Modern scoring forward archetype with perimeter skill and defensive versatility. Projects as a frontcourt piece who can toggle between primary scorer and secondary facilitator. His archetype trajectory mirrors forwards who blend offensive polish with defensive reliability.,,,,,Versatile forward with traits of Pascal Siakam.,
7,Nate Ament,18,Gold,"6'9""",207,PF,"7'1""",Tennessee,ModalKey-Ament,,"Name: Nate Ament
Badge Tier: Gold
Team: Tennessee
Height/Weight: 6'10, 207 lbs
Wingspan: 6'11

Scouting Notes: Skilled forward with perimeter shooting touch and mobility. Comfortable attacking closeouts, spacing the floor, and finishing in transition. Shows flashes of shot creation and defensive versatility. Early production at Tennessee confirms high‑usage scoring potential (20.5 PPG, 8.5 RPG through first two games). Developing strength but already impactful in SEC competition.

Defensive Profile: Switchable defender with length; capable of guarding wings and forwards.
Historical Echoes: Harrison Barnes (perimeter scoring + versatile forward role), Tobias Harris (floor spacing + secondary scoring).
Audit Notes: Verified Tennessee roster and measurements; SEC production benchmarks confirmed; developmental archetype trending toward versatile scoring forward. McDonald’s All‑American and USA U18 gold medalist credentials strengthen Tier evaluation.",,"Free: Fits as a high‑energy wing in transition.
Pro: Thrives in uptempo systems, complements creators by cutting and finishing, and scales usage as a secondary scorer. His athleticism makes him a natural fit in pace‑and‑space offenses, while his defensive versatility adds roster flexibility.","Free: Versatile wing defender with length and energy. Has already put on at least 15 lbs of muscle since high school.*
Pro: Guards 2–4, contests perimeter shots, and rotates aggressively to cover gaps. Shows flashes of switching onto guards, though discipline against quicker matchups is still developing. Projects as a multi‑positional defender with upside as a disruptive presence.",,"Needs to polish jumper and improve discipline on rotations. If perimeter shot stagnates, ceiling shifts from two‑way wing to energy role player. Continued skill development and defensive refinement will be critical to maximize his long‑term impact.",,"Free: Aggressive slasher with developing jumper.
Pro: Prefers attacking the rim, drawing fouls, and finishing through contact. Mid‑range jumper remains streaky but is trending upward; catch‑and‑shoot mechanics are stabilizing. His shot profile suggests potential as a three‑level scorer if perimeter growth continues.","Free: Gerald Wallace
Pro: Echoes Andre Iguodala and Shawn Marion as versatile wings with defensive toughness and slashing ability. Like Iguodala, he projects as a connector piece with defensive versatility; Marion’s blend of athleticism and transition scoring is a developmental target for his offensive ceiling","Free: Shows instinctive playmaking flashes.
Pro: Anticipates defensive pressure, makes quick reads in transition, and is developing patience in half‑court sets. Demonstrates resilience after mistakes and flashes leadership qualities, projecting as a high‑IQ contributor with room to grow",Athletic wing archetype with slashing and defensive upside. Projects as a versatile two‑way contributor who can toggle between secondary scorer and defensive stopper. His archetype trajectory mirrors modern wings who thrive in transition and impact both ends of the floor,,,,,Wing prospect with blend of Gordon Hayward.,
8,Chris Cenac Jr.,18,Gold,"6'10""",200,PF/C,"7'2""",Houston,ModalKey-Cenac Jr.,,"Name: Chris Cenac Jr.
Badge Tier: Gold
Team: Houston
Height/Weight: 6'11, 240 lbs
Wingspan: 7'4

Scouting Notes: Long, mobile big with inside-out scoring and rim-running value. Comfortable posting, facing up, and stretching to three; shows poise finishing and operating in space. Rebounding presence with improving foul discipline and turnover control.

Defensive Profile: Length-driven disruptor with shot-blocking and switchable flashes in space; projects plus rim protection with scheme versatility.
Historical Echoes: Jaren Jackson Jr. (length + rim protection + face-up scoring), Evan Mobley (mobility + touch + defensive range).
Audit Notes: Consensus top-10 recruit; verified Houston roster and measurements; wingspan and early production align with modern two-way big overlays.",,"Free: Fits as a rim‑running big in transition.
Pro: Thrives in pick‑and‑roll actions, complements perimeter creators, and scales usage as a defensive anchor. His ability to finish lobs and protect the rim makes him a natural fit in modern spread offenses","Free: Strong interior defender with rim protection instincts.
Pro: Anchors paint defense, contests drives, and rotates to cover gaps. Uses size and timing to deter shots at the rim, though lateral quickness is still developing. Projects as a reliable interior anchor with upside as a scheme‑defining rim protector",,"Needs to expand offensive skill set beyond rim finishing. If perimeter shooting doesn’t develop, ceiling shifts from versatile big to role‑specific rim protector. Continued skill growth and conditioning will be critical to maximize long‑term impact.",,"Free: Efficient finisher around the rim.
Pro: Rim finishing is elite, with soft touch and explosive athleticism. Mid‑range jumper is emerging, and while perimeter shooting remains limited, free‑throw mechanics are improving. His shot profile suggests potential to expand beyond rim‑running into a more versatile scoring role.","Free: Clint Capela–style rim‑protecting big.
Pro: Echoes Anthony Davis and Jarrett Allen — Davis for flashes of perimeter skill and mobility; Allen for defensive awareness and touch around the rim. Projects as a rim protector and lob finisher with upside if skill development continues.","Free: Shows instinctive defensive awareness.
Pro: Anticipates drives, rotates quickly, and communicates well on defense. Demonstrates patience in offensive sets, showing flashes of decision‑making maturity. Projects as a high‑IQ big who can anchor both ends of the floor",Rim‑protecting big archetype with athletic finishing. Projects as a modern center who can toggle between defensive anchor and rim‑running scorer. His archetype trajectory mirrors bigs who thrive in pick‑and‑roll while providing consistent rim protection.,,,,,Interior presence with flashes of Clint Capela.,
9,Flory Bidunga,20,Gold,"6'10""",220,C,"7'6""",Kansas,ModalKey-Bidunga,,"Name: Flory Bidunga
Badge Tier: Gold
Team: Kansas
Height/Weight: 6'9, 220 lbs
Wingspan: 7'4

Scouting Notes: Explosive big with elite rebounding and rim protection. High motor, strong physical presence, and consistent rim-running value. Developing offensive polish but already impactful as a lob threat and interior finisher. Shows leadership traits and competitive edge.

Defensive Profile: Elite rim protector with mobility; capable of anchoring a defense and switching in space.
Historical Echoes: Bam Adebayo (defensive anchor + mobility), Clint Capela (rim protection + rebounding).
Audit Notes: Verified Kansas roster and measurements; rebounding and rim protection overlays benchmarked; Tier 1 defensive archetype confirmed.",,"Free: Fits as a rim‑running big in transition.
Pro: Thrives in pick‑and‑roll actions, complements perimeter creators, and scales usage as a defensive anchor. His ability to finish lobs and protect the rim makes him a natural fit in modern spread offenses","Free: Strong interior defender with rim protection instincts.
Pro: Anchors paint defense, contests drives, and rotates to cover gaps. Uses size and timing to deter shots at the rim, though lateral quickness is still developing. Projects as a reliable interior anchor with upside as a scheme‑defining rim protector.",,"Has to expand offensive skill set beyond rim finishing. If perimeter shooting doesn’t develop, ceiling shifts from versatile big to role‑specific rim protector. Continued skill growth and conditioning will be critical to maximize long‑term impact.",,"Free: Efficient finisher around the rim.
Pro: Rim finishing is elite, with soft touch and explosive athleticism. Mid‑range jumper is emerging, and while perimeter shooting remains limited, free‑throw mechanics are improving. His shot profile suggests potential to expand beyond rim‑running into a more versatile scoring role.","Free: Kenneth Faried–style high‑energy interior big.
Pro: Echoes Bam Adebayo and Clint Capela — explosive rebounder and rim protector with lob‑finishing ability. Like Adebayo, he flashes short‑roll playmaking and defensive versatility; Capela’s rebounding and rim‑running are developmental baselines for his interior role.","Free: Shows instinctive defensive awareness.
Pro: Anticipates drives, rotates quickly, and communicates well on defense. Demonstrates patience in offensive sets, showing flashes of decision‑making maturity. Projects as a high‑IQ big who can anchor both ends of the floor",Rim‑protecting big archetype with athletic finishing. Projects as a modern center who can toggle between defensive anchor and rim‑running scorer. His archetype trajectory mirrors bigs who thrive in pick‑and‑roll while providing consistent rim protection.,,,,,Athletic big with rim‑running like Jarrett Allen.,
10,Meleek Thomas,19,Gold,"6'5""",185,PG/SG,"6'7""",Arkansas,ModalKey-Thomas,,"Name: Meleek Thomas
Badge Tier: Gold
Team: Arkansas
Height/Weight: 6'5, 185 lbs
Wingspan: 6'7

Scouting Notes: Five‑star freshman guard making an immediate impact at Arkansas under John Calipari. Explosive scorer with perimeter shooting touch and ability to attack off the dribble. Early SEC production confirms high‑usage offensive potential (averaging ~18 PPG with strong rebounding and assists). Shows leadership traits and competitive edge in a loaded Razorbacks backcourt.

Defensive Profile: Active perimeter defender with length; capable of guarding 1–2 with anticipation and effort.
Historical Echoes: Jamal Murray (scoring guard + perimeter shooting), Bradley Beal (shot creation + usage profile).
Audit Notes: Verified Arkansas roster and measurements. SEC production benchmarks confirmed; shot diet overlays highlight high‑volume perimeter scoring archetype. McDonald’s All‑American and Overtime Elite pedigree strengthen Tier evaluation.",,"Free: Fits as a combo guard in multiple systems.
Pro: Integrates seamlessly on or off ball, complements primary creators, and adapts to varied offensive schemes. His ability to toggle between lead guard and secondary scorer makes him a plug‑and‑play option across different roster builds.","Free: Quick guard defender with anticipation.
Pro: Defends 1–2 with sharp instincts, challenges perimeter attempts, and disrupts passing lanes. Needs added strength to consistently contain bigger guards, but his point‑of‑attack defense already shows flashes of being a difference‑maker.",,"Requires strength gains and improved finishing against length. If rim pressure stagnates, long‑term outlook pivots from primary initiator to rotational scorer. Physical development and durability are essential to sustain his ceiling as a two‑way guard.",,"Free: Confident perimeter shooter with range.
Pro: Catch‑and‑shoot three is dependable, pull‑up jumper evolving into a reliable weapon. Mixes perimeter looks with aggressive drives, giving him a diversified scoring profile. His shot selection is trending toward three‑level efficiency.","Free: CJ McCollum–style scoring guard.
Pro: Parallels Tyrese Maxey and Jamal Crawford — scoring guards with perimeter shot creation and combo‑guard instincts. Like Maxey, thrives in uptempo systems with burst and shooting gravity; Crawford’s craft and improvisational scoring serve as stylistic benchmarks for his offensive ceiling.","Free: Shows advanced feel for guard play.
Pro: Diagnoses defenses quickly, anticipates rotations, and makes composed choices in pick‑and‑roll. Demonstrates persistence under pressure and a guiding influence on teammates, projecting as a stabilizing presence in backcourt roles.",Emerging combo guard archetype with perimeter gravity and secondary playmaking. Forecasts as a lead initiator if shooting consistency holds; otherwise evolves into a high‑level secondary scorer with defensive utility. His growth model mirrors modern guards who blend scoring punch with playmaking versatility.,,,,,Scoring guard with flashes of Jordan Clarkson.,
11,Dash Daniels,18,Gold,"6'6""",200,PG,"6'10""","Melbourne United (NBL Next Stars, Australia)",ModalKey-Daniels,,"Name: Dash Daniels
Badge Tier: Gold
Team: Melbourne United (NBL Next Stars)
Height/Weight: 6'6, 198 lbs
Wingspan: 6'10

Scouting Notes: Younger brother of NBA guard Dyson Daniels. Signed as an NBL Next Star at age 17, rejecting U.S. college offers. Regarded as a top‑10 prospect for the 2026 NBA Draft. Elite defender with quick feet and anticipation; standout at Basketball Without Borders camp (Top Defensive Player). Shows flashes of playmaking and transition scoring.

Defensive Profile: High‑level perimeter defender; capable of guarding 1–3 with length and anticipation.
Historical Echoes: Dyson Daniels (two‑way guard + defensive stopper), Jrue Holiday (defensive IQ + versatility).
Audit Notes: Verified Melbourne United roster and NBL Next Stars contract; FIBA U17 World Cup leader in steals; NBA Academy Australia pedigree confirms Tier evaluation.",,"Free: Gels well next to a primary creator.
Pro: Complements ball‑dominant guards, adapts to pace‑and‑space offenses, and doesn’t require heavy touches to impact. His ability to mesh as a secondary scorer or off‑ball weapon makes him a universally compatible wing.","Free: Active wing defender with quick hands.
Pro: Contains 2–3 matchups effectively, pressures shooters, and flashes anticipation in rotations. Needs steadier off‑ball focus, but his blend of length and activity suggests upside as a disruptive perimeter stopper.",,"Must refine shot diet and defensive steadiness to maximize ceiling. If perimeter efficiency plateaus, long‑term outlook pivots from high‑level scorer to rotational wing. Continued growth in decision‑making and defensive control is pivotal to sustain star potential.",,"Free: Pull‑up scorer with improving efficiency.
Pro: Pull‑up jumper remains streaky but is trending upward; catch‑and‑shoot mechanics are consistent and productive. Diversifies scoring with mid‑range looks and rim attacks, creating a versatile shot profile that can scale into higher usage.","Free: Andre Iguodala–style defensive connector.
Pro: Echoes Andre Iguodala and Josh Hart — versatile wings with defensive toughness, playmaking instincts, and slashing ability. Like Iguodala, he projects as a connector piece with defensive versatility and vision; Hart’s blend of rebounding, energy, and secondary scoring is a developmental target for his offensive ceiling.","Free: Shows poise and resilience under pressure.
Pro: Recognizes defensive rotations, maintains composure in late‑game situations, and demonstrates persistence after mistakes. His stabilizing influence and vocal presence project leadership qualities that elevate team chemistry.",Scoring wing archetype with perimeter gravity and secondary playmaking. Profiles as a modern offensive piece who can toggle between primary scorer and complementary initiator. His stylistic evolution mirrors wings who blend shot creation with off‑ball adaptability.,,,,,Guard prospect with vision like Tyrese Haliburton.,
12,Coen Carr,20,Gold,"6'6""",225,SF,"6'10""",Michigan St.,ModalKey-Carr,,"Name: Coen Carr
Badge Tier: Gold
Team: Michigan State
Height/Weight: 6'6, 230 lbs
Wingspan: 6'10

Scouting Notes: Junior forward known for highlight dunks and defensive activity. Averaged 8.1 PPG and 3.6 RPG last season on 61% shooting. Early 2025–26 performances include 15 points and 7 rebounds vs Arkansas, showcasing growth as a scorer and rebounder. Developing passing and ball‑handling skills.

Defensive Profile: Versatile defender with strength and anticipation; capable of guarding wings and forwards.
Historical Echoes: Shawn Marion (athleticism + defensive versatility), Gerald Wallace (energy + two‑way impact).
Audit Notes: Verified Michigan State roster and production; Julius Erving Small Forward of the Year watchlist; Big Ten production benchmarks confirmed.",,"Fits as a high‑energy wing in transition.
Pro: Excels in uptempo systems, meshes with creators by cutting and finishing, and adapts to secondary scoring roles. His athleticism and defensive versatility make him a plug‑and‑play option across multiple roster constructions.","Free: Explosive wing defender with athleticism to contest across positions.
Pro: Checks 2–4 matchups with physicality, challenges shots using length and bounce, and recovers quickly in rotations. Still refining steadiness against quicker guards, but his blend of size and agility points toward multi‑positional defensive value.",,"Must polish perimeter shooting and improve rotational discipline. If jumper stagnates, long‑term outlook pivots from two‑way wing to energy role player. Continued skill refinement and defensive steadiness are pivotal to sustaining his ceiling.",,"Free: Aggressive slasher with developing jumper.
Pro: Attacks the rim with force, draws fouls consistently, and finishes through contact. Mid‑range jumper remains streaky but is progressing; catch‑and‑shoot mechanics are stabilizing. His scoring profile is evolving into a balanced mix of rim pressure and perimeter potential.","Free: Gerald Wallace–style defensive wing with explosive energy.
Pro: Mirrors Shawn Marion and Vince Carter (athleticism benchmark) — Marion for versatile defense and transition scoring; Carter as a stylistic reference for freak vertical leaping, though Carr is far less polished offensively at the same stage.","Free: Shows instinctive playmaking flashes.
Pro: Recognizes defensive pressure, makes quick reads in transition, and is learning patience in half‑court sets. Demonstrates persistence after mistakes and flashes vocal presence, projecting as a connector piece with leadership upside.",Athletic wing archetype with slashing and defensive upside. Profiles as a versatile two‑way contributor who can evolve into a secondary scorer and defensive stopper. His growth model mirrors modern wings who thrive in transition and impact both ends of the floor.,,,,,Explosive athlete with leaping like Derrick Jones Jr.,
13,Ian Jackson,20,Gold,"6'6""",185,SG,6'9,St. Johns,ModalKey-Jackson,,"Name: Ian Jackson
Badge Tier: Gold
Team: St. John’s
Height/Weight: 6'5, 195 lbs
Wingspan: 6'8

Scouting Notes: Explosive sophomore guard who transferred from UNC after an All‑Rookie ACC season (11.9 PPG, 39.5% from three). Confident scorer with perimeter shooting touch and ability to attack off the dribble. Shows leadership traits and competitive edge in high‑major settings. Early production at St. John’s confirms trajectory as a primary scoring option.

Defensive Profile: Active perimeter defender with length; capable of guarding 1–3 with anticipation and effort.
Historical Echoes: Anthony Edwards (athletic scoring guard + shot creation), Jalen Suggs (two‑way guard with perimeter shooting).
Audit Notes: Verified St. John’s roster and transfer status; ACC freshman benchmarks confirmed; shot diet overlays highlight high‑volume perimeter scoring archetype.",,"Free: Fits as a combo guard in multiple systems
Pro: Works well on or off ball, complements primary creators, scalable usage as secondary initiator","Free: Quick guard defender with anticipation.
Pro: Contains 1–2 matchups effectively, pressures shooters, and disrupts passing lanes with sharp instincts. Needs added strength to consistently withstand bigger guards, but his point‑of‑attack defense already shows promise as a disruptive presence.",,Combo guard archetype with scoring gravity and secondary playmaking. Profiles as a modern offensive piece who can evolve into a lead initiator if shooting consistency holds. His developmental path mirrors guards who blend perimeter creation with playmaking versatility..,,"Free: Confident perimeter shooter with range.
Pro: Catch‑and‑shoot three is steady, pull‑up jumper evolving into a dependable weapon. Diversifies scoring with rim attacks and mid‑range looks, creating a versatile shot profile that can scale into higher usage. His offensive rhythm suggests long‑term three‑level scoring potential.","Free: Zach LaVine–style athletic scoring wing.
Pro: Echoes Zach LaVine and Malik Monk — perimeter shot‑maker with burst and transition scoring. Like LaVine, projects as a vertical athlete with pull‑up potential; Monk’s catch‑and‑shoot and secondary creation are developmental baselines for his offensive ceiling.","Free: Fits as a combo guard in multiple systems.
Pro: Integrates seamlessly on or off ball, complements primary creators, and adapts to varied offensive schemes. His ability to toggle between lead guard and secondary scorer makes him universally compatible across roster builds.","Free: Possesses an advanced feel for guard play.
Pro: Interprets coverages quickly, anticipates rotations, and makes composed choices in pick‑and‑roll. Demonstrates persistence under pressure and a stabilizing influence on teammates, projecting as a guiding presence in backcourt roles.",,,,,Wing scorer with flashes of Zach LaVine.,
14,Boogie Fland,19,Gold,"6'3""",180,PG,"6'6""",Florida,ModalKey-Fland,,"Name: Boogie Fland
Badge Tier: Silver
Team: Kentucky
Height/Weight: 6'2, 180 lbs
Wingspan: 6'5

Scouting Notes: Crafty lead guard with advanced feel for pace and spacing...
Defensive Profile: Disruptive point-of-attack defender with anticipation skills.
Historical Echoes: Jalen Brunson, Tyus Jones.
Audit Notes: Tier 2 guard audit confirmed; possession tagging highlights pick-and-roll efficiency.",,"Free: Fits as a combo guard in multiple systems.
Pro: Integrates seamlessly on or off ball, complements primary creators, and adapts to varied offensive schemes. His ability to toggle between lead guard and secondary scorer makes him universally compatible across roster builds.","Free: Active guard defender with quick anticipation.
Pro: Contains 1–2 matchups effectively, pressures ball handlers, and disrupts passing lanes with sharp instincts. Still developing steadiness against stronger guards, but his point‑of‑attack defense projects as disruptive in modern schemes.",,"Requires strength gains and improved finishing against length. If rim pressure stagnates, long‑term outlook pivots from primary initiator to rotational scorer. Physical development and durability are essential to sustain his ceiling as a two‑way guard.",,"Free: Confident perimeter shooter with range.
Pro: Catch‑and‑shoot three is consistent, pull‑up jumper evolving into a dependable weapon. Diversifies scoring with rim attacks and mid‑range looks, creating a versatile shot profile that can scale into higher usage. His offensive rhythm suggests long‑term three‑level scoring potential.","Free: Jalen Brunson–style poised combo guard.
Pro: Echoes Jalen Brunson and Tyrese Maxey — balanced shot creation with pacing and burst. Like Brunson, manipulates pace and mid‑range windows; Maxey’s acceleration and spacing gravity are targets for scalability in uptempo contexts.","Free: Demonstrates advanced feel for guard play.
Pro: Interprets coverages quickly, anticipates rotations, and makes composed choices in pick‑and‑roll. Demonstrates persistence under pressure and a stabilizing influence on teammates, projecting as a guiding presence in backcourt roles.",Combo guard archetype with scoring gravity and secondary playmaking. Profiles as a modern offensive piece who can evolve into a lead initiator if shooting consistency holds. His developmental path mirrors guards who blend perimeter creation with playmaking versatility.,,,,,Crafty guard with scoring like CJ McCollum.,
15,Solo Ball,20,Gold,"6'3""",190,SG,"7'0""",UConn,ModalKey-Ball,,"Name: Solo Ball
Badge Tier: Gold
Team: UConn
Height/Weight: 6'3, 190 lbs
Wingspan: 7'0

Scouting Notes: Junior guard with proven shooting ability (41% from three as a sophomore). Shows growth attacking closeouts and creating off the dribble. Uses length to disrupt defensively. Competitive edge noted, though streaky shooting stretches flagged late last season.

Defensive Profile: Long guard with disruptive potential; active in passing lanes and contests.
Historical Echoes: Jordan Clarkson (microwave scoring + combo guard role), Terry Rozier (perimeter shooting + defensive activity).
Audit Notes: Verified UConn roster and production; Big East Freshman of the Year trajectory; shooting overlays benchmarked against high‑volume perimeter guards.",,"Free: Fits as a combo guard in multiple systems.
Pro: Integrates seamlessly on or off ball, complements primary creators, and adapts to varied offensive schemes. His ability to toggle between lead guard and secondary scorer makes him universally compatible across roster builds.","Free: Active guard defender with quick anticipation.
Pro: Contains 1–2 matchups effectively, pressures ball handlers, and disrupts passing lanes with sharp instincts. Still developing steadiness against stronger guards, but his point‑of‑attack defense projects as disruptive in modern schemes.",,"Requires strength gains and improved finishing against length. If rim pressure stagnates, long‑term outlook pivots from primary initiator to rotational scorer. Physical development and durability are essential to sustain his ceiling as a two‑way guard.",,"Free: Confident perimeter shooter with range.
Pro: Catch‑and‑shoot three is consistent, pull‑up jumper evolving into a dependable weapon. Diversifies scoring with rim attacks and mid‑range looks, creating a versatile shot profile that can scale into higher usage. His offensive rhythm suggests long‑term three‑level scoring potential.","Free: Terry Rozier–style scoring guard.
Pro: Parallels Tyrese Maxey and Jamal Crawford — scoring guards with perimeter shot creation and combo‑guard instincts. Like Maxey, thrives in uptempo systems with burst and shooting gravity; Crawford’s craft and improvisational scoring serve as stylistic benchmarks for his offensive ceiling.","Free: Shows advanced feel for guard play.
Pro: Interprets coverages quickly, anticipates rotations, and makes composed choices in pick‑and‑roll. Demonstrates persistence under pressure and a stabilizing influence on teammates, projecting as a guiding presence in backcourt roles.",Combo guard archetype with scoring gravity and secondary playmaking. Profiles as a modern offensive piece who can evolve into a lead initiator if shooting consistency holds. His developmental path mirrors guards who blend perimeter creation with playmaking versatility.,,,,,"Explosive guard with defensive upside, reminiscent of Donovan Mitchell’s athletic burst.",
16,Darius Acuff Jr.,19,Gold,"6'2""",180,PG,"6'6""",Arkansas,ModalKey-Acuff Jr.,,"Name: Darius Acuff Jr.
Badge Tier: Gold
Team: Arkansas
Height/Weight: 6'3, 190 lbs
Wingspan: 6'6

Scouting Notes: Five‑star freshman guard at Arkansas, ranked No. 1 point guard in the 2025 class. IMG Academy standout and McDonald’s All‑American. Tournament MVP at the 2024 FIBA U18 AmeriCup. Early SEC production highlights his ability to score at all three levels and create for teammates. Projected one‑and‑done lottery pick under John Calipari.

Defensive Profile: Quick, disruptive defender; capable of guarding 1–2 with anticipation and effort.
Historical Echoes: Kyrie Irving (scoring guard + creativity), Ja Morant (explosiveness + playmaking).
Audit Notes: Verified Arkansas roster and commitment; McDonald’s All‑American; USA Basketball gold medalist credentials confirm Tier evaluation.",,"Free: Fits as a combo guard in multiple systems.
Pro: Integrates seamlessly on or off ball, complements primary creators, and adapts to varied offensive schemes. His ability to toggle between lead guard and secondary scorer makes him universally compatible across roster builds.","Free: Active guard defender with quick anticipation.
Pro: Contains 1–2 matchups effectively, pressures ball handlers, and disrupts passing lanes with sharp instincts. Still developing steadiness against stronger guards, but his point‑of‑attack defense projects as disruptive in modern schemes.",,"Requires strength gains and improved finishing against length. If rim pressure stagnates, long‑term outlook pivots from primary initiator to rotational scorer. Physical development and durability are essential to sustain his ceiling as a two‑way guard.",,"Free: Confident perimeter shooter with range.
Pro: Catch‑and‑shoot three is consistent, pull‑up jumper evolving into a dependable weapon. Diversifies scoring with rim attacks and mid‑range looks, creating a versatile shot profile that can scale into higher usage. His offensive rhythm suggests long‑term three‑level scoring potential.","Free: Eric Gordon–style scoring guard.
Pro: Parallels Tyrese Maxey and Jamal Crawford — scoring guards with perimeter shot creation and combo‑guard instincts. Like Maxey, thrives in uptempo systems with burst and shooting gravity; Crawford’s craft and improvisational scoring serve as stylistic benchmarks for his offensive ceiling.","Free: Shows advanced feel for guard play.
Pro: Interprets coverages quickly, anticipates rotations, and makes composed choices in pick‑and‑roll. Demonstrates persistence under pressure and a stabilizing influence on teammates, projecting as a guiding presence in backcourt roles.",Combo guard archetype with scoring gravity and secondary playmaking. Profiles as a modern offensive piece who can evolve into a lead initiator if shooting consistency holds. His developmental path mirrors guards who blend perimeter creation with playmaking versatility.,,,,,Scoring guard with flashes of Lou Williams.,
17,Tounde Yessefou,18,Gold,"6'6""",215,SG/SF,"6'8.5""",Baylor,ModalKey-Yessefou,,"Name: Tounde Yessoufou
Badge Tier: Gold
Team: Baylor
Height/Weight: 6'5, 215 lbs
Wingspan: 6'10

Scouting Notes: Five‑star freshman wing with elite two‑way potential. High school résumé includes 32 PPG senior season and California scoring records. Early buzz at Baylor highlights his ability to attack off the dribble, finish through contact, and space the floor. Motor and mentality draw rave reviews; projected one‑and‑done lottery talent.

Defensive Profile: Relentless defender with strength and anticipation; capable of guarding 2–4 and disrupting passing lanes.
Historical Echoes: Jaylen Brown (athletic scoring wing + defensive versatility), Victor Oladipo (two‑way guard/wing impact).
Audit Notes: Verified Baylor roster and measurements; McDonald’s All‑American; ranked top‑10 small forward nationally entering 2025–26; NBA lottery projections confirm Tier evaluation.",,"Free: Plug‑and‑play scorer.
Pro: Plug‑and‑play in pace‑and‑space; thrives as secondary scorer and defensive anchor.","Free: Strong enough to guard bigger wings.
Pro: Strong enough to guard bigger wings, quick enough to stay in front of guards. Generates steals and deflections with anticipation.
",,"Free: Turnover risk.
Pro: Over‑aggression leads to turnovers; needs refinement in shot selection and ball security.",,"Free: Rim finishing elite.
Pro: Rim finishing elite; mid‑range jumper reliable; perimeter shot improving but streaky.","Free: Jaylen Brown–style attacking wing.
Pro: Echoes Jaylen Brown and Anthony Edwards — attacking wings with strength and burst. Like Brown, pressures the rim with power and two‑way impact; Edwards’ explosive downhill scoring and athleticism serve as a stylistic benchmark for his offensive ceiling.","Free: Aggressive attacker.
Pro: Shows attacking mindset with confidence; anticipates defensive rotations and exploits mismatches.","Free: Slashing wing.
Pro: Slashing wing archetype with potential to expand perimeter shooting and refine decision‑making.",,,,,Forward prospect with toughness like Jae Crowder.,
18,Isaiah Evans,19,Gold,"6'7""",175,SG/SF,"6'9""",Duke,ModalKey-Evans,,"Name: Isaiah Evans
Badge Tier: Gold
Team: Duke
Height/Weight: 6'6, 180 lbs
Wingspan: 6'9

Scouting Notes: Sophomore wing emerging as a featured scorer for Duke. Career‑high 23 points vs Texas in the 2025 opener highlighted his perimeter shooting and confidence. Efficient catch‑and‑shoot threat with growing ability to attack off the dribble. Shows leadership traits and competitive edge in ACC play.

Defensive Profile: Active perimeter defender with length; capable of guarding 2–3 with anticipation.
Historical Echoes: Saddiq Bey (catch‑and‑shoot + defensive length), Allan Houston (perimeter scoring + confidence).
Audit Notes: Verified Duke roster and production; preseason All‑ACC selection; three‑point shooting overlays benchmarked at 41.6% freshman season.",,"Free: Scoring wing in pace‑and‑space.
Pro: Fits best as a scoring wing in pace‑and‑space systems; provides floor spacing and secondary creation, complements ball‑dominant guards.","Free: Long wing defender with disruptive length.
Pro: Uses 6‑7 frame and wingspan to contest shots and disrupt passing lanes; versatile enough to guard 2–4 with anticipation and timing.",,"Free: Shot selection concerns.
Pro: Risk tied to streaky shooting and occasional tunnel vision; must improve decision‑making and defensive engagement to maximize impact.",,"Free: Smooth perimeter scorer.
Pro: Confident perimeter shooter with fluid mechanics; excels in catch‑and‑shoot and pull‑up situations, though shot selection can be streaky.","Free: Brandon Ingram–style scoring wing.
Pro: Echoes Brandon Ingram and Cam Reddish — long, fluid wings with perimeter shot creation and defensive versatility. Like Ingram, projects as a smooth scorer with mid‑range touch and three‑level potential; Reddish’s frame and developmental path serve as a realistic baseline. Paul George is a stylistic benchmark if Evans adds strength and two‑way consistency.","Free: Poised scorer.
Pro: Shows patience and confidence in scoring decisions; reads defenders well, but can force shots when pressured.","Free: Offensive‑minded wing.
Pro: Offensive‑minded wing archetype with upside as a three‑level scorer; developmental focus on defensive consistency and strength.",,,,,Wing scorer with shooting like Kevin Huerter.,
19,Jayden Quaintance,18,Gold,"6'9""",225,PF,"7'3""",Kentucky,ModalKey-Quaintance,,"Name: Jayden Quaintance
Badge Tier: Gold
Team: Kentucky
Height/Weight: 6'10, 255 lbs
Wingspan: 7'3

Scouting Notes: Sophomore transfer from Arizona State, where he averaged 9.4 PPG, 7.9 RPG, and 2.6 BPG as a 17‑year‑old freshman. Named to the Big 12 All‑Freshman and All‑Defensive Teams. Now at Kentucky, recovering from an ACL tear but already ahead of schedule. Elite shot blocker with rebounding presence; raw but improving offensive skill set. Widely projected as a top‑5 pick in the 2026 NBA Draft.

Defensive Profile: Dominant rim protector with elite timing; capable of anchoring a defense and switching in space.
Historical Echoes: Jaren Jackson Jr. (rim protection + mobility), Evan Mobley (length + defensive versatility).
Audit Notes: Verified Kentucky roster and transfer status.",,"Free: Interior anchor who thrives as a rim‑runner.
Pro: Best fit as a rim‑running big who defends the paint and finishes in transition.","Free: Physical interior defender who protects the rim with size and strength.
Pro: Uses size and strength to protect the rim; shows timing as a shot‑blocker and rebounder.",,"Free: Limited shooting range is a concern.
Pro: Risk tied to perimeter skill development; must expand offensive range to avoid being one‑dimensional.",,"Free: Efficient paint finisher with developing touch.
Pro: High efficiency around the rim; developing mid‑range touch, perimeter shot still raw.","Free: Jericho Sims–style athletic rim protector.
Pro: Echoes Bam Adebayo and Clint Capela — explosive rim‑runner with defensive presence and developing skill. Like Adebayo, shows flashes of face‑up creation and passing instincts; Capela’s rim protection, rebounding, and lob finishing serve as a stylistic baseline for his early impact.","Free: Emerging feel for spacing and decision‑making.
Pro: Shows flashes of reading defenses; still learning spacing and decision‑making under pressure.","Free: Traditional big with rim‑protecting upside.
Pro: Traditional big archetype with upside as a rim protector and lob threat; perimeter skills are developmental.",,,,,Young big with rim‑protecting like Jaren Jackson Jr.,
20,Alijah Arenas,18,Gold,"6'5""",185,SG,"7'0""",USC,ModalKey-Arenas,,"Name: Alijah Arenas
Badge Tier: Gold
Team: USC
Height/Weight: 6'6, 195 lbs
Wingspan: 7'0

Scouting Notes: Five‑star freshman guard, son of former NBA All‑Star Gilbert Arenas. Reclassified into the 2025 class and committed to USC over Kentucky, Kansas, and Arizona. Elite scoring résumé in high school (over 3,000 points, CIF LA City Section record). Currently sidelined 6–8 months after knee surgery but expected to return as a high‑impact perimeter scorer. Smooth shooting stroke, versatile scoring package, and strong positional size.

Defensive Profile: Uses length and anticipation to contest shots; developing lateral quickness.
Historical Echoes: Brandon Roy (scoring guard + smooth perimeter game), Allan Houston (shooting touch + size).
Audit Notes: Verified USC roster and commitment; McDonald’s All‑American; ESPN Top‑15 recruit.",,"Free: Scoring guard who thrives in uptempo play.
Pro: Fits as a scoring guard who thrives in uptempo systems; secondary playmaker potential.","Free: Active perimeter defender who pressures ball handlers.
Pro: Quick hands and anticipation; pressures ball handlers and creates turnovers.",,"Free: Shot selection can be inconsistent.
Pro: Risk tied to streaky perimeter shooting and occasional tunnel vision.",,"Free: Confident scorer who attacks off the dribble.
Pro: Comfortable attacking off the dribble; perimeter shot streaky but improving.","Free: Kelly Oubre Jr.–style scoring wing.
Pro: Echoes Rudy Gay and Cam Reddish — athletic wings with perimeter shot creation and defensive versatility. Like Gay, projects as a smooth mid‑range scorer with downhill finishing; Reddish’s frame and developmental path serve as a realistic baseline for his offensive ceiling.","Free: Aggressive mindset with attacking mentality.
Pro: Shows attacking mentality; reads defenders well but can force shots.","Free: Combo guard with scoring upside.
Pro: Combo guard archetype with scoring upside; developmental focus on shot selection and playmaking balance.",,,,,Scoring guard with instincts like Gilbert Arenas.,
21,Cayden Boozer,18,Gold,"6'4""",205,PG,"6'7""",Duke,ModalKey-CaydenBoozer,,"Name: Cayden Boozer
Badge Tier: Gold
Team: Duke
Height/Weight: 6'4, 205 lbs
Wingspan: 6'7

Scouting Notes: Freshman guard at Duke, twin brother of Cameron Boozer. Elite passer with strong defensive instincts. Averaged 14.3 PPG, 7.2 APG, and 3.8 RPG as a senior at Christopher Columbus HS (Miami). Early Duke production highlights his ability to run the offense and defend multiple positions. Shows leadership traits and competitive edge.

Defensive Profile: Smart, anticipatory defender with length; capable of guarding 1–2.
Historical Echoes: Tyrese Haliburton (passing + floor general role), Andre Miller (steady leadership + vision).
Audit Notes: Verified Duke roster and measurements; McDonald’s All‑American and USA U17 gold medalist credentials confirm Tier evaluation.",,"Free: Combo guard who thrives in uptempo play.
Pro: Fits best as a combo guard who can initiate offense, push pace, and complement scoring wings; provides secondary playmaking and defensive toughness, making him versatile across lineup constructions.","Free: Strong guard defender who uses size to pressure opponents.
Pro: Physical guard defender with quick hands and anticipation; leverages strength to body up ball handlers, fights through screens, and competes across multiple perimeter matchups.",,"Free: Shooting consistency is a concern.
Pro: Risk tied to streaky perimeter shooting and occasional over‑aggression; must improve shot selection and polish decision‑making to avoid inefficiency at higher levels.",,"Free: Developing perimeter shooter with confidence.
Pro: Comfortable attacking off the dribble and finishing through contact; mid‑range jumper reliable, perimeter shot streaky but improving, with mechanics showing repeatability and upside as a catch‑and‑shoot threat.","Free: Marcus Smart–style physical guard.
Pro: Echoes Marcus Smart, Tyus Jones, and Andre Miller — versatile guards blending toughness, IQ, and floor general instincts. Like Smart, defends physically and leads with grit; Jones’ tempo control and Miller’s strength‑based playmaking serve as stylistic benchmarks for his offensive ceiling. Deron Williams is a stylistic benchmark if Boozer’s strength and scoring gravity fully develop.","Free: High IQ guard who reads defenses.
Pro: Shows advanced feel for tempo and spacing; anticipates rotations, makes quick passing decisions, and balances scoring with playmaking instincts, though can occasionally force plays under pressure.","Free: Physical lead guard with upside.
Pro: Lead guard archetype with potential to grow into a primary initiator; developmental focus on refining perimeter shooting consistency and expanding playmaking repertoire to maximize offensive versatility",,,,,,
22,Bennett Stirtz,19,Gold,"6'4""",190,PG,"6'6""",Iowa,ModalKey-Stirtz,,"Name: Bennett Stirtz
Badge Tier: Gold
Team: Iowa
Height/Weight: 6'4, 190 lbs
Wingspan: 6'6

Scouting Notes: Senior guard who transferred from Drake after winning MVC Player of the Year. Led MVC in scoring (19.2 PPG), steals (2.2), and assist‑to‑turnover ratio (2.86). Now starring at Iowa under coach Ben McCollum, averaging over 20 PPG with efficient shooting. Poised, durable, and a proven leader; named to Naismith Trophy Watch List.

Defensive Profile: Smart positional defender; uses anticipation and strength to disrupt opposing guards.
Historical Echoes: Jalen Brunson (floor general + scoring blend), Fred VanVleet (leadership + two‑way guard impact).
Audit Notes: Verified Iowa roster and measurements; multiple preseason All‑America honors; Bob Cousy Award watch list; Big Ten production benchmarks confirm Tier evaluation.",,"Free: Floor‑spacer who complements ball‑dominant guards.
Pro: Ideal fit as a 3‑and‑D wing who stretches the floor, defends multiple positions, and provides secondary scoring without disrupting offensive flow.","Free: Competitive wing defender who plays with toughness.
Pro: Physical and disciplined defender who competes across multiple positions; uses effort and anticipation to contest shots, fight through screens, and provide reliable team defense.",,"Free: Limited shot creation ability.
Pro: Ceiling tied to defensive consistency and shooting reliability; lack of advanced shot creation could cap offensive role at higher levels.",,"Free: Reliable perimeter shooter with smooth mechanics.
Pro: Smooth perimeter stroke with consistent catch‑and‑shoot ability; mid‑range jumper solid, projects as dependable floor‑spacer who punishes defensive lapses.","Free: Malcolm Brogdon–style combo guard.
Pro: Echoes Malcolm Brogdon and Josh Hart — versatile guards with secondary creation, defensive toughness, and scoring balance. Like Brogdon, projects as a steady two‑way presence with efficient scoring and playmaking; Hart’s rebounding, defensive motor, and connective play serve as stylistic benchmarks for his ceiling.","Free: Smart decision‑maker who plays within system.
Pro: Shows poise and patience; rarely forces plays, understands spacing and timing, and consistently makes the right read in half‑court sets.","Free: 3‑and‑D wing with upside.
Pro: 3‑and‑D archetype with potential to expand into secondary creation; developmental focus on tightening handle and adding off‑dribble scoring.",,,,,,
23,Brayden Burries,19,Gold,"6'5""",190,SG,"6'8""",Arizona,ModalKey-Burries,,"Name: Brayden Burries
Badge Tier: Gold
Team: Arizona
Height/Weight: 6'4, 205 lbs
Wingspan: 6'8

Scouting Notes: Five‑star freshman guard at Arizona. Averaged nearly 30 PPG as a senior at Eleanor Roosevelt HS, including a record 44 points in the California state championship game. Confident scorer with perimeter shooting touch and ability to attack off the dribble. Early production at Arizona confirms trajectory as a primary scoring option in the Pac‑12.

Defensive Profile: Active perimeter defender with length; capable of guarding 1–2 with anticipation and effort.
Historical Echoes: Bradley Beal (shot creation + usage profile), Jamal Murray (scoring guard + perimeter shooting).
Audit Notes: Verified Arizona roster and measurements; McDonald’s All‑American; Gatorade California Player of the Year; USA Basketball Junior National Team participant.",,"Free: Combo guard who thrives in transition.
Pro: Fits as a combo guard who excels in uptempo systems; provides rim pressure and secondary playmaking, complements shooters and ball‑dominant guards.","Free: Active guard defender with quick feet.
Pro: Quick feet and anticipation allow him to pressure ball handlers, contest shots, and disrupt passing lanes; plays with energy on the perimeter.",,"Free: Shooting consistency is a concern.
Pro: Risk tied to perimeter shooting reliability; must improve range and shot selection to maximize scoring impact.",,"Free: Slashing scorer who excels at the rim.
Pro: Explosive finisher who thrives attacking the basket; developing perimeter shot and streaky mid‑range jumper, but rim pressure consistently bends defenses.","Free: Josh Hart–style two‑way guard.
Pro: Echoes Josh Hart and Caris LeVert — versatile guards with defensive toughness, rebounding instincts, and secondary scoring. Like Hart, projects as a connector who impacts winning through defense, rebounding, and hustle; LeVert’s blend of size, shot creation, and playmaking flashes serve as stylistic benchmarks for his offensive ceiling.","Free: Confident attacker who reads defenders.
Pro: Shows attacking mindset with ability to exploit mismatches; reads defenders well but can force shots when pressured, leading to inefficiency.","Free: Slashing guard with playmaking upside.
Pro: Slashing guard archetype with potential to grow into secondary creator; developmental focus on perimeter shooting and decision‑making balance.",,,,,,
24,Dame Sarr,19,Gold,"6'5""",185,SG/SF,"6'10""",Duke,ModalKey-Sarr,,"Name: Dame Sarr
Badge Tier: Gold
Team: Duke
Height/Weight: 6'8, 190 lbs
Wingspan: 6'10

Scouting Notes: Italian freshman wing with pro experience at FC Barcelona before joining Duke. Smooth perimeter scorer with length, defensive instincts, and transition finishing ability. Early ACC production shows flashes of confidence despite streaky shooting. Competitive edge and international pedigree strengthen projection as a high‑level contributor.

Defensive Profile: Active defender with anticipation; capable of guarding 2–4 and disrupting passing lanes.
Historical Echoes: Shai Gilgeous‑Alexander (crafty scoring + defensive versatility), Nicolas Batum (length + two‑way impact).
Audit Notes: Verified Duke roster and measurements.",,"Free: Scoring wing who provides spacing.
Pro: Fits as scoring wing who stretches defenses with shooting; offers secondary creation and complements ball‑dominant guards in pace‑and‑space systems.","Free: Long wing defender who contests shots.
Pro: Uses length and mobility to contest shots and guard multiple positions; flashes versatility but must improve consistency and focus.",,"Free: Defensive engagement can be inconsistent.
Pro: Risk tied to defensive effort and focus; must improve consistency on that end to maximize value.",,"Free: Smooth perimeter shooter with confidence.
Pro: Confident perimeter scorer with fluid mechanics; excels in catch‑and‑shoot situations, developing pull‑up game adds scoring versatility.","Free: Rudy Gay–style scoring wing.
Pro: Echoes Rudy Gay and Andrew Wiggins — athletic scoring wings with perimeter upside. Like Gay, projects as a confident scorer with length and shooting gravity; Wiggins’ blend of athleticism, slashing, and defensive potential serves as a stylistic benchmark for his offensive ceiling.","Free: Poised scorer with patience.
Pro: Shows patience and confidence in scoring decisions; reads defenses well, though can force contested shots under pressure.","Free: Offensive wing with three‑level scoring potential.
Pro: Offensive wing archetype with upside as three‑level scorer; developmental focus on defensive engagement and consistency.",,,,,,
25,Karim Lopez,18,Gold,"6'8""",210,PF,6'10,"New Zealand Breakers (NBL, Australia/New Zealand)",ModalKey-Lopez,,"Name: Karim Lopez
Badge Tier: Gold
Team: New Zealand Breakers (NBL Next Stars)
Height/Weight: 6'8, 200 lbs
Wingspan: 6'10

Scouting Notes: Mexican forward, youngest player in NBL history to record a double‑double. Averaged 9.6 PPG and 4.7 RPG in his debut season with the Breakers. Former Joventut Badalona prospect in Spain, now part of the NBL Next Stars program. International résumé includes Mexico’s senior national team and standout performances at FIBA U16 and U18 levels. Projected NBA lottery pick in 2026.

Defensive Profile: Long, mobile defender; capable of guarding wings and forwards with anticipation.
Historical Echoes: Lauri Markkanen (stretch forward + perimeter scoring), Nicolas Batum (length + two‑way versatility).
Audit Notes: Verified NBL Breakers roster and FIBA production.",,"Free: Rim‑running big who thrives in transition.
Pro: Fits as rim‑running big who defends the paint, sets screens, and finishes in transition; complements guards in pick‑and‑roll actions.","Free: Interior defender who protects the rim.
Pro: Uses size and strength to protect the rim; reliable rebounder who anchors the paint defensively.",,"Free: Limited shooting range.
Pro: Risk tied to perimeter skill development; must expand offensive range to avoid being one‑dimensional.",,"Free: Paint finisher with efficiency.
Pro: Efficient finisher around the rim; developing mid‑range touch, perimeter shot remains raw but shows potential growth.","Free: Luis Scola–style skilled big.
Pro: Echoes Luis Scola and Al Horford — versatile bigs with polished footwork, mid‑range touch, and defensive intelligence. Like Scola, Lopez projects as a fundamentally sound scorer with interior craft; Horford’s blend of size, shooting, and team‑defense instincts serve as stylistic benchmarks for his ceiling.","Free: Emerging feel for defensive rotations.
Pro: Shows flashes of reading defenses and positioning; still learning spacing and decision‑making in half‑court sets.","Free: Traditional big with rim‑protecting upside.
Pro: Traditional big archetype with upside as rim protector and lob threat; developmental focus on expanding offensive skill set.",,,,,,
26,Taylor Bol-Bowen,21,Gold,"6'10""",202,PF,"7'2""",Alabama,ModalKey-Bol-Bowen,,"Name: Taylor Bol-Bowen
Badge Tier: Gold
Team: Alabama
Height/Weight: 6'10, 202 lbs
Wingspan: 7'2

Scouting Notes: Florida State transfer now starting at Alabama. Shows floor‑spacing ability (41% from three at FSU) and rim protection instincts (1.5 BPG). Early SEC production highlights rebounding challenges but also flashes of impact as a small‑ball five. Competitive edge noted in marquee win vs St. John’s.

Defensive Profile: Long, mobile defender with weak‑side shot‑blocking ability; disruptive in passing lanes.
Historical Echoes: Jerami Grant (two‑way forward versatility), Jonathan Isaac (length + defensive impact).
Audit Notes: Verified Alabama roster and transfer status; rebounding overlays benchmarked; SEC production confirms Tier evaluation.",,"Free: Athletic wing who thrives in transition.
Pro: Fits as athletic wing who excels in transition and slashing opportunities; provides defensive versatility and secondary scoring in pace‑and‑space systems.","Free: Versatile defender with length and mobility.
Pro: Uses athleticism and wingspan to guard multiple positions; contests shots, disrupts passing lanes, and provides defensive versatility across lineups.",,"Free: Shooting consistency is a concern.
Pro: Risk tied to perimeter shooting reliability and offensive polish; must refine skill set to maximize two‑way potential.",,"Free: Developing perimeter shooter with confidence.
Pro: Shows promise as a perimeter shooter; reliable mid‑range jumper, improving catch‑and‑shoot mechanics, and finishing ability at the rim.","Free: Jerami Grant–style versatile wing.
Pro: Echoes Jerami Grant and OG Anunoby — athletic two‑way wings with defensive versatility and growing offensive game. Like Grant, projects as a mobile scorer with length and versatility; Anunoby’s blend of defensive impact and evolving offensive skillset serves as a stylistic benchmark for his ceiling.","Free: Emerging feel for offensive flow.
Pro: Developing awareness of spacing and timing; shows flashes of reading defenses and making smart decisions, though consistency is still growing.","Free: Athletic wing with two‑way potential.
Pro: Athletic wing archetype with upside as two‑way contributor; developmental focus on perimeter shooting and decision‑making polish.",,,,,,
27,Kingston Flemings,18,Gold,"6'4""",190,PG,"6'6""",Houston,ModalKey-Flemings,,"Name: Kingston Flemings
Badge Tier: Gold
Team: Houston
Height/Weight: 6'4, 190 lbs
Wingspan: 6'6

Scouting Notes: Freshman point guard from San Antonio starring at Houston. Averaging 17.3 PPG, 5.3 APG, and 3.0 RPG through first four games. Efficient shooter (64% FG, 87.5% FT) with clutch defensive plays, including a game‑saving block vs Auburn. Already earning Big 12 Player of the Week honors. High‑level decision‑maker with speed and confidence.

Defensive Profile: Quick, disruptive defender; capable of guarding 1–2 and contesting at the rim.
Historical Echoes: De’Aaron Fox (speed + scoring guard), Ja Morant (explosiveness + playmaking).
Audit Notes: Verified Houston roster and production; Big 12 weekly honors and AP Top‑25 spotlight.",,"Free: Scoring guard who thrives in pace.
Pro: Fits best in uptempo systems where his shooting and defensive pressure shine; complements ball‑dominant wings by spacing the floor and attacking closeouts","Free: Quick guard defender who pressures the ball.
Pro: Uses lateral speed and anticipation to disrupt opposing guards; averaged 1.8 steals per game in EYBL play, showing consistent defensive activity.",,"Free: Streaky shooting can limit impact.
Pro: Risk tied to perimeter consistency and shot selection; must improve efficiency to maximize offensive role.",,"Free: Confident perimeter shooter with range.
Pro: Reliable catch‑and‑shoot threat who hit 36% from three in summer circuit; developing pull‑up jumper adds versatility, though shot selection can fluctuate","Free: Eric Bledsoe–style athletic guard.
Pro: Echoes Eric Bledsoe and Terry Rozier — explosive guards with downhill burst, defensive toughness, and streaky perimeter scoring. Like Bledsoe, projects as a physical guard who pressures the rim and defends with intensity; Rozier’s blend of shot creation, quickness, and scoring flashes serve as stylistic benchmarks for his offensive ceiling.","Free: Poised guard with strong feel.
Pro: Shows advanced awareness of spacing and tempo; makes quick reads in transition and half‑court, balancing scoring instincts with playmaking flashes","Free: Combo guard with two‑way potential.
Pro: Combo guard archetype with upside as a two‑way contributor; developmental focus on refining decision‑making and expanding off‑dribble scoring.",,,,,,
28,JT Toppin,20,Gold,"6'9""",210,PF,"7'1""",Texas Tech,ModalKey-Toppin,,"Name: JT Toppin
Badge Tier: Gold
Team: Texas Tech
Height/Weight: 6'9, 230 lbs
Wingspan: 7'1

Scouting Notes: Junior forward, reigning Big 12 Player of the Year and consensus All‑American. Averaged 18.2 PPG, 9.4 RPG, and 1.5 BPG last season. Early 2025–26 production includes a 35‑point, 11‑rebound performance vs Illinois. Dominant interior presence with improving mid‑range touch. Competitive edge and leadership traits confirmed.

Defensive Profile: Elite rim protector with mobility; capable of anchoring a defense and switching in space.
Historical Echoes: Jaren Jackson Jr. (rim protection + mobility), Bam Adebayo (defensive anchor + rebounding).
Audit Notes: Verified Texas Tech roster and production.",,"Free: Forward who thrives in transition.
Pro: Fits best as an athletic forward who runs the floor, defends multiple positions, and provides secondary scoring; complements guards by filling lanes and spacing to mid‑range.","Free: Athletic forward who uses length to contest shots.
Pro: Versatile defender with mobility to guard wings and forwards; rotates well, challenges shots at the rim, and shows potential as a switchable piece in modern defensive schemes.",,"Free: Shooting consistency remains a concern.
Pro: Risk tied to perimeter reliability and offensive polish; must refine skill set to maximize two‑way potential and avoid being limited to transition scoring.",,"Free: Reliable mid‑range scorer with touch.
Pro: Comfortable in mid‑range with soft mechanics; developing perimeter shot adds spacing value, while finishing through contact highlights his ability to score in varied situations.","Free: Paul Millsap–style versatile forward.
Pro: Echoes Paul Millsap and Shawn Marion — multi‑positional forwards with defensive versatility, rebounding, and scoring upside. Like Millsap, projects as a tough interior presence with rebounding and mid‑range craft; Marion’s blend of athleticism, rebounding, and defensive impact serves as a stylistic benchmark for his ceiling.","Free: Developing feel for offensive flow.
Pro: Shows flashes of reading defenses and making smart decisions; demonstrates awareness of spacing and timing, though consistency in half‑court execution is still developing.","Free: Athletic forward with two‑way potential.
Pro: Archetype of a modern two‑way forward; developmental focus on perimeter shooting and ball‑handling polish to expand offensive versatility.",,,,,,
29,Donnie Freeman,19,Gold,"6'9""",215,PF,"7'1""",Syracuse,ModalKey-Freeman,,"Name: Donnie Freeman
Badge Tier: Gold
Team: Syracuse
Height/Weight: 6'9, 220 lbs
Wingspan: 7'1

Scouting Notes: Freshman forward at Syracuse, former McDonald’s All‑American. Smooth mid‑range scorer with developing three‑point range. Comfortable attacking closeouts and finishing in transition. Shows flashes of shot creation and defensive versatility. Early ACC production confirms high‑usage scoring potential.

Defensive Profile: Switchable defender with length; capable of guarding wings and forwards.
Historical Echoes: Tobias Harris (floor spacing + versatile forward role), Harrison Barnes (perimeter scoring + secondary scoring).
Audit Notes: Verified Syracuse roster and measurements; McDonald’s All‑American; USA Basketball U18 gold medalist credentials strengthen Tier evaluation.",,"Free: Stretch forward who spaces the floor.
Pro: Fits best as a stretch forward who provides shooting and rebounding; complements guards by spacing the floor, attacking closeouts, and defending multiple positions. His 17.8 points per game lead Syracuse in scoring.","Free: Long forward who uses size to protect the rim.
Pro: Versatile defender with length to contest shots and rebound; averaging 5.3 rebounds, 1.0 steals, and 1.3 blocks per game this season. Rotates well, challenges drives, and shows potential as a multi‑positional stopper who can anchor small‑ball lineups.",,"Free: Shooting consistency can limit impact.
Pro: Risk tied to perimeter reliability and shot selection; must improve efficiency from deep and maintain defensive engagement to maximize long‑term role.",,"Free: Mid‑range scorer with soft touch.
Pro: Reliable mid‑range jumper with smooth mechanics; shooting 50% from the field and 77.8% from the line in 2025–26. Developing perimeter shot (27% from three) adds spacing value, while finishing through contact highlights his ability to score in varied situations.","Free: Shawn Marion–style athletic forward.
Pro: Echoes Shawn Marion and Grant Williams — multi‑positional forwards with defensive versatility, rebounding, and complementary scoring. Like Marion, projects as an athletic defender and rebounder who impacts winning across lineups; Williams’ blend of defensive motor, floor spacing, and role efficiency serves as a stylistic benchmark for his ceiling.","Free: Smart forward with strong feel for the game.
Pro: Shows poise and patience; balances scoring instincts with playmaking flashes, averaging 2.5 assists per game. Reads defenses well and makes smart decisions in half‑court sets.","Free: Stretch forward with upside.
Pro: Stretch forward archetype with potential to expand into secondary creation; developmental focus on tightening handle and adding off‑dribble scoring to diversify offensive impact.",,,,,,
30,Darrion Williams,22,Gold,6'6,225,SF/PF,"6'9""",NC State (transfer from Texas Tech),ModalKey-Williams,,"Name: Darrion Williams
Badge Tier: Gold
Team: NC State
Height/Weight: 6'6, 220 lbs
Wingspan: 6'9

Scouting Notes: Senior transfer from Texas Tech, now starring at NC State. Has exploded in November 2025 with back‑to‑back career highs: 32 points vs UNC Greensboro (Nov. 12) and 28 points vs VCU (Nov. 17). Averaging 30 PPG across those two games, shooting 56% FG and 6‑of‑8 from three vs UNCG. His scoring surge helped NC State enter the AP Top 25 at No. 25. Brings toughness, rebounding, and playmaking to Will Wade’s system. Gold tier reflects his ability to carry offense while anchoring defense.

Defensive Profile: Smart, physical defender; contests shots and rebounds aggressively, capable of guarding 3–4.

Historical Echoes: Draymond Green (versatility + toughness), PJ Tucker (defensive grit + floor spacing).

Audit Notes: Verified NC State roster and November 2025 game logs.",,"Free: Floor‑spacer who complements ball‑dominant guards.
Pro: Ideal fit as a 3‑and‑D wing who stretches the floor, defends multiple positions, and provides secondary scoring without disrupting offensive flow; averaged 15.1 points per game in 2024–25, showing reliable production.","Free: Versatile forward who guards multiple positions with toughness.
Pro: Averaged 5.5 rebounds, 1.3 steals, and 0.4 blocks per game in 2024–25; uses size and mobility to defend across the lineup, providing consistent two‑way impact and anchoring small‑ball defensive schemes.",,"Free: Limited shot creation ability.
Pro: Ceiling tied to defensive consistency and shooting reliability; lack of advanced shot creation could cap offensive role at higher levels, though playmaking flashes suggest room for growth.",,"Free: Reliable perimeter shooter with confidence.
Pro: Shot 43.9% from the field and 34% from three last season; smooth catch‑and‑shoot mechanics, dependable mid‑range jumper, and efficient finishing around the rim make him a balanced scoring option.","Free: Andre Iguodala–style versatile wing.
Pro: Echoes Andre Iguodala and Josh Howard — multi‑positional wings with defensive versatility, playmaking instincts, and complementary scoring. Like Iguodala, projects as a connector piece with defensive impact, transition playmaking, and secondary scoring; Howard’s blend of size, athleticism, and mid‑range scoring serves as a stylistic benchmark for his ceiling.","Free: Smart decision‑maker who plays within system.
Pro: Shows poise and patience; maintained a 3.6 assists per game average with a positive assist‑to‑turnover ratio, consistently making the right read in half‑court sets and balancing scoring with playmaking.","Free: 3‑and‑D wing with upside.
Pro: Archetype of a modern 3‑and‑D forward with potential to expand into secondary creation; developmental focus on tightening handle and adding off‑dribble scoring to diversify offensive impact.",,,,,,
31,Tyrone Riley IV,19,Gold,"6'6""",200,SG,"6'10""",San Franciso,ModalKey-RileyIV,,"Name: Tyrone Riley IV
Badge Tier: Gold
Team: San Francisco
Height/Weight: 6'6, 200 lbs
Wingspan: 6'10

Scouting Notes: Sophomore wing returning after All‑WCC Freshman honors. Averaged 9.6 PPG and 6.0 RPG on 50% shooting as a freshman. Explosive scorer early in career with 26‑point debut vs Cal Poly and 28 vs Chicago State. Strong rebounding instincts and competitive edge.

Defensive Profile: Physical wing defender with anticipation; capable of guarding 2–4 and contributing on the glass.
Historical Echoes: Josh Hart (two‑way wing + rebounding), DeMarre Carroll (athleticism + defensive versatility).
Audit Notes: Verified San Francisco roster and production; All‑WCC Freshman Team; returning starter for 2025–26 season.",,"Free: Combo guard who thrives in transition.
Pro: Fits best as a combo guard who pushes pace and complements shooters; provides rim pressure and secondary playmaking. Averaging 9.6 points per game as a sophomore, with multiple double‑digit scoring nights against WCC competition.","Free: Athletic guard defender with quick feet and length.
Pro: Uses 6‑6 frame to pressure ball handlers and rebound; averaging 6.0 rebounds and 1.0 steal per game in 2024–25. Shows versatility defending across guard and wing matchups, with activity on the glass that’s rare for his position.",,"Free: Shooting consistency is a concern.
Pro: Risk tied to streaky perimeter shooting and limited playmaking; must improve efficiency from deep and expand passing repertoire to avoid being pigeonholed as a slasher.",,"Free: Slashing scorer who finishes efficiently at the rim.
Pro: Shooting 50.2% from the field this season; thrives attacking the basket and finishing through contact. Perimeter shot remains inconsistent (35% career from three, 58% early in 2025–26), but mechanics suggest growth potential.","Free: Richard Jefferson–style athletic wing.
Pro: Echoes Richard Jefferson and Josh Howard — athletic wings with defensive versatility, transition scoring, and complementary offense. Like Jefferson, projects as a reliable transition scorer and defender who thrives in a connector role; Howard’s blend of size, athleticism, and mid‑range scoring serves as a stylistic benchmark for his ceiling.","Free: Confident attacker who reads defenders.
Pro: Shows attacking mindset with ability to exploit mismatches; flashes patience in half‑court sets but can force contested shots. Assist numbers (1.0 per game) are modest, highlighting developmental need to expand playmaking.","Free: Slashing guard with two‑way upside.
Pro: Archetype of an athletic slashing guard who rebounds above his position; developmental focus on perimeter shooting consistency and decision‑making polish to maximize offensive versatility.",,,,,,
32,Malachi Moreno,18,Silver,"6'11""",230,C,"7'3""",Kentucky,ModalKey-Moreno,,"Name: Malachi Moreno
Badge Tier: Silver
Team: Kentucky
Height/Weight: 7'0, 250 lbs
Wingspan: 7'3

Scouting Notes: Freshman center from Georgetown, KY, McDonald’s All‑American and Mr. Kentucky Basketball. Off to a strong start in 2025–26: posted 18 points, 10 rebounds, 3 assists vs Valparaiso (Nov. 7) and leads UK in rebounding at 7.5 RPG through four games. Physical presence with rim protection and passing flashes, though free‑throw shooting (47%) remains a weakness. Silver tier reflects immediate impact with potential to rise as consistency develops.

Defensive Profile: Strong rebounder and rim protector; controls paint and contests shots.

Historical Echoes: Jonas Valančiūnas (physical interior presence), Steven Adams (strength + rebounding).

Audit Notes: Verified Kentucky roster, McDonald’s All‑American status, and November 2025 game logs.",,"Free: Rim‑running big who thrives in transition.
Pro: Fits best as a rim‑running center who sets hard screens, rolls decisively, and finishes plays; complements guards in pick‑and‑roll actions while providing rebounding presence on both ends.","Free: Interior defender who protects the rim with size.
Pro: Anchors the paint with a 7‑0 frame; averaging 7.0 rebounds and 1.0 block per game in his first six college appearances. Shows timing as a shot‑blocker and willingness to engage physically, projecting as a reliable rim protector.",,"Free: Limited shooting range is a problem.
Pro: Risk tied to lack of perimeter skill; must expand offensive range and improve free‑throw efficiency to avoid being one‑dimensional at higher levels",,"Free: Efficient finisher around the basket.
Pro: Converts at a 56.1% field goal rate this season; thrives as a paint finisher and lob target. Free‑throw shooting (57.7%) remains inconsistent, but touch around the rim suggests room for growth.","Free: Brook Lopez–style scoring center.
Pro: Echoes Brook Lopez and Jonas Valančiūnas — traditional bigs with rim protection, rebounding, and interior scoring. Like Lopez, projects as a reliable low‑post scorer with shot‑blocking presence and potential to stretch the floor; Valančiūnas’ blend of rebounding strength, interior craft, and drop‑coverage defense serves as a stylistic benchmark for his ceiling.","Free: Emerging feel for spacing and rotations.
Pro: Shows flashes of reading defenses and positioning; averaging 1.8 assists per game, which is notable for a freshman big. Demonstrates vision as a passer, hinting at upside beyond traditional rim‑running roles.","Free: Traditional big with rim‑protecting upside.
Pro: Archetype of a modern rim‑running big with potential to expand into a playmaking center; developmental focus on free‑throw consistency and adding a reliable mid‑range jumper.",,,,,,
33,Hugo Facorat,18,Gold,"6'10""",220,PF,"6""10""","Toulouse Basket Club (France, NM1) / formerly Overtime Elite",ModalKey-Facorat,,"Name: Hugo Facorat
Badge Tier: Silver
Team: Toulouse (France, NM1)
Height/Weight: 6'8, 210 lbs
Wingspan: 6'10

Scouting Notes: French forward competing in NM1 with Toulouse. Limited production so far (single‑digit scoring in most appearances) but flashes of rebounding and defensive activity. Developing offensive polish and consistency. International pedigree suggests potential growth with professional reps.

Defensive Profile: Long, mobile defender; capable of guarding forwards and contesting shots.
Historical Echoes: Nicolas Batum (length + two‑way versatility), Kostas Papanikolaou (defensive activity + role player profile).
Audit Notes: Verified Toulouse roster and NM1 game logs.",,"Free: Athletic forward who thrives in transition.
Pro: Fits best as an athletic forward who runs the floor and provides defensive activity; complements guards by filling lanes and spacing to mid‑range, though offensive role is still emerging at the professional level.","Free: Long forward who uses size to contest shots.
Pro: At 6‑8 with mobility, shows defensive versatility; averaging 2.0 rebounds and 1.5 steals per game in limited NM1 minutes. Uses anticipation to disrupt passing lanes and flashes potential as a multi‑positional defender",,"Free: Limited offensive polish at present.
Pro: Risk tied to lack of proven scoring efficiency; must improve shooting reliability and offensive confidence to secure a consistent role at higher levels.",,"Free: Developing scorer with mid‑range touch.
Pro: Early NM1 season shooting splits show 0% from the field and three, but 100% from the line in small sample size. While efficiency is not yet established, mechanics suggest growth potential, and finishing ability remains his most reliable scoring tool. Will update when he plays more recent games.","Free: Serge Ibaka–style defensive big.
Pro: Echoes Serge Ibaka and Jarrett Allen — modern bigs with rim protection, rebounding, and complementary offense. Like Ibaka, projects as an athletic rim protector with developing mid‑range touch; Allen’s blend of mobility, finishing, and defensive versatility serves as a stylistic benchmark for his ceiling.","Free: Emerging feel for offensive flow.
Pro: Shows flashes of awareness in spacing and timing; averaging 0.5 assists per game, indicating willingness to move the ball. Still learning half‑court decision‑making against stronger competition.","Free: Athletic forward with two‑way potential.
Pro: Archetype of a developmental forward transitioning from Overtime Elite to French NM1; focus on perimeter shooting and ball‑handling polish to expand offensive versatility while maintaining defensive activity.",,,,,,
34,Jalil Bethea,20,Silver,"6'4""",170,SG,"6'8""",Alabama,ModalKey-Bethea,,"Name: Jalil Bethea
Badge Tier: Gold
Team: Alabama
Height/Weight: 6'5, 190 lbs
Wingspan: 6'8

Scouting Notes: Sophomore guard who transferred from Miami after averaging 7.1 PPG as a freshman. Former McDonald’s All‑American and Pennsylvania Gatorade Player of the Year. Explosive scorer with perimeter shooting touch and ability to attack off the dribble. Early SEC production confirms trajectory as a primary scoring option under Nate Oats.

Defensive Profile: Active perimeter defender with length; capable of guarding 1–2 with anticipation and effort.
Historical Echoes: Bradley Beal (shot creation + usage profile), Jamal Murray (scoring guard + perimeter shooting).
Audit Notes: Verified Alabama roster and transfer status.",,"Free: Scoring guard who thrives in pace.
Pro: Fits best as a scoring guard in uptempo systems; provides floor spacing and secondary creation, complementing ball‑dominant wings.","Free: Quick guard who competes on the perimeter.
Pro: Uses lateral speed and anticipation to pressure ball handlers; averaging 1.1 steals per game early in his freshman season, showing activity and willingness to defend multiple guard spots.",,"Free: Streaky shooting can limit efficiency.
Pro: Risk tied to perimeter consistency and decision‑making; must improve efficiency and defensive engagement to reach full potential.",,"Free: Confident perimeter shooter with range.
Pro: Smooth shooting stroke; hitting 34% from three on 5.2 attempts per game. Comfortable pulling up off the dribble, though efficiency dips under pressure.","Free: Bradley Beal–style scoring guard.
Pro: Echoes Bradley Beal and Jordan Clarkson — perimeter guards with three‑level scoring ability and shot creation. Like Beal, projects as a smooth scorer with deep shooting range and off‑the‑dribble polish; Clarkson’s blend of confident shot‑making and microwave scoring serves as a stylistic benchmark for his ceiling.","Free: Developing instincts as a lead guard.
Pro: Shows flashes of reading defenses and making quick decisions; averaging 2.3 assists per game, balancing scoring instincts with emerging playmaking.","Free: Combo guard with offensive upside.
Pro: Archetype of a scoring combo guard; developmental focus on shot selection and defensive consistency to maximize two‑way impact.",,,,,,
35,Karter Knox,19,Silver,"6'6""",224,SF,"6'9""",Arkansas,ModalKey-Knox,,"Name: Karter Knox
Badge Tier: Silver
Team: Arkansas
Height/Weight: 6'6, 220 lbs
Wingspan: 6'9

Scouting Notes: Sophomore forward at Arkansas under John Calipari. Averaged 8.3 PPG and 3.3 RPG as a freshman, with a breakout 20‑point performance in the Sweet 16 vs Texas Tech. Withdrawn from the 2025 NBA Draft to return for his sophomore season. Strong defender who often draws the opponent’s top assignment. Developing offensive polish but already impactful in SEC play.

Defensive Profile: Tough, versatile defender; capable of guarding 2–4 with strength and anticipation.
Historical Echoes: Harrison Barnes (athletic scoring wing), Josh Hart (two‑way toughness).
Audit Notes: Verified Arkansas roster and production; McDonald’s All‑American; ESPN Top‑25 recruit.",,"Free: Scoring wing who spaces and runs in transition.
Pro: Projects as a complementary scoring wing who can space, cut, and rebound on both ends; career context: 2024–25 freshman year at Arkansas — 8.3 points and 3.3 rebounds over 36 games — with late‑season efficiency growth, reinforcing scalable role fit.
","Free: Wing defender with size who competes across matchups.
Pro: Uses a 6‑6, 220 frame to rebound and pressure the ball; through the start of 2025–26 he’s at 6.6 rebounds, 1.8 assists, and 1.0 steal per game, reflecting active two‑way contributions.",,"Free: Efficiency and on‑ball creation variability.
Pro: Risk tied to sustaining perimeter efficiency over a full SEC slate and expanding live‑dribble creation; early hot shooting (53.8% 3P) is promising but small‑sample and must hold as usage scales.",,"Free: Confident scorer with growing perimeter range.
Pro: Early 2025–26 splits show 48.4% FG, 53.8% from three, and 85.7% FT across five games; balanced shot profile with strong catch‑and‑shoot efficiency and improving pull‑up confidence.
","Free: Harrison Barnes–style two‑way forward.
Pro: Echoes Harrison Barnes and Rudy Gay — versatile forwards with scoring balance, athleticism, and defensive utility. Like Barnes, projects as a steady two‑way wing with reliable scoring and lineup versatility; Gay’s blend of athleticism, mid‑range polish, and slashing ability serves as a stylistic benchmark for his ceiling.","Free: Learning reads and tempo control.
Pro: Shows better pacing and shot selection compared to early freshman minutes; 2025–26 game log reflects low turnover rates and efficient shot distribution, signaling progress in recognition under pressure.","Free: Modern wing with three‑level flashes.
Pro: Archetype of a versatile wing scorer; developmental focus on self‑creation and consistency against length while sustaining improved three‑point accuracy seen in the early 2025–26 sample.",,,,,,
36,Aday Mara,20,Gold,"7'3""",245,C,"7'5""",Michigan,ModalKey-Mara,,"Name: Aday Mara
Badge Tier: Gold
Team: Michigan
Height/Weight: 7'3, 255 lbs
Wingspan: 7'5

Scouting Notes: Junior center from Zaragoza, Spain, transferred from UCLA to Michigan in 2025. After two quiet seasons with the Bruins, Mara has emerged as a dominant force in the Big Ten. Early season performances include 18 points, 14 rebounds, six assists, and five blocks in an overtime win vs Wake Forest. Conditioning improvements under Michigan’s staff have allowed him to play career‑high minutes (37 vs Wake Forest) while maintaining impact. Lob finishing and outlet passing have become staples of Michigan’s offense, with Mara consistently altering shots at the rim and initiating fast breaks with full‑court vision.

Defensive Profile: Elite rim protector with improved mobility; capable of anchoring the paint and contesting perimeter shots. Alters nearly every attempt in the lane, forcing opponents into floaters and tough mid‑range looks.

Historical Echoes: Marc Gasol (passing + interior skill), Rudy Gobert (rim protection + defensive anchor).
Audit Notes: Verified Michigan roster and transfer status. First player since Tim Duncan to open a season with 30+ points, 25+ rebounds, 10+ blocks, and 5+ assists across two games. Conditioning program credited for stamina gains; Michigan staff highlight his ability to contest threes and defend drives.",,"Free: Interior anchor who thrives in pick‑and‑roll.
Pro: Fits best as a rim‑protecting big who screens, rolls, and finishes; complements guards in half‑court sets while providing rebounding presence. He averages 10.3 Rebouds,and 3 Blocks per game this season, big increases since his time at UCLA.
","Free: Skilled big who protects the rim.
Pro: At 7‑3, provides size and rim protection; averaging 1.3 blocks per game in 2024–25. Uses length to alter shots and rebound (4.8 boards per game), though lateral mobility limits switchability.",,"Free: Mobility limits defensive versatility.
Pro: Risk tied to lateral quickness and perimeter defense; must improve agility to avoid being targeted in switches.",,"Free: Efficient finisher with touch.
Pro: Shooting 53.5% from the field this season; reliable around the rim with soft touch in mid‑range. Free‑throw shooting sits at 61.4%, showing potential for expanded scoring range.","Free: Marc Gasol–style skilled center.
Pro: Echoes Marc Gasol, Pau Gasol, and Jonas Valančiūnas — bigs with passing instincts, rim protection, rebounding, and offensive craft. Like Marc, projects as a high‑IQ center who facilitates offense from the high post and anchors defenses; Pau’s blend of touch, coordination, and scoring versatility adds ceiling context; Valančiūnas’ rebounding strength and interior scoring provide a stylistic benchmark for his physical presence.","Free: Developing awareness in offensive flow.
Pro: Shows flashes of vision as a passer; averaging 2.3 assists per game this year. Comfortable facilitating from the high post, though recognition under pressure is still refining.
","Free: Traditional big with modern skill flashes.
Pro: Archetype of a rim‑protecting center with passing upside; developmental focus on mobility and perimeter shooting to expand versatility.",,,,,,
37,Labaron Philon,19,Gold,"6'4""",177,PG,"6'6""",Alabama,ModalKey-Philon,,"Name: Labaron Philon Jr.
Badge Tier: Silver
Team: Alabama
Height/Weight: 6'4, 185 lbs
Wingspan: 6'6

Scouting Notes: Sophomore guard who withdrew from the 2025 NBA Draft to return to Alabama. Off to a breakout start in 2025–26: 22 points vs North Dakota State (Nov. 3), 25 points in a statement win over No. 5 St. John’s at Madison Square Garden (Nov. 8), and 11 points with 7 assists vs No. 2 Purdue (Nov. 13). Named SEC Player of the Week for his St. John’s performance. Shows improved three‑point shooting (44% through first three games) and playmaking (5.5 APG). Still streaky but demonstrating growth as a lead guard.

Defensive Profile: Quick, anticipatory defender; capable of guarding 1–2 with energy.
Historical Echoes: Jamal Murray (scoring guard + confidence), Collin Sexton (pace + rim pressure).
Audit Notes: Verified Alabama roster and November 2025 game logs.",,"Free: Scoring guard who thrives in pace.
Pro: Fits best as a scoring guard in uptempo systems; provides floor spacing and secondary creation. His production includes multiple 20+ point games against ranked opponents, proving scalability at the high‑major level.","Free: Quick guard who pressures ball handlers.
Pro: Uses speed and anticipation to disrupt opposing guards; averaging 1.3 steals per game in SEC play, showing activity and toughness on the perimeter.",,"Free: Streaky shooting can limit efficiency.
Pro: Risk tied to perimeter consistency  and occasional over‑aggression; must improve efficiency from deep while sustaining playmaking load.",,"Free: Confident scorer with perimeter range.
Pro: Averaging 20.5 points per game while shooting 53.2% from the field and 38.3% from three as of 11/24/25. Comfortable pulling up off the dribble, with efficiency that reflects balanced scoring inside and out.","Free: Tyrese Maxey–style quick combo guard.
Pro: Echoes Darius Garland and Tyrese Maxey — guards with three‑level scoring ability, rim pressure, and playmaking instincts. Like Garland, projects as a smooth scorer with confident pull‑up shooting and offensive orchestration; Maxey’s blend of quickness, rim pressure, and scoring burst serves as a stylistic benchmark for his ceiling.","Free: Growing instincts as a lead guard.
Pro: Shows flashes of reading defenses and making quick decisions; averaging 5.8 assists per game with a positive assist‑to‑turnover ratio, balancing scoring instincts with playmaking.","Free: Combo guard with offensive upside.
Pro: Archetype of a scoring combo guard; developmental focus on shot selection and defensive consistency to maximize two‑way impact.",,,,,,
38,Andrej Stojakovic,20,Silver,"6'7""",215,SF,"6'9""",Illinois,ModalKey-Stojakovic,,"Name: Andrej Stojaković
Badge Tier: Silver
Team: Illinois
Height/Weight: 6'7, 215 lbs
Wingspan: 6'9

Scouting Notes: Junior wing who transferred from Cal to Illinois. Former McDonald’s All‑American with proven scoring pedigree. Early November 2025 games show immediate impact, including 23 points and a game‑saving block vs. Texas Tech. Silver tier reflects rotation impact with upward mobility toward Gold if efficiency and consistency hold.

Defensive Profile: Uses length to contest shots; improving lateral quickness and awareness. Showed clutch defensive play in closing minutes against Texas Tech.

Historical Echoes: Gordon Hayward (skilled wing comp), Chandler Parsons (role comp — versatile forward), Rudy Fernández (trajectory comp — scoring European wing), Peja Stojaković (era comp — shooting pedigree).

Audit Notes: Verified Illinois roster, transfer confirmed, November 2025 rotation minutes aligned. Production exceeds Bronze tier; Silver is the correct anchor.",,"Free: Scoring wing who spaces the floor.
Pro: Fits best as a scoring wing who provides floor spacing and secondary creation; complements guards by running lanes and spacing to the perimeter. Career averages of 13.0 points and 4.0 rebounds across 66 games show steady production.","Free: Wing defender with size and mobility.
Pro: Uses 6‑7 frame to contest shots and rebound; averaging 3.8 rebounds, 0.6 steals, and 0.8 blocks per game in 2025–26. Shows potential as a multi‑positional defender who can guard wings and stretch forwards.",,"Free: Defensive focus can be inconsistent.
Pro: Risk tied to effort and shot selection; must improve defensive reliability and efficiency from deep to avoid being one‑dimensional.",,"Free: Smooth perimeter shooter with confidence.
Pro: Averaging 17.4 points per game on 57.4% FG and 28.6% from three this season. Comfortable in catch‑and‑shoot situations, with improving pull‑up game. Free‑throw shooting (45.5%) is a current weakness but career mark is 75%.","Free: Peja Stojaković–style perimeter scorer.
Pro: Echoes Peja Stojaković and Kevin Huerter — wings with smooth perimeter scoring, shooting versatility, and secondary offense. Like Peja, projects as a confident shooter with off‑movement scoring and floor‑spacing gravity; Huerter’s blend of size, shooting versatility, and secondary playmaking serves as a stylistic benchmark for his ceiling.","Free: Still refining recognition in half‑court sets.
Pro: Shows flashes of awareness in spacing and timing; averaging 1.4 assists per game in 2025–26. Demonstrates willingness to move the ball but still calibrating judgment against Big Ten defenses.","Free: Offensive wing with three‑level potential.
Pro: Archetype of a modern scoring wing; developmental focus on perimeter shooting consistency and defensive engagement to maximize role versatility.",,,,,,
39,Henri Veesaar,21,Silver,"7'0""",210,C,"7'2""",North Carolina (transfer from Arizona),ModalKey-Veesaar,,"Name: Henri Veesaar
Badge Tier: Silver
Team: North Carolina
Height/Weight: 7'0, 225 lbs
Wingspan: 7'2

Scouting Notes: Junior center from Estonia, transferred from Arizona. Averaging 16.0 PPG, 8.0 RPG, 1.8 APG on 69.7% FG and 42.9% 3PT through four November 2025 games. Posted double‑doubles vs Kansas and NC Central, including 5 blocks in the latter. Silver tier reflects strong rotational impact with upside to rise if durability and consistency hold.

Defensive Profile: Reliable rim protector; contests shots and anchors the paint, with improved timing and mobility.

Historical Echoes: Kristaps Porziņģis (stretch big + shooting touch), Jonas Valančiūnas (role comp — rebounding + interior scoring), Ante Žižić (trajectory comp — EuroLeague/NBA bridge), Lauri Markkanen (international comp — versatile scoring big).

Audit Notes: Verified UNC roster, transfer history, and November 2025 game logs.",,"Free: Interior anchor who thrives in pick‑and‑roll.
Pro: Fits best as a rim‑protecting big who screens, rolls, and finishes; complements guards in half‑court sets while providing rebounding presence. Career context: 71 games across Arizona + UNC, 6.9 points, 3.8 rebounds, 0.9 blocks per game.","Free: Skilled big who protects the rim.
Pro: At 7‑0, provides size and rim protection; through the first 5 games of 2025–26 he’s averaging 2.0 blocks per game and 7.8 rebounds per game, including a double‑double (12 points, 11 rebounds, 5 blocks vs. NC Central).",,"Free: Mobility limits defensive versatility.
Pro: Risk tied to lateral quickness and perimeter defense; must improve agility to avoid being targeted in switches.",,"Free: Efficient finisher with touch.
Pro: Shooting 64.3% from the field and 44.4% from three in early UNC play, with 69.6% FT. Averaging 14.8 points per game, showing expanded scoring range compared to his Arizona years.","Free: Jonas Valančiūnas–style skilled big.
Pro: Echoes Jonas Valančiūnas, Kristaps Porziņģis, and Jaren Jackson Jr. — bigs with rim protection, rebounding, mobility, and offensive polish. Like Valančiūnas, projects as a skilled interior big with rebounding strength and rim protection; Porziņģis’ blend of mobility, perimeter shooting, and shot‑blocking adds stretch‑big context; Jackson’s defensive versatility and evolving offensive game serve as a stylistic benchmark for his ceiling.","Free: Developing awareness in offensive flow.
Pro: Shows flashes of vision as a passer; averaging 1.8 assists per game at UNC, including 4 assists vs. Kansas. Comfortable facilitating from the high post, though recognition under pressure is still refining.
","Free: Traditional big with modern skill flashes.
Pro: Archetype of a rim‑protecting center with passing upside; developmental focus on mobility and perimeter shooting to expand versatility.",,,,,,
40,Isaiah Harwell,18,Silver,"6'5""",190,SG,"6'7""",Houston,ModalKey-Harwell,,"Name: Isaiah Harwell
Badge Tier: Silver
Team: Houston
Height/Weight: 6'6, 220 lbs
Wingspan: 6'7

Scouting Notes: Five‑star freshman guard, ranked top‑15 nationally in the 2025 class. Chose Houston over Gonzaga, Texas, and Cal, becoming the highest‑rated recruit in program history. Strong backcourt size and physicality at 6'6, 220 lbs. Known for his mid‑range pull‑up and efficient floor game. Developing deeper shooting consistency but already impactful as a two‑way player. Recovering from a knee injury but expected to contribute immediately in Kelvin Sampson’s guard‑driven system.

Defensive Profile: Tough, competitive defender with switchable size; capable of guarding 1–3 with anticipation and strength.
Historical Echoes: Kentavious Caldwell‑Pope (two‑way guard + perimeter shooting), Josh Hart (defensive toughness + rebounding guard).
Audit Notes: Verified Houston roster and commitment; McDonald’s All‑American; USA Basketball U19 camp invite; Gatorade Utah Player of the Year.",,"Free: Scoring guard who thrives in pace.
Pro: Fits best as a scoring guard in uptempo systems; provides floor spacing and secondary creation. Averaging 5.7 points per game in limited minutes, with flashes of scalable scoring.","Free: Long guard who competes on the perimeter.
Pro: Uses 6‑6 frame to pressure ball handlers and rebound; through his first 3 games he’s averaging 2.0 rebounds and 1.3 steals per game, showing activity and toughness on the perimeter.",,"Free: Shooting consistency can limit efficiency.
Pro: Risk tied to perimeter reliability and decision‑making; must improve efficiency and defensive engagement to reach full potential.",,"Free: Confident perimeter shooter with range.Inefficient to start college career but its very early.
Pro: Shooting 35.7% from the field and 33.3% from three while converting 100% of his free throws in early 2025–26 play. Comfortable pulling up off the dribble, his efficency will need to level out.","Free: Caris LeVert–style tall combo guard.
Pro: Echoes Caris LeVert and Jrue Holiday — versatile guards with scoring balance, defensive toughness, and playmaking instincts. Like LeVert, projects as a tall combo guard with slashing ability and scoring versatility; Holiday’s blend of two‑way reliability, defensive presence, and offensive orchestration serves as a stylistic benchmark for his ceiling.","Free: Still refining recognition in half‑court sets.
Pro: Shows flashes of awareness in spacing and timing; averaging 1.3 assists per game with a positive assist‑to‑turnover ratio, balancing scoring instincts with playmaking.","Free: Combo guard with offensive upside.
Pro: Archetype of a scoring combo guard; developmental focus on shot selection and defensive consistency to maximize two‑way impact.",,,,,,
41,Miikka Muurinen,18,Gold,"6'11""",203,PF/SF,"7'2""",Partizan Belgrade (EuroLeague/ABA),ModalKey-Muurinen,,"Name: Miikka Muurinen
Badge Tier: Gold
Team: Compass Prep (Arizona) / Finland National Team
Height/Weight: 6'10, 185 lbs
Wingspan: 6'11

Scouting Notes: Finnish forward nicknamed “Slim Jesus,” breakout star of EuroBasket 2025. Consensus five‑star recruit with offers from Duke, Kentucky, Arkansas, Michigan, and NC State. Known for explosive leaping ability, perimeter shooting, and fearless confidence. Averaged 6.0 PPG in limited EuroBasket minutes at age 18. Developing strength but already impactful in transition and as a stretch‑four.

Defensive Profile: Long, mobile defender with anticipation; capable of guarding wings and forwards.
Historical Echoes: Lauri Markkanen (stretch forward + perimeter scoring), Jonathan Isaac (length + defensive versatility).
Audit Notes: Verified Compass Prep roster and FIBA EuroBasket production.",,"Free: Athletic forward who thrives in transition.
Pro: Fits best as an athletic forward who runs the floor and provides defensive activity; complements guards by filling lanes and spacing to mid‑range. His efficiency in international play (87.5% on 2‑point attempts at EuroBasket) highlights finishing ability.","Free: Long forward who uses size to contest shots.
Pro: At 6‑11, shows defensive versatility; averaged 1.9 rebounds per game for Finland at EuroBasket 2025, and 3.4 rebounds per game in ABA League play for Partizan. Uses length to guard multiple positions and flashes activity on the glass.
",,"Free: Limited offensive polish at present.
Pro: Risk tied to lack of proven scoring efficiency at the pro level; must improve shooting reliability and offensive confidence to secure a consistent role at higher levels.",,"Free: Developing scorer with mid‑range touch.
Pro: Averaged 6.6 points per game on 60.6% FG and 35.3% from three at EuroBasket 2025. In ABA League 2025–26, contributing 3.8 points per game on 46.7% FG. Reliable finisher inside, with flashes of perimeter shooting that project growth.
","Free: Danilo Gallinari–style tall forward with shooting range.
Pro: Echoes Danilo Gallinari and Andrei Kirilenko — forwards with perimeter shooting, international development path, and defensive versatility. Like Gallinari, projects as a tall forward with shooting range and offensive craft; Kirilenko’s blend of rangy defense, mobility, and two‑way impact serves as a stylistic benchmark for his ceiling.","Free: Building instincts in offensive flow.
Pro: Shows flashes of recognition in spacing and timing; still refining reads against pro competition. Assist numbers remain low (0.0 per game at EuroBasket, 0.8 per game in ABA League), underscoring developmental need.","Free: Athletic forward with two‑way potential.
Pro: Archetype of a developmental forward transitioning from prep to pro; focus on perimeter shooting and ball‑handling polish to expand offensive versatility while maintaining defensive activity.",,,,,,
42,Niko Bundalo,18,Silver,"6'10""",220,PF,"6'11""",Ole Miss,ModalKey-Bundalo,,"Name: Niko Bundalo
Badge Tier: Silver
Team: Ole Miss
Height/Weight: 6'10, 215 lbs
Wingspan: 6'11

Scouting Notes: Freshman forward, McDonald’s All‑American from Prolific Prep. Signed with Ole Miss in May 2025 after de‑committing from Washington. November 2025 debut included 11 points, 5 rebounds vs Southeastern Louisiana (Nov. 3), followed by 9 points, 6 rebounds vs Louisiana‑Monroe (Nov. 7) and 7 points, 4 rebounds vs Memphis (Nov. 11). Known for inside‑out scoring, soft shooting touch, and competitive motor. Silver tier reflects rotational impact with upside to rise if rebounding and defensive intensity stabilize.

Defensive Profile: Positional defender with length; contests shots but still learning rotations.

Historical Echoes: Lauri Markkanen (stretch forward + shooting touch), Nemanja Bjelica (Serbian forward + versatility), Channing Frye (trajectory comp — stretch big who carved NBA role), Dario Šarić (international comp — skilled forward with passing vision).

Audit Notes: Verified Ole Miss roster, SEC debut, and November 2025 game logs.",,"Free: Inside‑out forward who complements guards.
Pro: Fits best as a versatile forward who can score in the post and stretch the floor; complements guards by spacing and finishing. Early SEC minutes are limited, but role projection aligns with pick‑and‑pop and transition finishing.","Free: Interior forward who uses size to protect the rim. Needs more playing time in college.
Pro: At 6‑10, provides rebounding and rim protection; through his first 3 college games he’s averaging 0.3 rebounds and 0.3 blocks per game in limited minutes. Prep résumé included strong defensive activity, with 6 offensive rebounds and a block in the 2025 McDonald’s All‑American Game. Very little playing time so far in 2025-2026 season.",,"Free: Efficiency can be streaky.
Pro: Risk tied to shot selection and defensive consistency; must harness competitiveness while maintaining control to maximize impact.",,"Free: Stretch forward with soft touch.
Pro: Known for inside‑out scoring; at Ole Miss, early minutes haven’t yielded points yet (0.0 PPG, 0.0 FG%), but high school résumé shows perimeter range and confidence. McDonald’s All‑American performance: 12 points on efficient shooting","Free: Lauri Markkanen–style stretch forward.
Pro: Echoes Lauri Markkanen and Nemanja Bjelica — skilled forwards with perimeter shooting, size, and international development path. Like Markkanen, projects as a modern stretch forward with mobility and scoring versatility; Bjelica’s blend of perimeter skill and international trajectory provides a stylistic benchmark for his developmental path.","Free: Learning reads in college pace.
Pro: Shows flashes of recognition in offensive sets; still refining decision‑making against SEC defenses. Assist numbers sit at 0.0 per game in early sample, underscoring developmental need.","Free: Modern big with perimeter upside.
Pro: Archetype of a versatile four; developmental focus on sustaining perimeter efficiency and expanding playmaking",,,,,,
43,Milos Uzan,22,Silver,"6'4""",190,PG,"6""6""",Houston,ModalKey-Uzan,,"Name: Milos Uzan
Badge Tier: Gold
Team: Houston
Height/Weight: 6'4, 190 lbs
Wingspan: 6'6

Scouting Notes: Senior point guard, transferred from Oklahoma in 2024. Started all 40 games last season, averaging 11.4 PPG, 4.3 APG, and 3.1 RPG on 42.8% from three. Named Second‑Team All‑Big 12 and led Houston to the national championship game. Withdrawn from the 2025 NBA Draft to return for one final season. Known for poise, vision, and clutch shooting.

Defensive Profile: Smart positional defender; anticipates passing lanes and contests shots effectively.
Historical Echoes: Tyrese Haliburton (floor general + shooting), Andre Miller (steady leadership).
Audit Notes: Verified Houston roster and production; Big 12 Player of the Week honors; NCAA Tournament highlights include 22 points vs Purdue.",,"Free: Playmaking guard who complements scorers.
Pro: Fits best as a secondary creator who spaces the floor and distributes; led Houston with 170 assists (4.3 per game) in 2024–25, ranking top‑10 in the Big 12 in assist‑to‑turnover ratio.","Free: Guard who competes with toughness on the perimeter.
Pro: Uses size and anticipation to disrupt opposing guards; averaged 0.9 steals per game in 2024–25, with multiple 4‑steal performances (e.g., vs. Jackson State, Providence).",,"Free: Efficiency can dip under pressure.
Pro: Risk tied to streaky shooting (career 36.7% 3P, 42.9% FG overall); must maintain consistency against elite defenses to maximize role.",,"Free: Confident scorer with perimeter range.
Pro: Averaged 11.4 points per game on 45.3% FG and 42.8% from three in 2024–25. Career highs include 25 points vs. Arizona and 6 made threes vs. Purdue.","Free: Derek Fisher–style steady guard.
Pro: Echoes Derek Fisher and Tyus Jones — reliable secondary guards with balanced playmaking and perimeter efficiency. Like Fisher, projects as a steady presence who elevates team flow; Jones’ blend of efficiency, low‑mistake orchestration, and balanced scoring serves as a stylistic benchmark for his ceiling.","Free: Steady decision‑maker with vision.
Pro: Shows strong recognition in half‑court sets; career assist‑to‑turnover ratio of 2.98, reflecting reliable ball control. Demonstrated poise in NCAA Tournament play, including 8 assists vs. Gonzaga.","Free: Lead guard with balanced skill set.
Pro: Archetype of a steady playmaking guard; developmental focus on sustaining perimeter efficiency while expanding rim pressure",,,,,,
44,Hannes Steinbach,18,Gold,"6'10""",220,PF,"7'2""",Washington,ModalKey-Steinbach,,"Name: Hannes Steinbach
Badge Tier: Silver
Team: Washington
Height/Weight: 6'11, 230 lbs
Wingspan: 7'2

Scouting Notes: Freshman forward from Würzburg, Germany. Signed with Washington in April 2025 after playing for Würzburg Baskets in the German Bundesliga. Starred at the 2025 FIBA U19 World Cup, averaging 17.4 PPG and 13 RPG, earning All‑Star Five honors. Debut at Washington included 21 points and 7 rebounds vs Arkansas‑Pine Bluff (Nov. 3, 2025). Strong interior presence with rebounding and finishing ability, though perimeter shooting remains limited.

Defensive Profile: Physical rebounder with length; capable of guarding 4–5 and contesting shots in the paint.
Historical Echoes: Jonas Jerebko (stretch forward + rebounding), Maxi Kleber (German big with defensive versatility).
Audit Notes: Verified Washington roster and commitment; FIBA U19 All‑Star Five; November 2025 debut game logs confirm production.",,"Free: Interior forward who thrives in transition.
Pro: Fits best as a versatile forward who runs the floor and provides rebounding presence. His debut included 21 points and 7 rebounds vs. UAPB, highlighting scalable production.","Free: Long forward who rebounds and contests shots.
Pro: At 6‑11, provides size and rim protection; averaging 12.8 rebounds and 1.5 blocks per game through his first 4 college games. His FIBA U19 World Cup performance (13.0 RPG, 1.3 BPG) reinforced his defensive activity.",,"Free: Limited offensive polish at present.
Pro: Risk tied to perimeter shooting sample size and ball security (2.0 turnovers per game at Washington). Must refine handle and sustain efficiency against stronger competition.",,"Free: Developing scorer with interior touch.
Pro: Averaging 14.5 points per game on 56.1% FG and 66.7% from three in early Washington play. At the U19 World Cup, he added 17.4 points per game and showed confidence from mid‑range.","Free: Jakob Poeltl–style interior big.
Pro: Echoes Jakob Poeltl and Jonas Valančiūnas — centers with rim protection, rebounding, and interior scoring. Like Poeltl, projects as a reliable rim protector and efficient finisher; Valančiūnas’ blend of rebounding toughness, interior scoring, and physical presence serves as a stylistic benchmark for his ceiling.","Free: Building instincts in offensive flow.
Pro: Shows flashes of recognition in spacing and timing; averaging 2.5 assists per game at Washington. Demonstrated passing vision at the U19 World Cup with outlet feeds and high‑low reads.","Free: Modern big with two‑way potential.
Pro: Archetype of a developmental stretch forward; focus on sustaining perimeter efficiency and expanding playmaking while maintaining rebounding dominance",,,,,,
45,Alex Condon,21,Gold,6'11,230,PF/C,"7'2""",Florida,ModalKey-Condon,,"Name: Alex Condon
Badge Tier: Gold
Team: Florida
Height/Weight: 6'11, 236 lbs
Wingspan: 7'2

Scouting Notes: Junior forward/center from Perth, Australia. Starter for Florida’s 2025 national championship team. Averaged 10.6 PPG, 7.5 RPG, and 1.3 BPG last season. Named All‑SEC and NABC All‑District. Known for poise, rebounding, and defensive toughness. Developing perimeter shooting, with flashes of range in SEC play. Projected NBA draft pick in 2026.

Defensive Profile: Anchor defender with rim protection and mobility; capable of guarding bigs and contesting in space.
Historical Echoes: Zydrunas Ilgauskas (size + rebounding), Steven Adams (physicality + defensive toughness).
Audit Notes: Verified Florida roster and production.",,"Free: Interior forward who thrives in pick‑and‑roll.
Pro: Fits best as a versatile big who screens, rolls, and finishes. His ability to stretch the floor (32.8% 3P) complements guards, while rebounding anchors the frontcourt.","Free: Big man who rebounds and contests shots.
Pro: Averaging 7.5 rebounds and 0.9 steals per game in 2024–25. Uses length to protect the rim and switch onto forwards.",,"Free: Efficiency can be streaky.
Pro: Risk tied to perimeter shooting consistency and foul control (averaging 2.5 fouls per game). Needs to sustain efficiency against elite SEC competition.",,"Free: Efficient finisher with touch.
Pro: Averaging 10.6 points per game on 49.3% FG and 32.8% from three. Career‑high 25 points vs. UNF (Nov 2025) on 8‑12 FG, including 9‑10 FT.","Free: Jarrett Allen–style athletic big.
Pro: Echoes Jarrett Allen and Dario Šarić — rim protectors with rebounding strength, finishing ability, and international stretch‑forward trajectory. Like Allen, projects as an athletic rim protector and lob finisher; Šarić’s blend of perimeter skill, versatility, and international development path provides a stylistic benchmark for his broader ceiling.","Free: Developing awareness in offensive flow.
Pro: Averaging 2.2 assists per game. Shows vision in high‑low passing and kick‑outs; had 5 assists vs. North Carolina (Dec 2025).","Free: Modern big with two‑way potential.
Pro: Archetype of a stretch forward/center; developmental focus on sustaining perimeter efficiency and expanding playmaking.",,,,,,
46,Zoom Diallo,19,Gold,6'4,190,PG,"6'6""",Washington,ModalKey-Diallo,,"	💼 Pro: At 6’4” with a 6’6” wingspan, Diallo is averaging ~12.9 PPG, 4.8 APG, and 3.2 RPG through 5 games (accurate as of Nov 20, 2025). His blend of vision, perimeter shooting, and defensive activity makes him a reliable floor general for Washington",,"Free: Scoring guard who thrives in pace.
Pro: Fits best as a combo guard who provides secondary creation and rim pressure. Averaging 2.7 assists per game, with a season‑high of 7 vs. Illinois. Complements primary ball handlers by attacking gaps and finishing","Free: Competitive guard who pressures the ball.
Pro: Uses size and anticipation to disrupt opposing guards; averaging 3.1 rebounds and 0.7 steals per game. Shows toughness in on‑ball defense and activity in passing lanes.",,"Free: Shooting consistency can limit efficiency.Does not shoot well from 3.
Pro: Risk tied to perimeter reliability (18.2% 3P) and turnovers (2.1 per game). Must improve efficiency from deep to maximize offensive role",,"Free: Confident scorer with perimeter range.
Pro: Averaging 11.1 points per game on 47.3% FG, though only 18.2% from three. Strong finisher inside the arc and reliable at the line (71.9% FT). Career highs include 20 points vs. Rutgers and 18 points vs. Oregon.","Free: De’Aaron Fox–style quick guard.
Pro: Echoes De’Aaron Fox and Spencer Dinwiddie — guards with rim pressure, scoring burst, and secondary playmaking. Like Fox, projects as a dynamic lead guard with speed and attacking ability; Dinwiddie’s blend of size, scoring versatility, and secondary creation provides a stylistic benchmark for his broader ceiling.","Free: Developing recognition in half‑court sets.
Pro: Shows flashes of vision and poise; had 6 assists in upset win over Maryland. Assist‑to‑turnover ratio sits at 1.3, reflecting growth but still room for refinement.","Free: Combo guard with offensive upside.
Pro: Archetype of a scoring combo guard; developmental focus on perimeter shooting consistency and decision‑making against elite defenses.",,,,,,
47,Morez Johnson Jr.,19,Silver,"6'9""",250,PF,"7'1""",Michigan (transfer from Illinois),ModalKey-Johnson Jr.,,"Name: Morez Johnson Jr.
Badge Tier: Silver
Team: Michigan
Height/Weight: 6'9, 235 lbs
Wingspan: 7'1

Scouting Notes: Sophomore transfer from Illinois, now starting at Michigan. Debuted Nov. 3 with 24 points on 10‑for‑12 FG vs Oakland. Added 10 points, 8 rebounds vs Wake Forest (Nov. 11) and 10 points, 12 rebounds, 2 blocks in a road win at TCU (Nov. 14). Averaging 14.7 PPG and 7.7 RPG on 63% FG through three games. Silver tier reflects strong rebounding and efficient scoring, though offensive range and consistency remain developmental.

Defensive Profile: Physical rebounder and rim protector; contests shots and controls the paint.

Historical Echoes: Kenneth Faried (motor + rebounding), Montrezl Harrell (energy + interior scoring).

Audit Notes: Verified Michigan roster, transfer status, and November 2025 game logs.",,"Free: Strong forward who thrives in physical paint play.
Pro: Fits best as a rim‑running big who screens, rolls, and finishes. His offensive rebounding (2.5 per game) creates second‑chance opportunities, and he complements guards by anchoring the paint.","Free: Physical forward who rebounds and contests shots.
Pro: Averaging 7.5 rebounds and 1.0 blocks per game in 2025–26 at Michigan. His defensive activity includes a 15‑rebound, 4‑block performance vs. Ohio State last season at Illinois.",,"Free: Limited perimeter skill at present.
Pro: Risk tied to foul control (2.3 per game) and turnover rate (1.5 per game). Needs to sustain efficiency while expanding offensive versatility.",,"Free: Efficient finisher around the rim.
Pro: Shooting 62.9% from the field and 81.8% from the line in early Michigan play. Averaging 13.3 points per game, with a career‑high 20 points and 11 rebounds on 9‑for‑11 FG vs. Ohio State during his freshman year.","Free: Tristan Thompson–style rebounding forward.
Pro: Echoes Tristan Thompson and Bam Adebayo — bigs with rebounding dominance, interior finishing, and defensive toughness. Like Thompson, projects as a high‑motor forward with rebounding strength and interior scoring; Adebayo’s blend of rebounding dominance, defensive versatility, and developing playmaking serves as a stylistic benchmark for his ceiling as a modern two‑way big.","Free: Growing in offensive sets.
Pro: Averaging 1.0 assists per game at Michigan, showing flashes of vision in high‑low passing. Still refining decision‑making against Big Ten defenses.","Free: Traditional big with modern efficiency.
Pro: Archetype of a rebounding forward with finishing skill; developmental focus on expanding perimeter shooting and playmaking.",,,,,,
48,Jalen Haralson,18,Silver,"6'7""",220,SG/SF,"6'10""",Notre Dame,ModalKey-Haralson,,"Name: Jalen Haralson
Badge Tier: Gold
Team: Notre Dame
Height/Weight: 6'7, 220 lbs
Wingspan: 6'10

Scouting Notes: Consensus five‑star recruit and highest‑rated signee in Notre Dame history. McDonald’s All‑American and USA U17 gold medalist. Smooth scorer with perimeter shooting touch, strong rebounding, and playmaking instincts. Early ACC production highlights his ability to connect teammates while still scoring at all three levels. Projected one‑and‑done lottery pick.

Defensive Profile: Competitive defender with length; capable of guarding 2–4 with anticipation and strength.
Historical Echoes: Jimmy Butler (two‑way wing + leadership), Josh Hart (connector + rebounding guard).
Audit Notes: Verified Notre Dame roster and commitment.",,"Free: Wing scorer who thrives in transition.
Pro: Fits best as a slashing forward who complements guards by attacking gaps and finishing. His debut included 16 points, 4 rebounds, and 5 assists vs. Bellarmine, highlighting his ability to contribute across categories.","Free: Strong wing who competes on the glass.
Pro: Averaging 3.5 rebounds and 0.8 steals per game in his first four college games. His defensive activity includes 4 rebounds and 2 steals vs. Ohio State, showing toughness against high‑major competition.",,"Free: Shooting range is limited.
Pro: Risk tied to perimeter reliability (0% 3P through first four games) and turnovers. Needs to add consistent outside shooting to maximize offensive role",,"Free: Confident scorer with interior touch.
Pro: Averaging 12.5 points per game on 54.3% FG and 63.2% FT. He’s yet to hit a three (0‑for‑3), but his finishing inside the arc has been efficient. Career‑high 17 points vs. Eastern Illinois on 7‑for‑7 FG.","Free: Wesley Matthews–style versatile wing.
Pro: Echoes Wesley Matthews and Trevor Ariza — wings with defensive toughness, perimeter scoring, and secondary playmaking. Like Matthews, projects as a strong two‑way wing who contributes with shooting and defense; Ariza’s blend of defensive versatility, 3‑and‑D impact, and connector play provides a stylistic benchmark for his ceiling.","Free: Developing recognition in offensive flow.
Pro: Averaging 2.8 assists per game, including 5 vs. Bellarmine. Shows flashes of vision and poise, though turnover rate (2.5 per game) reflects freshman learning curve.
","Free: Modern wing with two‑way potential.
Pro: Archetype of a slashing wing with playmaking upside; developmental focus on expanding perimeter shooting and tightening ball control.",,,,,,
49,Jo Jo Tugler,20,Silver,"6'8""",230,PF/C,"7'0""",Houston,ModalKey-Tugler,,"Name: Jo Jo Tugler
Badge Tier: Silver
Team: Houston
Height/Weight: 6'8, 230 lbs
Wingspan: 7'0

Scouting Notes: Junior forward and reigning Big 12 Defensive Player of the Year. Averaged 5.9 RPG and 1.9 BPG in 2024–25, finishing 11th nationally in blocks. Opened 2025–26 with 11 points, 4 blocks vs Lehigh (Nov. 3) and 15 points, 8 rebounds vs Towson (Nov. 8). Known for elite rim protection and rebounding, with improved offensive confidence (floater game, occasional three‑point attempts). Silver tier reflects defensive reliability and growing offensive role.

Defensive Profile: One of the nation’s best shot blockers; alters attempts at the rim and controls the glass.

Historical Echoes: Clint Capela (rim protection + rebounding), Joakim Noah (defensive energy + passing flashes).

Audit Notes: Verified Houston roster, Big 12 accolades, and November 2025 game logs.",,"Free: Interior forward who thrives in physical play.
Pro: Fits best as a defensive anchor and rim‑running big. His offensive rebounding and screening complement Houston’s guards, and today’s game highlighted his ability to impact winning without high usage.","Free: Physical forward who protects the rim.
Pro: Tugler continues to anchor Houston’s defense. In today’s overtime win vs. Syracuse he posted 8 rebounds and 5 blocks before fouling out, reinforcing his reputation as a rim protector. For the season he’s averaging 5.8 rebounds and 1.6 assists per game, with Houston relying on his shot‑blocking (career high: 8 vs. Alabama last year).",,"Free: Limited perimeter skill.
Pro: Risk tied to foul control — he fouled out today and averages 3.5 fouls per game. Turnovers (2.3 per game) also remain a developmental hurdle.",,"Free: Traditional big with defensive upside.
Pro: Archetype of a rim‑protecting forward; developmental focus on expanding offensive polish and sustaining efficiency against elite competition.","Free: Kenneth Faried–style rebounding forward.
Pro: Echoes Kenneth Faried and Clint Capela — forwards with rebounding toughness, rim protection, and defensive presence. Like Faried, projects as a high‑motor forward with rebounding strength and interior scoring; Capela’s blend of rim protection, rebounding dominance, and defensive anchoring provides a stylistic benchmark for his ceiling as a modern defensive anchor.","Free: Developing recognition in offensive sets.
Pro: Averaging 1.7 assists per game after adding 2 more today. Shows flashes of vision in high‑low passing and kick‑outs.","Free: Traditional big with defensive upside.
Pro: Archetype of a rim‑protecting forward; developmental focus on expanding offensive polish and sustaining efficiency against elite competition.",,,,,,
50,Sadiq White Jr.,18,Silver,"6'8""",200,SF/PF,6'11,Syracuse,ModalKey-White Jr.,,"Name: Sadiq White Jr.
Badge Tier: Silver
Team: Syracuse
Height/Weight: 6'8, 205 lbs
Wingspan: 6'11

Scouting Notes: Freshman forward at Syracuse, consensus Top‑30 recruit from Charlotte, NC. Early ACC production includes 12 points, 6 rebounds vs Colgate (Nov. 4, 2025) and 8 points, 5 rebounds vs Georgetown (Nov. 10). Known for explosive athleticism and defensive activity, with flashes of rim protection and transition scoring. Still raw offensively, but upside is evident in energy minutes.

Defensive Profile: Explosive defender with length; capable of guarding 3–4 and contesting shots.
Historical Echoes: Jerami Grant (athletic forward + defensive versatility), Hakim Warrick (length + finishing).
Audit Notes: Verified Syracuse roster and commitment; November 2025 game logs confirm rotational role.",,"Free: Athletic forward who thrives in transition.
Pro: Fits best as a slashing forward who runs the floor and finishes plays. His debut included 8 points, 3 rebounds, and 2 assists vs. Binghamton, showing versatility in multiple phases of the game.","Free: Long forward who competes on the glass.
Pro: Averaging 2.8 rebounds, 0.8 steals, and 0.5 blocks per game through his first 4 college games. His length allows him to contest shots and disrupt passing lanes, though he’s still adjusting to ACC physicality.",,"Free: Needs to prove he has 3 Point shot.
Pro: Risk tied to shooting range (0% 3P so far) and turnovers (1.0 per game). Needs to add consistent outside shooting to maximize offensive role.",,"Free: Developing scorer with interior touch.
Pro: Averaging 6.5 points per game on 60.0% FG and 100% FT. He’s 0‑for‑3 from three so far, but his finishing inside has been efficient. Career‑high 10 points vs. Delaware State on 5‑for‑6 FG.","Free: Derrick Jones Jr.–style explosive athlete with finishing ability.
Pro: Echoes Derrick Jones Jr. and Gerald Wallace — forwards with athleticism, defensive versatility, and transition impact. Like Jones, projects as an explosive finisher and high‑motor athlete; Wallace’s blend of athleticism, defensive toughness, and transition‑driven play provides a stylistic benchmark for his ceiling.","Free: Building instincts in offensive flow adjusting to college game..
Pro: Averaging 1.0 assists per game, with flashes of vision in transition and half‑court sets. Still developing decision‑making consistency.","Free: Modern wing with two‑way potential.
Pro: Archetype of a slashing forward; developmental focus on expanding perimeter shooting and tightening ball control.",,,,,,
51,Patrick Ngongba II,19,Silver,"6'11""",250,C,"7'1""",Duke,ModalKey-Ngongba II,,"Name: Patrick Ngongba II
Badge Tier: Silver
Team: Duke
Height/Weight: 6'9, 235 lbs
Wingspan: 7'1

Scouting Notes: Freshman forward at Duke, consensus top‑40 recruit from Paul VI HS (Virginia). Strong frame and rebounding presence. Developing offensive polish but already impactful in the paint. Early ACC minutes highlight energy and toughness. Needs consistency and expanded skill set to rise tiers.

Defensive Profile: Physical defender with strength; capable of guarding 4–5 and contributing on the glass.
Historical Echoes: Brandon Bass (physical forward + rebounding), Kenneth Faried (energy + toughness).
Audit Notes: Verified Duke roster and commitment; McDonald’s All‑American; USA Basketball Junior National Team participant.",,"Free: Interior big who thrives in physical play.
Pro: Fits best as a rim‑running center who screens, rolls, and finishes. His offensive rebounding (4.0 per game) creates second‑chance opportunities, and his passing (2.3 assists per game) adds value in high‑low sets.","Free: Strong interior presence who rebounds and contests shots.
Pro: Averaging 7.0 rebounds and 1.0 blocks per game this season. His defensive activity includes a 9‑rebound, 4‑assist performance vs. Army and 8 rebounds with 4 blocks vs. Indiana State. His length and strength make him a reliable rim protector in Duke’s scheme.",,"Free: Commits too many fouls.
Pro: Risk tied to foul control (3.0 per game) and turnovers (2.0 per game). Needs to sustain efficiency while expanding offensive versatility",,"Free: Efficient finisher around the rim.
Pro: Averaging 12.5 points per game on 65.8% FG and 80% FT. He’s not a perimeter shooter (12.5% from three), but his touch inside is excellent. Career‑high 17 points on 100% shooting vs. Niagara, and 16 points with 9 rebounds vs. Army.","Free: Dereck Lively II–style modern rim‑runner.
Pro: Echoes Dereck Lively II and Tyson Chandler — centers with rim‑running efficiency, rim protection, and defensive versatility. Like Lively, projects as a modern rim‑runner who anchors defenses and finishes efficiently; Chandler’s blend of rim‑running efficiency, rebounding dominance, and defensive versatility provides a stylistic benchmark for his ceiling as a modern two‑way center.","Free: Developing recognition in offensive sets.
Pro: Averaging 2.3 assists per game, with a season‑high 4 vs. Army. Shows poise in decision‑making, especially in short‑roll situations.","Free: Traditional big with modern efficiency.
Pro: Archetype of a rebounding and finishing center; developmental focus on expanding perimeter shooting and sustaining defensive versatility.",,,,,,
52,Shon Abaev,18,Silver,6'7,195,SF,"6'9""",Cincinatti,ModalKey-Abaev,,"Name: Shon Abaev
Badge Tier: Silver
Team: Cincinnati
Height/Weight: 6'8, 210 lbs
Wingspan: 6'9

Confident scoring wing with NBA size; projects as a rotation scorer with upside.
Echo: Omri Casspi.",,"Free: Wing scorer who thrives in transition.
Pro: Fits best as a slashing wing who complements guards by attacking gaps and finishing. His debut stretch highlights versatility — scoring double figures in multiple games while maintaining efficiency.","Free: Long  Wiry wing who competes on the glass.
Pro: Averaging 2.3 rebounds per game with defensive activity spread across multiple positions. His length allows him to contest shots and disrupt passing lanes, though he has yet to record a block in his first three games.",,"Free: Perimeter shooting is streaky.
Pro: Risk tied to shooting reliability (28.6% from three) and turnovers (2.3 per game). Needs to add consistent outside shooting to maximize offensive role.",,"Free: Confident scorer with perimeter range.
Pro: Averaging 12.0 points per game on 52.2% FG, 28.6% 3P, and 66.7% FT. He scored 18 points in the season opener vs. Western Carolina and added 14 points vs. Dayton, showing efficiency both inside and out. His effective FG% sits at 60.9, reflecting strong finishing.","Free: Kelly Oubre Jr.–style athletic scoring wing.
Pro: Echoes Kelly Oubre Jr. and Will Barton — wings with athletic slashing, streaky shooting, and high‑energy scoring. Like Oubre, projects as an athletic scoring wing who thrives in transition and attacking the rim; Barton’s blend of slashing ability, streaky perimeter shooting, and high‑energy play provides a stylistic benchmark for his ceiling.","Free: Developing recognition in offensive flow.
Pro: Averaging 1.0 assists per game, with flashes of vision in transition. Still refining decision‑making against high‑major defenses.","Free: Modern wing with scoring upside.
Pro: Archetype of a slashing/scoring wing; developmental focus on expanding perimeter shooting consistency and tightening ball control.",,,,,,
53,Bryson Tiller,20,Gold,"6'10""",240,PF,"7'3""",Kansas,ModalKey-Tiller,,"Name: Bryson Tiller
Badge Tier: Gold
Team: Kansas
Height/Weight: 6'10, 240 lbs
Wingspan: 7'3

Scouting Notes: Five‑star freshman forward from Overtime Elite, now at Kansas. Known for length, strength, and versatile skill set. Averaged 12.2 PPG and 9.4 RPG in OTE, earning All‑OTE Second Team honors. Comfortable facing up in the mid‑post, rebounding at a high level, and providing secondary rim protection. Early Big 12 minutes highlight his ability to contribute immediately in Bill Self’s rotation.

Defensive Profile: Fundamentally sound defender with length; capable of guarding 4–5 and providing rim deterrence.
Historical Echoes: Paolo Banchero (inside‑out scoring forward), Giannis Antetokounmpo (length + versatility).
Audit Notes: Verified Kansas roster and commitment.",,"Free: Athletic forward who thrives in transition.
Pro: Fits best as a slashing forward who runs the floor and finishes plays. His debut stretch highlights versatility — scoring double figures in multiple games while maintaining efficiency.","Free: Long forward who competes on the glass.
Pro: Averaging 5.2 rebounds and 0.8 blocks per game through his first five college games. His defensive activity includes 9 rebounds and 1 block vs. Notre Dame (Nov 24, 2025), showing toughness against high‑major competition.",,"Free: Limited perimeter skill at present.
Pro: Risk tied to shooting range (small sample size at 50% 3P but low volume) and turnovers (1.2 per game). Needs to add consistent outside shooting to maximize offensive role",,"Free: Confident scorer with interior touch.
Pro: Averaging 8.4 points per game on 43.3% FG and 50% 3P. He scored 17 points on 7‑for‑13 FG vs. Notre Dame, his best outing so far, and added 12 points on 80% FG vs. UNC. His efficiency inside is strong, with flashes of perimeter range.","Free: Aaron Gordon–style athletic forward.
Pro: Echoes Aaron Gordon and Shawn Marion — forwards with athleticism, defensive versatility, and transition impact. Like Gordon, projects as an athletic forward who thrives in slashing, rebounding, and defensive presence; Marion’s blend of explosive athleticism, defensive toughness, and transition‑driven play provides a stylistic benchmark for his ceiling as a two‑way forward.","Free: Building instincts in offensive flow.
Pro: Averaging 0.4 assists per game, with flashes of vision in transition and high‑low sets. Still developing decision‑making consistency.","Free: Modern wing with two‑way potential.
Pro: Archetype of a slashing forward; developmental focus on expanding perimeter shooting and tightening ball control.",,,,,,
54,Alex Karaban,22,Silver,"6'8""",220,PF,"6'10""",UConn,ModalKey-Karaban,,"Name: Alex Karaban
Badge Tier: Silver
Team: UConn
Height/Weight: 6'8, 230 lbs
Wingspan: 6'10

Scouting Notes: Redshirt senior forward, captain of UConn. Averaging 18.3 PPG, 5.3 RPG, and 2.3 APG through the first four games of 2025–26. Efficient shooting: 62% FG, 62% from three. Recent highlights include 20 points, 6 rebounds, 4 assists vs Columbia (Nov. 10) and 21 points on 8‑11 FG, 4‑4 from three vs No. 7 BYU (Nov. 15). Named BIG EAST Player of the Week (Nov. 17). Reliable scorer and floor spacer, though ceiling projects more as a polished role player than star.

Defensive Profile: Smart positional defender; contests shots and rebounds adequately but not a primary stopper.
Historical Echoes: Joe Ingles (floor spacing + secondary playmaking), Ryan Anderson (stretch forward role).
Audit Notes: Verified UConn roster and November 2025 game logs.",,"Free: Stretch forward who complements guards.
Pro: Functions as a connector piece in UConn’s offense, spacing the floor and keeping ball movement fluid.","Free: Smart positional defender who competes on rotations.
Pro: Averaging 6.2 rebounds and 0.9 blocks per game. Uses anticipation and length to contest shots, with strong rebounding instincts in traffic.",,"Free: Not a high‑end athlete.
Pro: Risk tied to defensive ceiling — relies on positioning more than athleticism, limiting switchability..",,"Free: Reliable floor‑spacer.
Pro: Averaging 13.8 points per game on 47.5% FG and 41.2% 3P. His catch‑and‑shoot ability stretches defenses, and he punishes closeouts with mid‑range touch.","Free: Joe Ingles–style stretch forward.
Pro: Echoes Joe Ingles and Sam Dekker — forwards with perimeter shooting, connector play, and complementary rebounding. Like Ingles, projects as a reliable stretch forward who spaces the floor and moves the ball; Dekker’s blend of perimeter scoring, size, and complementary rebounding provides a stylistic benchmark for his ceiling.","Free: Reads defenses with poise.
Pro: Averaging 1.9 assists per game, showing vision in kick‑outs and secondary creation.","Free: Modern stretch forward.
Pro: Archetype of a cerebral shooter; developmental focus on sustaining efficiency against elite length.",,,,,,
55,Amarion Dickerson,20,Silver,"6'7""",197,SF,"6'10""",USC,ModalKey-Dickerson,,"Name: Amarion Dickerson
Badge Tier: Silver
Team: USC
Height/Weight: 6'7, 197 lbs
Wingspan: 6'10

Scouting Notes: Horizon League Defensive Player of the Year at Robert Morris before transferring to USC in April 2025. Known for versatility and defensive activity, with multiple 20+ point games and double-doubles last season. Early USC minutes (Nov. 2025) include 9 points, 6 rebounds vs Illinois State and 5 points, 3 assists vs Manhattan. Brings toughness and rim protection to Eric Musselman’s system, though offensive polish remains limited.

Defensive Profile: Switchable defender with length; capable of guarding 2–4 and contesting shots.
Historical Echoes: Andre Roberson (defensive wing + rebounding), Justise Winslow (versatile forward).
Audit Notes: Verified USC roster and transfer; Horizon League accolades; November 2025 USC game logs confirm rotational role.",,"Free: Energetic backcourt piece.
Pro: Fits best as a change‑of‑pace guard who thrives in transition and defensive pressure.","Free: Active guard who likes to pressure ballcarrier.
Pro: Averaging 2.1 rebounds and 1.2 steals per game. Uses quickness to disrupt passing lanes and force turnovers.",,"Free: Shooting consistency is a question.
Pro: Risk tied to streaky jumper and ball control; needs refinement to maximize offensive role.",,"Free: Slashing guard with developing jumper.
Pro: Averaging 7.4 points per game on 44.0% FG and 33.3% 3P. Shows confidence attacking downhill, with flashes of perimeter shooting","Free: Norman Powell–style aggressive guard/wing.
Pro: Echoes Norman Powell and Josh Hart — wings with two‑way energy, slashing ability, and defensive toughness. Like Powell, projects as an aggressive downhill scorer with rotation‑ready impact; Hart’s blend of rebounding strength, defensive versatility, and two‑way energy provides a stylistic benchmark for his ceiling as a reliable rotation wing.","Free: Learning offensive reads.
Pro: Averaging 1.4 assists per game, showing flashes of vision but still turnover‑prone","Free: Two‑way guard with upside.
Pro: Archetype of a slashing combo guard; developmental focus on perimeter polish and decision‑making.",,,,,,
56,PJ Haggerty,21,Silver,"6'3""",185,SG,"6'6""",Kansas State,ModalKey-Haggerty,,,,"Free: Guard who thrives with the ball in his hands.
Pro: Best fit in systems that allow him to operate as a primary creator. At Tulsa, drew 7.9 fouls per 40 minutes (3rd nationally) and ranked 2nd in the AAC in scoring. At Kansas State, averaging 6.3 assists per game, showing growth as a facilitator. Can run pick‑and‑rolls and generate offense, but also capable of sliding into combo‑guard duties alongside another ballhandler.","Free: Competitive guard who plays with effort.
Pro: Active hands and willingness to fight through screens. Averaged 1.9 steals per game at Tulsa (2023‑24) and has maintained disruptive tendencies at Kansas State. Lacks elite size or length, which limits versatility against bigger wings. Needs refinement in rotations and consistency in point‑of‑attack defense.",,"Free: Jumper consistency will define his ceiling.
Pro: Relies heavily on scoring instincts. While his shooting has surged (41% 3PT this season), durability and defensive polish remain concerns. Without sustained efficiency and defensive growth, risks narrowing to a microwave scorer rather than a full‑time starter.",,"Free: Strong scorer with touch in the midrange.
Pro: Elite scoring résumé — averaged 21.2 PPG at Tulsa (2023‑24) and is currently at 28.0 PPG on 56% FG, 41% 3PT, 84% FT at Kansas State (2025‑26). Crafty finisher who thrives in pull‑up situations and finishing through contact. Reliable free‑throw shooter (career ~80%), suggesting translatable touch. Three‑point shot has improved significantly, now a high‑volume weapon","Free: Monta Ellis–style scoring guard, emphasizing slashing and midrange scoring bursts.
Pro: Monta Ellis with Jamal Crawford polish — slashing and midrange scoring bursts paired with creative, multi‑level offensive weaponry. Projects as a scoring guard who thrives on slashing and confident midrange bursts (26.3 PPG, 39.1 3P% at Kansas State), with Crawford‑like creativity and multi‑level offense providing a stylistic benchmark for his ceiling as a modern high‑usage scoring guard.","Free: Natural scorer with offensive instincts.
Pro: Shows poise in creating shots and confidence in big moments — exploded for 37 points vs. Mississippi State (Nov 2025). Reads defenders well enough to find lanes, though passing vision is secondary to his scoring mindset. Needs to improve recognition of help defenders to maximize playmaking impact.","Free: Scoring guard evolving toward combo role.
Pro: Began as a bucket‑getter at Tulsa; trajectory points toward versatile combo guard if perimeter shooting and facilitation continue to improve. Current production (28 PPG, 6.3 APG) suggests potential to stabilize as a lead creator.",,,,,,
57,Baye Ndongo,21,Silver,"6'9""",230,PF,"7'1""",Georgia Tech,ModalKey-Ndongo,,"
 Name: Baye Ndongo
Badge Tier: Silver
Team: Georgia Tech
Height/Weight: 6'9, 214 lbs
Wingspan: 7'1

Scouting Notes: Junior forward from Senegal, high‑motor interior presence. November 2025 highlights include 10 points, 7 rebounds vs Samford (Nov. 7), 8 points, 8 rebounds, 5 assists, 3 blocks vs Loyola Marymount (Nov. 10), and 10 points, 4 rebounds vs Georgia (Nov. 14). Averaging 9.3 PPG, 6.3 RPG, 2.3 APG on 61% FG through three games. Silver tier reflects rebounding, finishing, and defensive activity, though face‑up game and perimeter shooting remain limited.

Defensive Profile: Physical rebounder and rim protector; contests shots and defends with energy.

Historical Echoes: Kenneth Faried (motor + rebounding), Montrezl Harrell (energy + interior scoring), Chris Wilcox (trajectory comp — college energy big who scaled to NBA role), Brandon Bass (undersized big + toughness).

Audit Notes: Verified Georgia Tech roster and November 2025 game logs.

",,"Free: Interior big who thrives in contact.
Pro: Fits best as a rim‑running forward who punishes mismatches and cleans the glass.","Free: Physical rebounder with rim protection instincts.
Pro: Averaging 8.6 rebounds and 1.4 blocks per game. Anchors Georgia Tech’s interior defense with toughness and timing.",,"Free: Lacks perimeter skill.
Pro: Risk tied to foul control and offensive range; needs to sustain efficiency against elite competition.",,"Free: Efficient finisher inside.
Pro: Averaging 12.2 points per game on 55.8% FG. Scores primarily at the rim, with flashes of mid‑range touch.","Free: Taj Gibson–style rugged forward.
Pro: Echoes Taj Gibson and Brandon Bass — forwards with interior scoring, rebounding strength, and defensive toughness. Like Gibson, projects as a rugged forward who thrives on rebounding and physical play; Bass’s blend of interior scoring, rebounding reliability, and rotation‑ready toughness provides a stylistic benchmark for his ceiling as a dependable rotation big.","Free: Developing offensive recognition.
Pro: Averaging 1.2 assists per game, showing flashes of passing but still raw in reads.","Free: Traditional big with modern efficiency.
Pro: Archetype of a rebounding and finishing forward; developmental focus on expanding perimeter shooting.",,,,,,
58,Braylon Mullins,18,Silver,"6'6""",196,SG/SF,"6'8""",UConn,ModalKey-Mullins,,"Name: Braylon Mullins
Badge Tier: Silver
Team: UConn
Height/Weight: 6'6, 196 lbs
Wingspan: 6'8

Scouting Notes: Indiana Mr. Basketball and McDonald’s All-American who committed to UConn; preseason Big East Freshman of the Year buzz. Missed early November with an ankle injury but remains a high-upside marksman with deep range and quick processing. Silver tier reflects rotation impact potential upon return, with upside tied to strength and adjustment to high-major physicality.

Defensive Profile: Active hands and awareness; needs reps to solidify rotations and physical contests.

Historical Echoes: Jordan Clarkson (scoring guard + shot creation), Ben Gordon (role comp — movement shooting), Jason Terry (trajectory comp — off-ball scoring guard), Vinnie Johnson (era comp — microwave scoring).

Audit Notes: Verified UConn roster and injury timeline; Indiana Mr. Basketball credentials confirmed.",,"Free: Scoring guard who thrives in uptempo systems.
Pro: Best fit in offenses that emphasize spacing and pace. At UConn, he projects as a floor‑spacer and secondary scorer who complements primary creators, while also providing transition scoring.","Free: Athletic guard who competes on the perimeter.
Pro: Uses quickness and length to pressure ballhandlers and contest shots. Still developing strength to guard bigger wings, but his effort level and mobility give him defensive upside.",,"Free: Needs strength to finish consistently at the rim.
Pro: Relies heavily on shooting and scoring instincts. Without added strength and defensive polish, risks narrowing to specialist shooter rather than full‑time starter.",,"Free: Outstanding shooter with deep range.
Pro: One of the best shooters in the 2025 class, with a smooth release and ability to hit off movement. Comfortable pulling up in transition or spotting up in half‑court sets. Shows touch around the rim, though finishing through contact is still a growth area.","Free: Buddy Hield–style confident shooter, emphasizing perimeter scoring gravity and shot‑making confidence.
Pro: Echoes Buddy Hield and Malik Monk — guards/wings with perimeter scoring gravity, athleticism, shot creation, and improved versatility. Like Hield, projects as a confident shooter who thrives on perimeter scoring gravity (13.4 PPG, 38% 3P at UConn); Monk’s blend of athleticism, shot creation, and improved versatility provides a stylistic benchmark for his ceiling as a modern two‑way scoring wing with NBA upside.","Free: Scoring guard who thrives in uptempo systems.
Pro: Best fit in offenses that emphasize spacing and pace. At UConn, he projects as a floor‑spacer and secondary scorer who complements primary creators, while also providing transition scoring.","Free: Sharpshooting guard evolving toward two‑way wing.
Pro: Began as a perimeter scorer; trajectory points toward a versatile scoring guard if strength and defense improve. Could drift toward a combo‑guard archetype with added playmaking.",,,,,,
59,Nikolas Khamenia,18,Silver,"6'8""",215,SF/PF,"6'10""",Duke,ModalKey-Khamenia,,"Name: Nikolas Khamenia
Badge Tier: Silver
Team: Duke
Height/Weight: 6'8, 215 lbs
Wingspan: 6'10

Scouting Notes: Freshman forward from Harvard‑Westlake, five‑star recruit and McDonald’s All‑American. Starred at the 2025 FIBA U19 World Cup, averaging 9.7 PPG, 3.3 RPG, 2.1 APG while shooting 44% from three. Early Duke production includes a dunk and three‑point shooting vs Indiana State (Nov. 14, 2025). Known for feel, passing, and perimeter scoring, though still adjusting to ACC physicality. Silver tier reflects rotation impact with upside to rise as consistency develops.

Defensive Profile: Smart positional defender; contests shots and rebounds adequately.

Historical Echoes: Gordon Hayward (playmaking forward + shooting), Joe Ingles (floor spacing + secondary playmaking).

Audit Notes: Verified Duke roster, FIBA U19 gold medal, and November 2025 game logs.",,"Free: Versatile wing forward.
Pro: Fits best as a connector who spaces the floor and defends multiple positions. His USA Basketball pedigree (U18 AmeriCup gold, U19 World Cup gold) reflects his ability to adapt to high‑level systems.","Free: Long forward who competes across positions.
Pro: Averaging 4.5 rebounds and 0.7 blocks per game early in his Duke career. Shows defensive versatility with the ability to switch onto wings and contest shots using length and anticipation.",,"Free: Needs consistency.
Pro: Risk tied to shooting reliability and strength against physical defenders. Must prove he can sustain efficiency against ACC length and athleticism.",,"Free: Developing scorer with perimeter flashes.
Pro: Averaging 6.8 points per game on 46.0% FG and 35.0% 3P. Comfortable spotting up from deep, with potential as a stretch forward. His mechanics are clean, though volume is still limited.","Free: Gordon Hayward as a skilled forward.
Pro: Gordon Hayward: Echoes Hedo Türkoğlu in size and perimeter skill, projecting as a tall wing scorer with playmaking flashes.","Free: Learning offensive flow.
Pro: Averaging 1.0 assists per game, showing flashes of vision in transition and half‑court sets. Still turnover‑prone but demonstrates poise in decision‑making.","Free: Modern wing with upside.
Pro: Archetype of a versatile forward; developmental focus on expanding offensive polish and sustaining defensive versatility against elite competition.",,,,,,
60,Braden Smith,21,Silver,"6'0""",175,PG,"6'3""",Purdue,ModalKey-Smith,,"Name: Braden Smith
Badge Tier: Silver
Team: Purdue
Height/Weight: 6'0, 180 lbs
Wingspan: 6'3

Scouting Notes: Junior point guard at Purdue, starter alongside Zach Edey in recent Big Ten runs. Known for steady playmaking, perimeter shooting, and leadership. Silver tier reflects rotation impact with upside tied to efficiency and defensive growth. Early November 2025 games show continued command of the offense and reliable decision‑making.

Defensive Profile: Competes with energy; uses anticipation to disrupt passing lanes. Size limits switch versatility but makes up with toughness.

Historical Echoes: Jameer Nelson (floor general comp), Andre Miller (role comp — steady point guard), Ty Lawson (trajectory comp — quick playmaker), Derek Harper (era comp — reliable two‑way guard).

Audit Notes: Verified Purdue roster, draft‑eligible age range, November 2025 starter minutes aligned.",,"Free: Veteran lead guard who organizes offense.
Pro: Functions as Purdue’s primary initiator, averaging 6.7 assists per game. His ability to control tempo and distribute makes him the engine of their half‑court sets, with senior poise guiding younger teammates.","Free: Tough guard who competes at the point of attack.
Pro: Averaging 5.1 rebounds and 1.6 steals per game despite size. Uses anticipation and toughness to disrupt opposing guards, showing grit on the defensive end.",,"Free: Size limits defensive ceiling.
Pro: Risk tied to physical profile — at 6‑0, struggles against taller guards and switch situations. Must rely on anticipation and toughness to offset size disadvantage, though senior experience mitigates some concerns.",,"Free: Floor general with scoring touch.
Pro: Averaging 11.4 points per game on 44.8% FG and 38.5% 3P. Balances scoring with playmaking, punishing sagging defenses with perimeter shooting while finishing efficiently at the rim.","Free: Jameer Nelson–style steady point guard.
Pro: Echoes Jameer Nelson and Tyus Jones — guards with playmaking, efficiency, and leadership. Like Nelson, projects as a steady point guard who provides scoring craft and toughness; Jones’s blend of efficient playmaking, ball security, and floor‑general reliability provides a stylistic benchmark for his ceiling as a reliable floor general who elevates teammates.","Free: Reads defenses with poise.
Pro: Shows advanced recognition in pick‑and‑rolls, manipulating defenders to create passing angles. Keeps turnovers manageable relative to usage, reflecting strong decision‑making and maturity.","Free: Steady point guard.
Pro: Archetype of a cerebral floor general; developmental focus on sustaining efficiency against elite athleticism and continuing to expand scoring versatility. As a senior, projects as a plug‑and‑play pro system guard.",,,,,,
61,Derrion Reid,19,Silver,"6'8""",226,SF/PF,"6'9""",Oklahoma,ModalKey-Reid,,"Name: Derrion Reid
Badge Tier: Silver
Team: Oklahoma
Height/Weight: 6'7, 210 lbs
Wingspan: 6'9

Scouting Notes: Sophomore forward from Grovetown, GA, consensus top‑40 recruit. November 2025 highlights include 11 points, 6 rebounds vs South Alabama and 9 points, 7 rebounds vs Purdue. Known for athleticism, defensive versatility, and slashing ability. Silver tier reflects rotation impact with upside to rise if perimeter shooting develops.

Defensive Profile: Switchable defender; uses length and athleticism to guard multiple positions.

Historical Echoes: Jae Crowder (two‑way forward + energy), Torrey Craig (role comp — versatile wing defender), Stacey Augmon (trajectory comp — athletic defensive wing), Luol Deng (era comp — two‑way wing with length).",,"Free: Versatile forward who complements guards.
Pro: Fits best as a secondary scorer and defensive piece. His athleticism allows him to thrive in transition and as a cutter in Oklahoma’s motion offense.","Free: Athletic forward who competes across matchups.
Pro: Averaging 3.6 rebounds and 0.8 blocks per game. Uses length and strength to contest shots, rebound in traffic, and guard multiple positions.",,"Free: Jumper remains streaky.
Pro: Risk tied to shooting consistency (14% from three early season) and foul control. Needs refinement to maximize offensive role and avoid turnovers.",,"Free: Slashing scorer with perimeter flashes.
Pro: Averaging 9.6 points per game on 44.1% FG. Comfortable attacking downhill, with developing perimeter shooting (14% 3P early season). Shows confidence in transition and mid‑range pull‑ups.","Free: Jeff Green–style versatile forward.
Pro: Echoes Jeff Green and Justise Winslow — forwards with athleticism, defensive versatility, and rotation upside. Like Green, projects as a versatile forward who contributes across roles; Winslow’s blend of athleticism, defensive toughness, and multi‑positional versatility provides a stylistic benchmark for his ceiling as a rotation forward with upside.","Free: Reads defenses with growing poise.
Pro: Averaging 2.0 assists per game, showing flashes of vision in ball movement and transition. Still turnover‑prone but demonstrates willingness to facilitate.","Free: Modern wing forward.
Pro: Archetype of a slashing, athletic forward; developmental focus on perimeter polish and sustaining efficiency against Big 12 defenses.",,,,,,
62,Tahaad Pettiford,19,Silver,"6'1""",175,PG,"6'4""",Auburn,ModalKey-Pettiford,,"Explosive scoring guard with elite shooting touch and mismatch creation. Projects as a combo initiator with clutch shotmaking and off-ball gravity.
•         Defensive Profile (teaser): Undersized but disruptive; anticipates well and competes with effort.
•         Historical Echoes (teaser): Early-career Brandon Jennings.",,"Free: Lead guard who thrives in tempo.
Pro: Functions as Auburn’s starting point guard, balancing scoring with facilitation. Averaged 113 assists as a freshman, one of only four Auburn freshmen ever to surpass 100.","Free: Quick guard who pressures the ball.
Pro: Uses lateral speed to stay in front of ballhandlers. Auburn staff emphasize his potential as an elite defender when locked in.",,"Free: Shooting streaks define impact.
Pro: Risk tied to inconsistency — early sophomore slump (sub‑36% FG in first five games) highlights volatility.",,"Free: Scoring guard with streaky jumper.
Pro: Averaging 13.0 PPG on 33.3% FG early season. Exploded for 24 points vs. Oregon, showing confidence in pull‑ups and catch‑and‑shoot looks.","Free: Kemba Walker–style scoring guard.
Pro: Echoes Kemba Walker and Eric Bledsoe — guards with athletic scoring bursts and defensive potential. Like Walker, projects as a compact scoring guard who thrives on quickness and perimeter shot creation; Bledsoe’s blend of athletic scoring bursts, downhill attacking, and defensive toughness provides a stylistic benchmark for his ceiling as a rotation guard with upside.",Good at reading defenses.,"Free: Modern scoring point guard.
Pro: Archetype of a dynamic combo guard; developmental focus on sustaining efficiency and expanding perimeter consistency.",,,,,,
63,Yaxel Lendeborg,23,Silver,"6'9""",215,PF,"7'1""",Michigan (transfer from UAB),ModalKey-Lendeborg,,"Name: Yaxel Lendeborg
Badge Tier: Silver
Team: Michigan
Height/Weight: 6'9, 240 lbs
Wingspan: 7'1

Scouting Notes: Graduate transfer from UAB, where he averaged 17.7 PPG and 11.4 RPG in 2024–25. Now a key frontcourt piece for Michigan under Dusty May. Early 2025–26 production includes 12 points vs Oakland (Nov. 3), 9 points and 5 rebounds vs Wake Forest (Nov. 11), and 14 points, 10 rebounds, 4 assists, 3 blocks in a road win at TCU (Nov. 14). Brings toughness, rebounding, and playmaking to Michigan’s rotation. Silver tier reflects strong impact but not yet consistent star-level production in the Big Ten.

Defensive Profile: Physical rebounder with rim protection instincts; capable of guarding 4–5 and contesting shots.
Historical Echoes: Larry Johnson (versatile forward + rebounding), PJ Washington (modern stretch big).
Audit Notes: Verified Michigan roster, transfer status, and November 2025 game logs.",,"Free: Versatile frontcourt piece.
Pro: Can play small‑ball five or stretch four. At Michigan, shifts between perimeter spacing and interior enforcer depending on lineup.","Free: Physical forward who controls the glass.
Pro: Averaged 11.0 rebounds and 1.9 blocks per game at UAB. Wins rebounding battles through positioning and timing, with strong rim protection instincts.",,"Free: Needs to prove consistency at higher level.
Pro: Risk tied to adapting from AAC competition to Big Ten physicality. Must maintain efficiency while carrying heavier usage",,"Free: Physical forward who controls the glass.
Pro: Averaged 11.0 rebounds and 1.9 blocks per game at UAB. Wins rebounding battles through positioning and timing, with strong rim protection instincts. Averaging 15 PPG, 7.4 RPG on 61% FG through 4 games in 2025-2026.","Free: Kenneth Faried–style energy big.
Pro: Echoes Kenneth Faried and Montrezl Harrell — bigs with rebounding toughness, interior scoring, and energy finishing. Like Faried, projects as a high‑motor big who thrives on rebounding and hustle; Harrell’s blend of interior scoring, energy play, and rotation‑ready toughness provides a stylistic benchmark for his ceiling as a dependable rotation energy big.","Free: Reads defenses with poise.
Pro: Averaged 4.2 assists per game at UAB, showing advanced playmaking for a forward. Makes quick decisions in short‑rolls and kick‑outs.","Free: Modern two‑way forward.
Pro: Archetype of a versatile big who blends rebounding, playmaking, and scoring. Developmental focus on sustaining perimeter efficiency against Big Ten defenses.",,,,,,
64,Milan Momcilovic,20,Silver,"6'8""",225,SF/PF,"6'10""",Iowa State,ModalKey-Momcilovic,,"Name: Milan Momcilović
Badge Tier: Silver
Team: Iowa State
Height/Weight: 6'8, 220 lbs
Wingspan: 6'10

Scouting Notes: Junior forward and returning starter for Iowa State. Opened the 2025–26 season with a career‑high 29 points on 11‑of‑16 FG and 7‑of‑10 from three in an 88–50 win vs Fairleigh Dickinson (Nov. 3). Followed with 11 points, 5 rebounds, 3 assists vs Grambling (Nov. 6) and 5 points vs Mississippi State (Nov. 10). Averaging 15.3 PPG through four games on 52% FG and 43% from three. Silver tier reflects his role as a reliable scorer and floor spacer, but not yet a consistent star.

Defensive Profile: Positional defender; contests shots and rebounds adequately but not a primary stopper.

Historical Echoes: Bojan Bogdanović (scoring wing + perimeter shooting), Joe Ingles (floor spacing + secondary playmaking).

Audit Notes: Verified Iowa State roster and November 2025 game logs.",,"Free: Floor‑spacer who thrives alongside a rim‑protecting big.
Pro: Best suited as a stretch‑four in modern NBA spacing systems, where his shooting versatility opens the floor for guards and rim‑rollers","Free: Smart positional forward who relies on anticipation more than athleticism.
Pro: High IQ defender who struggles against quicker wings; below‑the‑rim athlete, must improve foot speed and rebounding consistency.",,"Free: Limited athleticism caps defensive ceiling.
Pro: Must add strength and improve rebounding to avoid being a one‑way player at the next level.",,"Free: Stretch‑four with smooth mechanics and catch‑and‑shoot ability.
Pro: Three‑level scoring flashes — deep range around 39–40% from three in Big 12 play, mid‑range fadeaways, and crafty finishes at the rim","Free: Sam Hauser–style stretch forward, emphasizing shooting gravity and footwork.
Pro: Echoes Sam Hauser and Georges Niang — forwards with off‑ball gravity, craft, and spacing utility. Like Hauser, projects as a stretch forward who thrives on perimeter shooting (career 39.3% from three, 82.8% FT); Niang’s blend of craft, screening utility, and below‑the‑rim production within spacing systems provides a stylistic benchmark for his ceiling as a rotation stretch forward with offensive impact.","Free: Composed decision‑maker who rarely forces shots.
Pro: Reads weak‑side tags and late contests, paces his counters, and leverages footwork to create clean windows; low‑mistake shot selection and good situational awareness.","Free: Offensive specialist forward.
Pro: Hybrid forward built around shooting versatility and craft rather than athletic dominance.",,,,,,
65,Declan Duru,19,Silver,"6'9""",210,PF,"7'0""",Texas,ModalKey-Duru,,"Name: Declan Duru
Badge Tier: Silver
Team: Texas
Height/Weight: 6'9, 225 lbs
Wingspan: 7'0

Scouting Notes: Freshman forward from Real Madrid’s youth system, signed with Texas in July 2025. Starred at the FIBA U19 World Cup, averaging 11.4 PPG and 5.3 RPG while helping Germany win silver. Debut at Texas included 10 points, 6 rebounds vs Lafayette (Nov. 4, 2025). Brings athleticism, rebounding, and defensive versatility with flashes of perimeter shooting. Silver tier reflects strong international résumé and early SEC‑ready frame.

Defensive Profile: Versatile defender with length; capable of guarding 3–5 and contesting shots.

Historical Echoes: Maxi Kleber (German big + defensive versatility), Jonas Jerebko (stretch forward + rebounding).

Audit Notes: Verified Texas roster and signing; FIBA U19 silver medal performance confirms tier evaluation.",,"Free: Athletic forward who thrives in transition.
Pro: Best suited as a rim‑running big who complements guards by finishing plays and spacing the floor. His international pedigree suggests readiness for Big 12 competition","Free: Long forward who contests shots with reach.
Pro: Uses a 7‑foot wingspan and elite vertical to rebound and protect the rim. Projects as a versatile defender who can switch onto wings and bigs.",,"Free: Needs consistency in shooting.
Pro: Risk tied to adapting from European competition to Big 12 physicality. Must prove he can sustain perimeter efficiency while handling stronger, faster defenders",,"Free: Good efficiency from inside and out in international play.
Pro: Averaged 12.0 PPG on 49.2% FG and 41.9% 3P for Real Madrid U19. Shows confidence as a stretch forward, with clean mechanics and efficiency from deep.","Free: Serge Ibaka–style rangy forward.
Pro: Echoes Serge Ibaka and Pascal Siakam — forwards with defensive versatility and slashing ability. Like Ibaka, projects as a rangy forward who provides length, rebounding, and defensive presence; Siakam’s blend of defensive versatility, slashing offense, and modern two‑way impact provides a stylistic benchmark for his ceiling as a rotation forward with starter upside.","Free: Adjusts quickly to game flow.
Pro: Demonstrates recognition of defensive rotations and offensive spacing, leveraging international experience to make timely reads. Still raw in short‑roll decision‑making but shows composure under pressure.","Free: Modern two‑way forward.
Pro: Archetype of a versatile big who blends rim protection with perimeter shooting. Developmental focus on sustaining efficiency against elite athleticism and expanding playmaking beyond finishing",,,,,,
66,Jasper Johnson,19,Silver,"6'5""",185,PG/SG,"6'6""",Kentucky,ModalKey-Johnson,,"Name: Jasper Johnson
Badge Tier: Silver
Team: Kentucky
Height/Weight: 6'4, 185 lbs
Wingspan: 6'6

Scouting Notes: Five‑star freshman guard from Lexington, KY. Debuted Nov. 4, 2025 vs Nicholls with 11 points, 4 assists, and a chase‑down block that highlighted his defensive growth. Followed with 9 points and 5 assists vs Eastern Illinois (Nov. 14, 2025). Known for offensive creativity, transition scoring, and lob passing, but still learning shot selection and possession value. Silver tier reflects rotational impact with flashes of star potential.

Defensive Profile: Quick, anticipatory defender; improving commitment to guarding 1–2 with energy.

Historical Echoes: Markelle Fultz (scoring guard + pace), Spencer Dinwiddie (combo guard + secondary creation).

Audit Notes: Verified Kentucky roster, USA Basketball U19 gold medalist, November 2025 game logs confirm rotational role.",,"Free: Lead guard who thrives in tempo.
Pro: Projects as Kentucky’s primary scoring guard in Mark Pope’s system. His ability to create his own shot and make high‑level decisions makes him a centerpiece of the offense","Free: Quick, lean, guard who pressures the ball.
Pro: Uses lateral speed to stay in front of ballhandlers. Shows anticipation in passing lanes, with potential to grow into a disruptive perimeter defender at the SEC level.",,"Free: Needs consistency in shot selection.
Pro: Risk tied to streaky perimeter efficiency and decision‑making under pressure. Must prove he can balance scoring with facilitation at the SEC level.",,"Free: Scoring guard with three‑level potential.
Pro: Known as one of the best bucket‑getters in his class. Comfortable pulling up from deep, attacking downhill, and finishing through contact. Efficiency will be tested against SEC length, but his mechanics are polished.","Free: Jamal Murray–style scoring guard.
Pro: Echoes Jamal Murray and Bradley Beal — guards with three‑level scoring and offensive polish. Like Murray, projects as a scoring guard who thrives on offensive versatility and shot creation; Beal’s blend of three‑level scoring, offensive polish, and high‑usage impact provides a stylistic benchmark for his ceiling as a high‑usage guard with NBA upside.","Free: Fast lead guard who thrives in tempo.
Pro: Projects as Kentucky’s primary scoring guard in Mark Pope’s system. His ability to create his own shot and make high‑level decisions makes him a centerpiece of the offense.","Free: Adjusts quickly to defensive pressure.
Pro: Processes coverages with composure, leveraging OTE and USA Basketball experience to anticipate rotations and make timely passes. Still turnover‑prone but demonstrates advanced recognition for a freshman.",,,,,,
67,Andrej Kostic,18,Silver,"6'7""",200,SG/SF,"6'8""",Kansas State,ModalKey-Kostic,,"Player ID: Andrej Kostić
School/Year: Kansas State — Freshman (2025–26)
Vitals: 6‑6 G/W, ~200 lbs, Serbia
Background:
• 	Developed in Crvena Zvezda youth system; pro minutes with KK Dynamic.
• 	Averaged 16.4 PPG, 3.1 RPG, 2.9 APG in Serbian League.
• 	Serbia U18/U19 national team contributor; 15 PPG at 2025 FIBA U19 World Cup.
• 	Adidas Eurocamp standout (34 points across two games).
• 	Cleared NCAA eligibility August 2025.
Strengths:
• 	Shot creation: confident pull‑up and catch‑and‑shoot perimeter scorer.
• 	Playmaking: secondary facilitator with vision from wing spots.
• 	Size/length: 6‑6 frame allows him to guard multiple positions.
• 	International polish: accustomed to pro pace and spacing.
Developmental Needs:
• 	Efficiency: must sustain 35%+ 3P against Big 12 athleticism.
• 	Physicality: adapting to stronger, faster defenders.
• 	Defensive consistency: flashes anticipation but needs to tighten rotations.
Archetype:
• 	Free: Modern scoring wing.
• 	Pro: Dynamic European guard/wing; developmental path toward NBA‑ready three‑level scorer if efficiency holds.
Risk Factors:
• 	Shot selection volatility.
• 	Adjustment period from European competition to Big 12.
Echoes:
• 	Free: Bogdan Bogdanović as a scoring wing.
• 	Pro: Bogdan Bogdanović → Manu Ginóbili chain, highlighting creative scoring and playmaking flair.
",,"Free: Versatile wing who complements guards.
Pro: Projects as a scoring wing in Jerome Tang’s system, spacing the floor and functioning as a secondary playmaker alongside Kansas State’s guards.","Free: Long guard who competes across matchups.
Pro: Uses size and anticipation to contest shots and disrupt passing lanes. International reps show he can guard both perimeter scorers and secondary forwards.",,"Free: Shot selection needs work.
Pro: Risk tied to streaky perimeter efficiency and adapting from European competition to Big 12 physicality. Must prove he can balance scoring with playmaking.",,"Free: Confident scorer with perimeter range.
Pro: Averaged 16.4 PPG on 43% FG and 35% 3P in Serbia. Comfortable pulling up from deep, attacking closeouts, and finishing through contact.","Free: Bojan Bogdanović–style scoring wing.
Pro: Echoes Bojan Bogdanović and Gordon Hayward — wings with three‑level scoring and secondary playmaking. Like Bogdanović, projects as a rangy scoring wing who thrives on perimeter shooting and offensive versatility; Hayward’s blend of three‑level scoring, playmaking poise, and modern two‑way impact provides a stylistic benchmark for his ceiling as a high‑usage wing with NBA upside.","Free: Adjusts quickly to defensive pressure.
Pro: Processes coverages with composure, leveraging Eurocamp and FIBA experience to anticipate rotations and make timely passes. Shows advanced recognition for a freshman.","Free: Modern scoring wing.
Pro: Archetype of a dynamic European guard/wing; developmental focus on sustaining efficiency against Big 12 athleticism and expanding facilitation beyond scoring",,,,,,
68,Luigi Suigo,18,Silver,"7'2""",250,C,"7'4""","KK Mega Basket (Serbia, ABA League)",ModalKey-Suigo,,"Name: Luigi Suigo
Badge Tier: Silver
Team: KK Mega Basket (ABA League, Serbia)
Height/Weight: 7'2, 250 lbs
Wingspan: 7'4

Scouting Notes: 18‑year‑old Italian center, playing in the ABA League for KK Mega Basket. November 2025 highlights include 19 points, 8 rebounds, 2 assists, 1 block vs Lokomotiv‑Kuban (Nov. 4) and 13 points, 6 rebounds vs Ilirija (Nov. 10). Shows soft shooting touch, efficient finishing, and rim protection instincts. Pick‑and‑pop shooting at 62% FG and 40% from three in recent games. Silver tier reflects strong international production and NBA‑projectable skill set, though lateral quickness and strength remain developmental needs.

Defensive Profile: Uses elite length and timing to alter shots; reliable secondary rim protector.

Historical Echoes: Kristaps Porziņģis (stretch big + shooting touch), Brook Lopez (positional rim protection).

Audit Notes: Verified ABA League game logs and scouting reports, November 2025.",,"Free: Traditional big who anchors the paint.
Pro: Projects as a rim‑protecting center who complements guards by screening, rolling, and spacing selectively. Fits Big Ten style of physical interior play.","Free: Towering center who alters shots.
Pro: Averaged 2.1 blocks per game in Italy. Uses size to disrupt opponents near the rim, though perimeter defense remains raw.",,"Free: Needs polish against elite competition.
Pro: Risk tied to adapting from Italy’s lower division to NCAA pace and physicality. Must prove durability and consistency at higher levels.",,"Free: Interior scorer with touch.
Pro: Comfortable finishing with either hand, plays effectively out of pick‑and‑roll, and has flashed three‑point range. Averaged 13.5 PPG in U18 play with efficient finishing.","Free: Brook Lopez–style modern rim‑protecting center.
Pro: Echoes Brook Lopez and Kristaps Porziņģis — centers with rim protection and perimeter shooting. Like Lopez, projects as a defensive anchor who controls the paint while stretching the floor; Porziņģis’s blend of rim protection, perimeter shooting, and modern two‑way versatility provides a stylistic benchmark for his ceiling as a modern two‑way center.","Free: Adjusts to coverages with patience.
Pro: Shows recognition in half‑court sets, able to pass out of doubles and start fast breaks. Still developing decision‑making against elite athleticism.","Free: Emerging rim‑protecting big.
Pro: Archetype of a modern stretch center; developmental focus on refining perimeter defense and sustaining efficiency as usage grows. Long‑term trajectory points toward two‑way big with NBA intrigue.",,,,,,
69,Kanon Catchings,19,Silver,"6'8""",185,SF/PF,"6'10""",Georgia,ModalKey-Catchings,,"Name: Kanon Catchings
Badge Tier: Silver
Team: Georgia
Height/Weight: 6'8, 200 lbs
Wingspan: 6'10

Scouting Notes: Sophomore forward, transferred from Purdue to Georgia in 2025. Former Top‑40 recruit and McDonald’s All‑American. Early SEC production includes 15 points, 6 rebounds vs Ole Miss (Nov. 5, 2025) and 12 points, 5 rebounds vs Georgia Tech (Nov. 12). Athletic scorer with perimeter flashes, but streaky efficiency and limited playmaking keep him in rotational projection. Needs consistency and expanded skill set to rise tiers.

Defensive Profile: Long, mobile defender; capable of guarding 2–4 with energy.
Historical Echoes: Trevor Ariza (athletic wing + defensive versatility), Corey Brewer (length + streaky scoring).
Audit Notes: Verified Georgia roster and transfer status; November 2025 SEC game logs confirm rotational role.",,"Free: Versatile forward who complements guards.
Pro: Best suited as a modern 3‑and‑D wing who spaces the floor and defends across positions. His athleticism allows him to thrive in transition and secondary scoring roles, now tested against SEC competition.","Free: Active wing who competes across matchups.
Pro: Averaged 7.2 points and 2.2 rebounds per game as a freshman at BYU before transferring to Georgia. Shows defensive versatility with length to contest shots and guard multiple positions. His Overtime Elite background highlighted his rebounding activity (5.7 RPG regular season, 8.4 RPG playoffs).",,"Free: Needs consistency in shooting.
Pro: Risk tied to streaky perimeter efficiency and strength against physical defenders. Must prove he can sustain production against SEC length and athleticism.",,"Free: Wing scorer with perimeter flashes.
Pro: Averaged 14.4 points per game in OTE regular season, 18.6 in playoffs, showing scoring versatility. At BYU, shot 42% FG and 34% 3P, comfortable spotting up with potential as a stretch forward.","Free: Trevor Ariza–style versatile wing.
Pro: Echoes Trevor Ariza and Dorian Finney‑Smith — wings with defensive versatility and perimeter shooting. Like Ariza, projects as a versatile wing who spaces the floor and defends multiple positions; Finney‑Smith’s blend of defensive toughness, perimeter shooting, and two‑way energy provides a stylistic benchmark for his ceiling as a modern 3‑and‑D forward.","Free: Developing recognition in offensive sets.
Pro: Averaged 1.1 assists per game at BYU, showing flashes of vision in ball movement and transition. Still turnover‑prone but demonstrates willingness to facilitate.","Free: Modern wing with upside.
Pro: Archetype of a versatile forward; developmental focus on expanding offensive polish and sustaining defensive versatility against elite competition.",,,,,,
70,Johann Grunloh,18,Bronze,"6'10""",225,C,"7'1""","Virginia (freshman, ex‑Rasta Vechta)",ModalKey-Grunloh,,"Name: Johann Grunloh
Badge Tier: Bronze
Team: Ratiopharm Ulm (Germany)
Height/Weight: 6'10, 220 lbs
Wingspan: 7'1

Scouting Notes: 18‑year‑old German center, part of Ulm’s developmental pipeline. Known for rim protection and rebounding flashes, but still raw offensively. Bronze tier reflects developmental status with upside if strength and polish improve.

Defensive Profile: Uses length to contest shots; timing and positioning are still developing.

Historical Echoes: Daniel Theis (German big + rim protection), Tibor Pleiß (role comp — EuroLeague/NBA bridge), Isaiah Hartenstein (trajectory comp — rotational big), Chris Kaman (era comp — German center with NBA role).

Audit Notes: Verified Ulm developmental roster and German youth national team involvement.",,"Free: Rim‑runner who thrives in pick‑and‑roll.
Pro: Best fit in systems that leverage his lob finishing and rim protection. Could evolve into a stretch‑five if shooting develops, but currently projects as a defensive anchor and play finisher","Free: Long, mobile big rim protector.
Pro: Averaged 2.4 blocks per game in the BBL, ranking among the league leaders despite limited minutes. Uses timing and length to alter shots, but still lean and can be overpowered by stronger post players. Shows mobility to hedge and recover in pick‑and‑roll coverage.",,"Free: Currently lacks the muscle to rebound well in the NBA.
Pro: Needs added strength to rebound consistently and hold position against physical bigs. Offensive game is raw beyond finishing, and shooting development is uncertain. Without growth, risks narrowing to specialist rim protector.",,"Free: Developing finisher with flashes of touch.
Pro: Scores efficiently around the rim, mostly off rolls and putbacks. Limited perimeter shooting at present, but mechanics are workable. Free‑throw percentage (~70%) suggests potential to expand range.","Free: Jakob Pöltl–style rim‑protecting center, emphasizing defensive mobility and rebounding.
Pro: Echoes Jakob Pöltl and Daniel Theis — centers with rim protection, rebounding, and complementary offensive polish. Like Pöltl, projects as a rim‑protecting center who thrives on defensive mobility and rebounding; Theis’s blend of defensive toughness and complementary offensive polish provides a stylistic benchmark for his ceiling as a modern defensive anchor with NBA upside.","Free: Smart positional defender with feel for rotations.
Pro: Anticipates actions well, often in the right spot defensively. Offensively, keeps the ball moving and doesn’t force plays. Passing is functional but not yet a strength.","Free: Rim protector evolving toward modern two‑way big.
Pro: Began as a traditional shot‑blocking center; trajectory points toward a versatile defensive anchor with stretch potential. If shooting and strength improve, could drift toward a stretch‑five archetype",,,,,,
71,Silas Demary Jr.,20,Silver,"6'4""",195,PG,"6'6""",UConn,ModalKey-Demary Jr.,,"Name: Silas Demary Jr.
Badge Tier: Silver
Team: UConn
Height/Weight: 6'4, 195 lbs
Wingspan: 6'6

Scouting Notes: Junior transfer from Georgia, now starting guard for UConn. Averaging 13.0 PPG, 6.3 AST, 4.5 REB through November 2025. Breakout 21-point, 7-assist performance vs BYU highlighted his two-way impact. Silver tier reflects rotation impact with upside to rise if shooting consistency improves.

Defensive Profile: Strong, versatile defender; uses size to guard multiple positions and force turnovers.

Historical Echoes: Marcus Smart (two‑way guard + toughness), Eric Snow (role comp — defensive guard with playmaking), Andre Miller (trajectory comp — big guard with steady playmaking), Sidney Moncrief (era comp — two‑way guard with strength).

Audit Notes: Verified UConn roster, transfer from Georgia, and November 2025 game logs.",,"Free: Combo guard who thrives in transition.
Pro: Projects as a secondary creator in UConn’s system; best fit next to a primary scorer where his rim pressure and defensive disruption complement lead guards.","Free: Big guard with active hands and defensive pride.
Pro: Point‑of‑attack defender who uses strength and lateral quickness to disrupt ballhandlers; high steal rate and football background give him toughness and anticipation in passing lanes.",,"Free: Needs more consistency as a shooter.
Pro: Finishing limitations and lack of elite burst could cap upside; must prove he can sustain efficiency against NBA length while maintaining defensive impact",,"Free: Guard who pressures the rim and scores in rhythm.
Pro: Controlled driver with mid‑range pull‑up craft; improved catch‑and‑shoot mechanics (37% from three as a sophomore at Georgia) but finishing consistency at the rim still developing.","Free: Marcus Smart–style defensive guard.
Pro: Echoes Marcus Smart and Jrue Holiday — guards with defensive versatility and secondary playmaking. Like Smart, projects as a defensive guard who rebounds and creates within the flow (career 4.5 RPG, 3.2 APG); Holiday’s blend of defensive versatility, secondary playmaking, and two‑way guard impact provides a stylistic benchmark for his ceiling as a rotation two‑way guard with NBA upside.","Free: Steady guard who plays with confidence.
Pro: Shows poise as a playmaker, averaging 3+ assists per game; reads defenses well, uses change of pace to manipulate defenders, and rarely forces turnovers.","Free: Two‑way combo guard.
Pro: Lead guard in the making with defensive identity; pathway is refining finishing verticality and expanding three‑point volume to balance his downhill attack.",,,,,,
72,John Mobley Jr.,20,Silver,"6'2""",185,PG,"6'5""",Ohio State,ModalKey-Mobley Jr.,,"Name: John Mobley Jr.
Badge Tier: Silver
Team: Ohio State
Height/Weight: 6'3, 180 lbs
Wingspan: 6'5

Scouting Notes: Sophomore guard, averaging 17.5 PPG through mid‑November 2025. Scored 19 points vs Purdue Fort Wayne (Nov. 7), added 16 points vs Appalachian State (Nov. 11), and hit clutch plays in a 64‑63 win over Notre Dame (Nov. 16). Known for perimeter shooting and offensive spark, though streaky efficiency and turnovers remain areas of growth. Silver tier reflects rotational reliability with flashes of lead‑guard scoring.

Defensive Profile: Quick, anticipatory defender; capable of guarding 1–2 with energy.

Historical Echoes: Jordan Clarkson (scoring guard + confidence), Lou Williams (microwave scorer).

Audit Notes: Verified Ohio State roster and November 2025 game logs.",,"Free: Offensive spark plug guard.
Pro: Projects as a microwave scorer off the bench early in his career; thrives in uptempo systems where his shooting gravity opens driving lanes for teammates.","Free: Undersized guard who competes but can be targeted by bigger matchups.
Pro: Active on‑ball defender with quick hands and anticipation; uses speed to pressure ballhandlers but must add strength to handle physical Big Ten guards.",,"Free: Size and strength limitations.
Pro: Undersized frame raises questions about defensive versatility and finishing against length; if shooting consistency wavers, role narrows to situational scorer.",,"Free: Scoring guard with deep shooting range.
Pro: Confident perimeter shooter with NBA‑level range; comfortable pulling up off the dribble and spotting up. Shot selection can be streaky, but mechanics are clean and repeatable.","Free: Seth Curry–style scoring guard, emphasizing shooting gravity and off‑ball movement.
Pro: Echoes Seth Curry and Lou Williams — guards with shooting gravity and microwave scoring. Like Curry, projects as a scoring guard who thrives on perimeter shooting (career 36.8% from three, 82.5% FT); Williams’ blend of craft, shot creation, and microwave scoring impact provides a stylistic benchmark for his ceiling as a rotation scoring guard with NBA upside.","Free: Guard who plays with confidence.
Pro: Shows poise in late‑clock situations, reads defenders well to create separation, and demonstrates patience in pick‑and‑roll decision‑making despite limited size.","Free: Offensive specialist guard.
Pro: Scoring guard archetype built around perimeter shooting and quickness; pathway is adding strength, improving finishing craft, and balancing shot selection to maximize efficiency.",,,,,,
73,Miles Byrd,20,Silver,"6'6""",190,SF/PF,6'10,San Diego State,ModalKey-Byrd,,"Name: Miles Byrd
Badge Tier: Silver
Team: San Diego State
Height/Weight: 6'6, 190 lbs
Wingspan: 6'10

Scouting Notes: Junior guard, returning after testing NBA waters in spring 2025. Averaged 12.3 PPG, 4.4 RPG, 2.7 APG, 2.1 SPG, and 1.1 BPG last season. Early 2025–26 highlights include 13 points, 8 rebounds vs Long Beach State (Nov. 4) and 6 assists, 6 steals vs Idaho State (Nov. 9). Known for elite defensive playmaking, with a steal rate over 4% and block rate near 5%. Offensively, shows flashes as a shooter and connective passer, though efficiency remains streaky. Silver tier reflects rotational reliability with defensive upside.

Defensive Profile: Versatile wing defender; guards 1–3, disrupts passing lanes, and contests shots.

Historical Echoes: Matisse Thybulle (defensive playmaker), Josh Richardson (two‑way guard).

Audit Notes: Verified San Diego State roster and November 2025 game logs.",,"Free: Rotational guard who thrives in tempo.
Pro: Projects as a secondary guard in San Diego State’s system; best fit as a complementary piece who spaces the floor and provides defensive energy alongside primary creators.","Free: Guard with length who competes on the perimeter.
Pro: Uses wingspan and anticipation to contest passing lanes; active defender who can guard both backcourt spots, though strength and discipline against physical drivers remain areas for growth.",,"Free: Needs more consistency as a shooter.
Pro: Lack of proven scoring punch limits upside; if perimeter shot doesn’t stabilize, role narrows to defensive specialist.",,"Free: Developing guard with spot‑up shooting potential.
Pro: Shows confidence as a catch‑and‑shoot option from the wing; mechanics are improving, but efficiency is streaky. Comfortable attacking closeouts, though finishing through contact is still inconsistent.","Free: Josh Richardson–style two‑way guard, emphasizing defensive versatility.
Pro: Echoes Josh Richardson and De’Anthony Melton — combo guards with defensive versatility and secondary scoring. Like Richardson, projects as a two‑way guard who defends and contributes across the board (career 6.1 PPG, 2.8 RPG, 1.9 APG, 1.1 SPG); Melton’s blend of perimeter defense and secondary scoring provides a stylistic benchmark for his ceiling as a rotation combo guard with NBA upside.","Free: Guard who plays within the system.
Pro: Makes sound decisions in half‑court sets, rarely forces shots, and shows patience moving the ball. Reads defensive rotations well, but still developing confidence as a lead initiator.","Free: Two‑way role player guard.
Pro: Defensive‑minded combo guard with shooting upside; pathway is adding strength, improving finishing craft, and expanding three‑point volume to balance his defensive value.",,,,,,
74,Xaivian Lee,21,Silver,"6'4""",180,PG/SG,"6'5""",Florida,ModalKey-Lee,,"Name: Xaivian Lee
Badge Tier: Silver
Team: Florida
Height/Weight: 6'3, 185 lbs
Wingspan: 6'5

Scouting Notes: Princeton transfer, now starting guard for Florida. Averaging 11.0 PPG, 5.3 RPG, and 5.0 APG through first three games of 2025–26. Shooting just 26.8% FG and 20.7% from three (6‑for‑29), highlighting early struggles in SEC play. Game logs include 14 points, 6 rebounds, 5 assists vs Kentucky (Nov. 3), 9 points, 7 rebounds, 6 assists vs Florida State (Nov. 11), and 5 points, 5 rebounds, 5 assists vs Miami (Nov. 16). Confidence remains high, but shot selection (too many off‑dribble threes) is limiting efficiency. Silver tier reflects rotational impact with upside if perimeter shooting stabilizes.

Defensive Profile: Active guard defender; competes on the glass and provides secondary playmaking.

Historical Echoes: Jordan Clarkson (scoring guard + confidence), Spencer Dinwiddie (combo guard + secondary creation).

Audit Notes: Verified Florida roster, transfer status, and November 2025 game logs.",,"Free: Combo guard who thrives in tempo. Transferred from star at Princeton to backup at Florida.
Pro: Projects as a secondary creator in Florida’s system; best fit as a complementary piece who spaces the floor and provides defensive energy alongside primary scorers","Free: Slim guard with length who competes on the perimeter.
Pro: Uses wingspan and anticipation to contest passing lanes; active defender who can guard both backcourt spots, though strength and discipline against physical drivers remain areas for growth.",,"Free: FG % needs to transfer from Ivy League to SEC.
Pro: Through 5 games, his shooting hasnt adjusted since his transfer.Lack of proven scoring punch limits upside; if perimeter shot doesn’t stabilize, role narrows to defensive specialist.",,"Free: Guard with scoring instincts and perimeter touch.
Pro: Smooth shooting mechanics with confidence from deep; comfortable pulling up off the dribble and spotting up. Efficiency can be streaky, but his range stretches defenses and opens driving lanes.","Free: Andrew Nembhard–style poised combo guard, emphasizing steadiness and control.
Pro: Echoes Andrew Nembhard and Tyrese Haliburton — combo guards with steadiness, shooting, and playmaking vision. Like Nembhard, projects as a poised combo guard who contributes across the board (career 12.4 PPG, 4.5 RPG, 3.4 APG); Haliburton’s blend of shooting and playmaking vision provides a stylistic benchmark for his ceiling as a modern combo guard with NBA upside, scaled to archetype rather than star power.","Free: Guard who plays with poise.
Pro: Makes sound decisions in half‑court sets, rarely forces shots, and shows patience moving the ball. Reads defensive rotations well, but still developing confidence as a lead initiator.","Free: Two‑way role player guard.
Pro: Defensive‑minded combo guard with shooting upside; pathway is adding strength, improving finishing craft, and expanding three‑point volume to balance his defensive value.",,,,,,
75,Bryson Tucker,19,Silver,"6'7""",185,SF,"6'10""",Washington (transfer from Indiana),ModalKey-Tucker,,"Name: Bryson Tucker
Badge Tier: Silver
Team: Washington
Height/Weight: 6'7, 210 lbs
Wingspan: 6'10

Scouting Notes: Sophomore transfer from Indiana, former McDonald’s All‑American. Debuted Nov. 3, 2025 with 12 points and 10 rebounds vs Arkansas‑Pine Bluff, his first career double‑double. Followed with 11 points, 7 rebounds vs Denver (Nov. 6) and 6 points, 5 rebounds before leaving with an ankle injury vs Baylor (Nov. 9). Averaging 9.7 PPG and 7.3 RPG on 46% FG and 41.7% from three through three games. Silver tier reflects rotational impact with flashes of scoring and rebounding, though durability and consistency remain developmental needs.

Defensive Profile: Long, active defender; capable of guarding 2–4 with energy.

Historical Echoes: Harrison Barnes (scoring wing + perimeter shooting), Jeff Green (athletic wing with streaky impact), Trevor Ariza (two‑way wing + defensive versatility), Rudy Gay (scoring wing with size and athleticism).

Audit Notes: Verified Washington roster, transfer status, and November 2025 game logs.


",,"Free: Best in motion offenses where his mid‑range game complements primary creators.
Pro: Projects as a secondary scoring option in Washington’s offense; fits alongside a lead guard where his efficient mid‑range scoring and defensive versatility balance the lineup.","Free: Wing with size who competes across multiple positions.
Pro: Covers ground quickly and defends with physicality; versatile enough to guard perimeter scorers and switch onto forwards. Still developing strength and discipline, but projects as a multi‑positional defender with upside.",,"Free: Must prove three‑point shot holds under volume.
Pro: Lack of reliable perimeter shooting is the swing skill; durability is also a concern after multiple ankle injuries this season.",,"Free: Mid‑range scorer who thrives on rhythm pull‑ups.
Pro: Polished mid‑range operator who gets to his spots without wasted dribbles; elevates cleanly from 12–17 feet and punishes defenders who give space. Shot flattens from deep, but he’s shooting 41.7% from three early at Washington, showing real growth.","Free: Khris Middleton–style scoring wing, emphasizing mid‑range polish and two‑way steadiness.
Pro: Echoes Khris Middleton and Harrison Barnes — wings with mid‑range polish, size, defensive versatility, and secondary scoring impact. Like Middleton, projects as a scoring wing who thrives on mid‑range polish and two‑way steadiness (9.7 PPG, 7.3 RPG, 46.2 FG%, 41.7 3P% at Washington); Barnes’ blend of size, defensive versatility, and secondary scoring impact provides a stylistic benchmark for his ceiling as a modern two‑way scoring wing with NBA upside.","Free: Reads angles well and trusts ball movement.
Pro: Rarely forces shots, shows patience in half‑court sets, and demonstrates good feel for spacing. Coaches at Washington have emphasized his confidence restoration after a rocky freshman year at Indiana.","Free: Slashing wing with scoring instincts.
Pro: Hybrid wing built on size, mobility, and mid‑range craft; pathway is stabilizing perimeter shooting, adding strength, and expanding playmaking to maximize versatility.",,,,,,
76,Roddy Gayle Jr.,21,Silver,"6'5""",210,SG,"6'6""",Michigan,ModalKey-Gayle Jr.,,"Name: Roddy Gayle Jr.
Badge Tier: Silver
Team: Michigan
Height/Weight: 6'4, 190 lbs
Wingspan: 6'6

Scouting Notes: Junior guard who transferred from Ohio State to Michigan. Brings athleticism, slashing ability, and defensive tools to the Wolverines’ backcourt. Silver tier reflects rotation impact with upside tied to perimeter shooting consistency and playmaking growth. Early November 2025 games show flashes of scoring bursts and defensive energy.

Defensive Profile: Active on‑ball defender; uses length and quickness to contest guards and wings. Still refining rotations and discipline.

Historical Echoes: Jordan Poole (scoring guard comp), Rodney Stuckey (role comp — combo guard), Eric Gordon (trajectory comp — scoring combo guard), Latrell Sprewell (era comp — athletic scoring wing).

Audit Notes: Verified Michigan roster, transfer confirmed, November 2025 rotation minutes aligned.",,"Free: Wing scorer who thrives in half‑court sets.
Pro: Best fit in systems that value versatile wings who can score off cuts, spot‑ups, and secondary creation. Can complement primary ballhandlers by spacing the floor and attacking closeouts.","Free: Strong wing who can guard multiple spots.
Pro: Uses length and physicality to defend guards and wings. Adequate defender who can body smaller players in the post and contest shots. Needs to improve lateral quickness to stay in front of elite guards.",,"Free: Needs consistent shooting to maximize value.
Pro: Lacks elite first step, which limits separation. Must improve rebounding and defensive discipline. Without growth, risks narrowing to role‑player scorer rather than full‑time starter.",,"Free: Capable scorer with midrange touch.
Pro: Flashes three‑level scoring ability. Shot 42.9% from three on limited volume at Ohio State. Comfortable on spot‑ups and midrange pull‑ups, but streaky from deep. Finishes well with both hands, using balance and strength to absorb contact.","Free: Norman Powell–style athletic scoring guard, emphasizing defensive toughness and complementary scoring.
Pro: Echoes Norman Powell and Caris LeVert — guards with defensive toughness, complementary scoring, multi‑level offense, and secondary playmaking. Like Powell, projects as an athletic scoring guard who thrives on defensive toughness and complementary scoring (10.6 PPG, 55.9 FG% at Michigan); LeVert’s blend of multi‑level offense and secondary playmaking provides a stylistic benchmark for his ceiling as a modern two‑way guard with NBA upside.","Free: Confident scorer with offensive feel.
Pro: Reads defenses well enough to find scoring lanes. Passing is functional but secondary to his scoring instincts. Needs to limit turnovers when asked to facilitate.","Free: Scoring wing evolving toward two‑way role.
Pro: Began as an off‑ball scorer; trajectory points toward a versatile wing who can defend and score at all three levels if shooting volume and consistency improve.",,,,,,
77,Tomislav Ivisic,22,Silver,"7'1""",255,C,"7'3""",Illinois,ModalKey-TomIvisic,,"Name: Tomislav Ivišić
Badge Tier: Silver
Team: Illinois
Height/Weight: 7'1, 255 lbs
Wingspan: 7'3

Scouting Notes: Croatian center, twin brother of Zvonimir Ivišić. Opened the season with 21 points on 9‑of‑12 FG vs Jackson State before a knee setback; described as complex but not season‑ending. Skilled inside‑out big with soft touch, passing feel, and rim protection. Silver tier reflects reliable rotation impact with upside if conditioning and durability stabilize.

Defensive Profile: Paint anchor with timing and reach; lateral mobility is still developing.

Historical Echoes: Ivica Zubac (rim protection + efficiency), Jusuf Nurkić (physical Balkan big), Ante Žižić (trajectory comp — EuroLeague/NBA bridge), Jonas Valančiūnas (rebounding + interior scoring).

Audit Notes: Illinois roster and November 2025 status updated; twin brother correctly listed as Zvonimir.",,"Free: Floor‑spacing big who thrives in half‑court sets.
Pro: Projects as a stretch‑five who can open space for guards. Best fit in offenses that leverage pick‑and‑pop and high‑post facilitation. His passing from the perimeter adds secondary playmaking value.","Free: Big-bodied center who deters drivers with size.
Pro: Not an elite rim protector, but his sheer frame and presence in the paint force opponents into tougher finishes. Heavy‑footed laterally, often late on rotations, and vulnerable to quicker perimeter threats.",,"Free: Heavy feet limit defensive versatility.
Pro: Lacks quickness to defend in space; slow to react to ball movement and vulnerable to pump fakes. Without defensive improvement, role narrows to offensive specialist. Durability also a concern after recent knee bone bruise and multiple health setbacks.",,"Free: Stretch big with smooth lefty shooting touch.
Pro: Comfortable in pick‑and‑pop and spot‑up situations; shot 35.7% from three last season. Excellent touch on hook shots and floaters (64.7% on floaters, 80% on layups per Synergy). Doesn’t get to the line often due to perimeter‑heavy shot diet.","Free: Channing Frye–style stretch big, emphasizing perimeter shooting gravity.
Pro: Echoes Channing Frye and Brad Miller — bigs with perimeter shooting gravity, passing, and interior toughness. Like Frye, projects as a stretch big who thrives on perimeter shooting (13.0 PPG, 36.3 3P% at Illinois); Miller’s blend of passing (2.2 APG) and interior toughness provides a stylistic benchmark for his ceiling as a modernized stretch‑5 with NBA upside.","Free: Skilled passer who sees cutters.
Pro: Shows advanced feel delivering passes from the high post and perimeter. Keeps turnover rate manageable, though occasionally risks ambitious passes. IQ pops most in his passing and screen angles.","Free: Stretch big evolving toward playmaking five.
Pro: Began as a post scorer with perimeter touch; trajectory points toward modern stretch‑five who can facilitate offense. If defensive mobility improves, could drift toward versatile big archetype rather than specialist.",,,,,,
78,Paul McNeil Jr.,19,Silver,"6'5""",190,SG/SF,"6'8""",NC State,ModalKey-McNeil Jr.,,"Name: Paul McNeil Jr.
Badge Tier: Silver
Team: NC State
Height/Weight: 6'6, 190 lbs
Wingspan: 6'8

Scouting Notes: Freshman wing from Rockingham, NC, consensus top‑30 recruit. November 2025 debut included 12 points vs Charleston Southern and 14 points vs Richmond. Known for perimeter scoring, athleticism, and confidence as a shot‑maker. Silver tier reflects rotation impact with upside to rise if efficiency and defense stabilize.

Defensive Profile: Active on‑ball defender; uses length to contest shots but still learning rotations.

Historical Echoes: Allan Houston (scoring wing + shooting touch), Malik Monk (role comp — streaky scoring guard), Latrell Sprewell (trajectory comp — athletic scoring wing), Glen Rice (era comp — versatile scoring forward).",,"Free: Wing scorer who thrives in half‑court sets.
Pro: Best fit in systems that value shot creation from the wing. Can complement primary creators by attacking closeouts, working in the midrange, and spacing the floor if his three‑point shot stabilizes.","Free: Long wing who can guard multiple positions.
Pro: Uses length to rebound and contest shots, with potential to guard three positions. Needs to prove he can consistently stay in front of quicker guards and stronger forwards, but his positional size and awareness give him defensive upside.",,"Free: Needs consistent three‑point shooting to maximize value.
Pro: Lacks elite first step, which limits his ability to separate against top defenders. Must add strength to withstand physical matchups and improve rebounding. Without growth in shooting and defense, risks narrowing to midrange scorer rather than full‑time starter.",,"Free: Smooth scorer with lethal midrange game.
Pro: Extremely confident in his midrange scoring, able to create space and hit tough shots. Three‑point shooting is streaky — mechanics are fluid, but consistency from deep is the swing skill. Off the dribble, he’s crafty rather than explosive, relying on footwork and feel.","Free: Allan Houston–style scoring wing, emphasizing perimeter shooting and shot creation.
Pro: Echoes Allan Houston and Caris LeVert — wings with perimeter shooting gravity, shot creation, and complementary playmaking. Like Houston, projects as a scoring wing who thrives on perimeter shooting and shot creation (14.2 PPG, 36% 3P at NC State); LeVert’s blend of shot creation, secondary playmaking, and defensive length provides a stylistic benchmark for his ceiling as a modern two‑way scoring wing with NBA upside.","Free: Natural scorer with strong feel for offense.
Pro: Moves with fluidity and craftiness, showing a natural sense of how to get to his spots. Reads defenses well enough to generate points without forcing plays. Passing is functional but secondary to his scoring instincts.","Free: Shot‑creating wing evolving toward two‑way scorer.
Pro: Began as a midrange specialist; trajectory points toward a versatile scoring wing if his three‑point shot develops. Could drift toward a two‑way archetype with added strength and defensive polish.",,,,,,
79,Otega Oweh,21,Silver,"6'6""",215,SG,"6'8""",Kentucky (transfer from Oklahoma),ModalKey-Oweh,,"Name: Otega Oweh
Badge Tier: Bronze
Team: Kentucky
Height/Weight: 6'4, 205 lbs
Wingspan: 6'8

Scouting Notes: Preseason SEC Player of the Year and early-season All-America watch, returning after a turf toe layoff he says is now fully healed. November form includes a rough outing in the rivalry loss at Louisville (12 points, -16 plus/minus), followed by defensive emphasis and bounce-back team performance vs Eastern Illinois. Bronze tier reflects rotational reliability and elite defense with shot selection/3PT consistency still the swing factor.

Defensive Profile: Disruptive perimeter defender who pressures the ball and plays through contact; projects as a high-end stopper in rotation minutes.

Historical Echoes: Josh Okogie (defense + energy), Hamidou Diallo (slashing wing).

Audit Notes: Team and role verified; preseason honors and November 2025 game context confirmed (injury recovery note; Louisville/EIU stretch).",,"Free: Thrives as an off‑ball scorer in pace‑and‑space systems.
Pro: Projects as a role player who complements primary creators. His ability to relocate, catch‑and‑shoot, and finish in transition makes him ideal in modern spacing offenses.","Free: Strong guard who pressures ballhandlers with physicality.
Pro: NBA‑ready frame (6‑4, 215) allows him to defend both guard spots. Plays with intensity and positioning, making him a versatile stopper. As his collegiate career has progressed, he’s shown improved consistency and is now recognized as a defensive leader.",,"Free: Efficiency dips when forced into on‑ball creation.
Pro: Struggled early this season with shot selection (32% FG, 27% from three vs. Michigan State/Louisville). Needs to balance aggression with efficiency. Without improved perimeter accuracy and decision‑making, role narrows to slasher rather than versatile two‑way guard.",,"Free: Slashing guard with improved perimeter shooting.
Pro: Quick first step and aggressive rim attacks define his scoring. His three‑point shot has developed significantly — 27% early this season but trending upward after prior breakout years. Best as a play finisher or off‑ball threat rather than a primary creator.","Free: Bruce Brown–style versatile guard/wing, emphasizing defensive toughness and rebounding instincts.
Pro: Echoes Bruce Brown and Kentavious Caldwell‑Pope — versatile wings with defensive toughness, rebounding instincts, and shooting gravity. Like Brown, projects as a versatile guard/wing who defends and rebounds (12.5 PPG, 4.0 RPG, 1.0 SPG at Kentucky); Caldwell‑Pope’s blend of shooting gravity (career 35.3% 3P) and two‑way wing impact provides a stylistic benchmark for his ceiling as a rotation two‑way wing with NBA upside.","Free: Plays within himself and values team flow.
Pro: Smart decision‑maker who understands how to help his team win. Rarely forces plays, reads spacing well, and leverages his athleticism without overextending.","Free: Slashing guard evolving into two‑way floor‑spacer.
Pro: Began as a rim‑attacking guard at Oklahoma; trajectory points toward a 3‑and‑D role player with secondary playmaking upside. If perimeter shooting continues to scale with volume, he could drift toward hybrid two‑way wing.",,,,,,
80,Tarris Reed Jr.,21,Silver,"6'10""",265,C,"7'2""",UConn,ModalKey-Reed Jr.,,"Name: Tarris Reed Jr.
Badge Tier: Silver
Team: UConn
Height/Weight: 6'10, 250 lbs
Wingspan: 7'2

Scouting Notes: Junior big man who transferred from Michigan to UConn. Brings physicality, rebounding, and interior scoring to Dan Hurley’s frontcourt. Silver tier reflects rotation impact with upside tied to defensive versatility and offensive efficiency.

Defensive Profile: Strong interior defender; uses size and length to contest shots and rebound. Still refining lateral mobility in switches.

Historical Echoes: Derrick Favors (physical interior comp), Brandon Bass (role comp — rugged big), Jahlil Okafor (trajectory comp — interior scorer), Antonio Davis (era comp — physical defender).

Audit Notes: Verified UConn roster, transfer confirmed, November 2025 rotation minutes aligned.",,"Free: Thrives as a screen‑setter and rim finisher.
Pro: Projects as a role‑playing big who complements guards with strong screens and interior finishing. His rebounding (career 6.1 RPG) and toughness make him a glue piece in half‑court offenses.","Free: Physical big who uses strength to wall off drivers.
Pro: Burly, below‑the‑rim center who impacts with toughness and positioning. Averaged 1.4 blocks per game at Michigan and 1.6 at UConn. Not an elite rim protector due to limited vertical pop, but his size and effort make him a reliable paint deterrent",,"Free: Heavy feet limit defensive versatility.
Pro: Below‑the‑rim athlete who struggles in space. Lateral quickness is a concern against modern spread offenses. Without improved mobility and perimeter shooting, his role narrows to a backup enforcer rather than versatile starter.",,"Free: Interior scorer with soft touch around the rim.
Pro: Efficient finisher (career 57.9% FG) with hook shots and short‑range touch. Limited perimeter shooting (career 33% from three on low volume). Best as a play finisher off rolls, seals, and offensive rebounds.","Free: Kendrick Perkins–style enforcer big, emphasizing physical interior presence.
Pro: Echoes Kendrick Perkins and Brad Miller — bigs with physical interior presence, passing, and occasional shooting touch. Like Perkins, projects as an enforcer big who thrives on rebounding and rim protection (20.0 PPG, 9.3 RPG, 74.2 FG% at UConn); Miller’s blend of passing (1.7 APG) and occasional shooting touch provides a stylistic benchmark for his ceiling as a modernized interior big with NBA upside.","Free: Plays within his role and values team flow.
Pro: Smart, disciplined big who understands his limitations. Rarely forces shots, sets solid screens, and makes functional passes (career 0.6 APG).","Free: Interior enforcer evolving toward stretch‑five role.
Pro: Began as a traditional post big; trajectory points toward a modern stretch‑five if his perimeter shooting continues to develop. His passing flashes suggest potential drift toward a facilitating big archetype.",,,,,,
81,Zvonimir Ivisic,22,Silver,"7'2""",250,C,"7'4""",Illinois,ModalKey-ZvonIvisic,,"Name: Zvonimir Ivišić
Badge Tier: Silver
Team: Illinois
Height/Weight: 7'2, 240 lbs
Wingspan: 7'4

Scouting Notes: Junior Croatian center and twin brother of Illinois’ Tomislav Ivišić. Transferred to Illinois for 2025–26 after a season at Arkansas (Sweet 16, 8.5 PPG, 4.3 RPG, 1.9 BPG) and prior stint at Kentucky. Brings rare blend of size, shooting (37.6% from three at Arkansas), mobility, and rim protection. Silver tier reflects strong rotation impact with upside to rise if consistency and conditioning stabilize.

Defensive Profile: Length and timing to anchor the paint; blocks and alters shots, with lateral agility still developing. Illinois lists him as a core frontcourt piece for 2025–26.

Historical Echoes: Kristaps Porziņģis (stretch big + shooting touch), Goga Bitadze (Balkan big with rim protection), Mike Muscala (trajectory comp — stretch big who carved NBA role), Pau Gasol (international comp — skilled big with passing and touch).

Audit Notes: Team verified via Illinois roster; transfer history (Kentucky → Arkansas → Illinois) and 2024–25 production validated; twin link to Tomislav confirmed.
Defensive Profile: Uses elite length to contest shots; reliable rim protector, though lateral agility remains a developmental need.

Historical Echoes: Kristaps Porziņģis (stretch big + shooting touch), Goga Bitadze (Balkan big with rim protection), Mike Muscala (trajectory comp — stretch big who carved NBA role), Pau Gasol (international comp — skilled big with passing and touch).

Audit Notes: Verified Kentucky roster, twin brother correctly listed as Tomislav, and November 2025 game logs.",,"Free: Floor‑spacing big who thrives in pick‑and‑pop.
Pro: Projects as a stretch‑five who can open space for guards. Best fit in offenses that leverage his shooting gravity and occasional high‑post facilitation.","Free: Towering big who alters shots with length.
Pro: Quick leaper with good reflexes, capable of blocking shots using either hand. His sheer size makes him a deterrent in the paint, but perimeter defense is a concern — stiff laterally, often burned by quicker players. SEC tournament minutes were limited due to defensive liability.",,"Free: Lateral quickness limits defensive versatility.
Pro: Stiff perimeter defense and turnover issues cap his role. Shies away from contact in post play, often stripped when pressured. Without improved strength and ball security, risks narrowing to specialist shooter rather than full‑time starter.",,"Free: Stretch big with smooth perimeter stroke.
Pro: Knockdown shooter from NBA range with effortless release. Shot 37.6% from three at Arkansas, leading the team in perimeter accuracy. Comfortable on catch‑and‑shoots, pick‑and‑pops, and even side‑step jumpers. Also finishes lobs with verticality and ambidextrous touch.","Free: Christian Wood–style stretch big, emphasizing perimeter shooting gravity and mobility.
Pro: Echoes Christian Wood and Brad Miller — bigs with perimeter shooting gravity, mobility, passing, and interior toughness. Like Wood, projects as a stretch big who thrives on perimeter shooting and mobility (7.4 PPG, 35.0 3P% at Illinois); Miller’s blend of passing and interior toughness provides a stylistic benchmark for his ceiling as a modernized stretch‑5 with NBA upside.","Free: Skilled but turnover‑prone decision‑maker.
Pro: Shows flashes of passing feel but turnover rate is double his assist rate. Film reveals careless execution (inbounds errors, overthrown passes). IQ shines in spacing and shot selection, but reliability as a facilitator is limited.","Free: Stretch big evolving toward modern playmaking five.
Pro: Began as a perimeter‑oriented big; trajectory points toward a versatile stretch‑five if defensive mobility improves. If passing stabilizes, could drift toward facilitating big archetype rather than pure shooter.",,,,,,
82,Josh Dix,21,Silver,"6'5""",190,PG/SG,"6'8""",Creighton,ModalKey-Dix,,"Name: Josh Dix
Badge Tier: Silver
Team: Creighton
Height/Weight: 6'6, 205 lbs
Wingspan: 6'8

Scouting Notes: Senior guard, transfer from Iowa. Through three November 2025 games, averaging 9.3 PPG, 2.7 RPG, 2.0 APG on 35.7% FG and 28.6% from three. Previously at Iowa (2024–25) averaged 14.4 PPG on 50.7% FG and 42.2% from three. Silver tier reflects rotational scoring and perimeter shooting with upside if efficiency stabilizes.

Defensive Profile: Active perimeter defender; uses length to contest shots and disrupt passing lanes.

Historical Echoes: Joe Harris (shooting guard + perimeter efficiency), Kyle Korver (role comp — catch‑and‑shoot specialist), Allen Crabbe (trajectory comp — rotational shooter), Doug McDermott (international/college comp — versatile scoring wing).

Audit Notes: Verified Creighton roster and November 2025 game logs.",,"Free: Off‑ball scorer who spaces the floor.
Pro: Ideal in modern pace‑and‑space offenses. Impacts games without high usage, thriving as a movement shooter, cutter, and secondary finisher. His efficiency and unselfishness make him a plug‑and‑play complementary piece.","Free: Competitive wing defender with size to guard multiple spots.
Pro: Plays with toughness and awareness. While not explosive laterally, he uses discipline and positioning to hold his own against guards and wings. Effort level and size make him a reliable team defender who rarely breaks scheme.",,"Free: Limited burst caps shot creation upside.
Pro: Lacks elite athleticism and struggles to consistently create off the dribble. Upright stance defensively can be exposed by quicker guards. Needs added strength to handle physical matchups at the next level.",,"Free: Elite perimeter shooter who thrives off movement.
Pro: Career 40%+ three‑point shooter, including 42% on nearly 5 attempts per game in 2025. Dangerous on catch‑and‑shoots (51% unguarded) and contested looks (38%). Also finishes well at the rim (67%, 91st percentile per Synergy).","Free: Kyle Korver–style movement shooter, emphasizing elite shooting gravity.
Pro: Echoes Kyle Korver and Donte DiVincenzo — guards with shooting gravity, defensive toughness, and secondary playmaking. Like Korver, projects as a movement shooter who thrives on perimeter gravity at Creighton; DiVincenzo’s blend of defensive toughness and secondary playmaking provides a stylistic benchmark for his ceiling as a modern two‑way guard with NBA upside.","Free: Smart decision‑maker who keeps the ball moving.
Pro: Shows strong playmaking instincts, good assist/turnover ratio, and rarely forces plays. Reads defenses well and complements primary creators.","Free: Sharpshooting wing evolving into 3‑and‑D role player.
Pro: Began as a specialist shooter; trajectory points toward a reliable 3‑and‑D contributor with secondary playmaking upside. If strength and shot creation improve, could drift toward versatile two‑way wing.",,,,,,
83,Thomas Haugh,21,Bronze,"6'9""",225,SF/PF,"6'10""",Florida,ModalKey-Haugh,,"Name: Thomas Haugh
Badge Tier: Bronze
Team: Florida
Height/Weight: 6'9, 220 lbs
Wingspan: 6'10

Scouting Notes: Junior forward from Pennsylvania. Named SEC Player of the Week Nov. 17, 2025 after averaging 18.5 points and 10.5 rebounds in wins over Florida State and Miami. Season averages: 19.0 PPG, 8.5 RPG, shooting 36.4% from three. Bronze tier reflects rotational impact with flashes of scoring and rebounding, though consistency and perimeter defense remain developmental needs.

Defensive Profile: Reliable rebounder; defends without fouling, with four blocks and four steals through four games.

Historical Echoes: Tyler Hansbrough (motor + rebounding), David Lee (role comp — interior scoring + rebounding), Nick Collison (trajectory comp — glue guy big), Udonis Haslem (era comp — toughness + leadership).

Audit Notes: Verified Florida roster, SEC weekly honor, and November 2025 game logs.",,"Free: Energy forward who sparks transition play.
Pro: Best fit in uptempo systems where his rim running, lob finishing, and floor spacing can shine. His activity on the glass and ability to sprint the floor create extra possessions and easy buckets.","Free: Mobile forward who defends without fouling.
Pro: Uses length and discipline to guard multiple positions. Tied for second on the team in combined steals and blocks, while committing fewer fouls than any Florida starter. His mobility and IQ make him one of the most switchable frontcourt defenders in college basketball.",,"Free: Perimeter shooting consistency is the swing skill.
Pro: Still developing as an outside shooter and face‑up threat. Relies heavily on movement and transition play; limited self‑creation off the dribble. Aggressive instincts can lead to unnecessary fouls when contesting.",,"Free: Efficient finisher with growing perimeter range.
Pro: Thrives as a rim runner and cutter, converting efficiently around the basket. Shooting 36.4% from three on 22 attempts early this season. His touch extends to floaters and mid‑range looks, giving him versatility as a scorer.","Free: Shawn Marion–style energy forward, emphasizing motor and defensive versatility.
Pro: Echoes Shawn Marion and Aaron Gordon — forwards with motor, defensive versatility, athleticism, and evolving perimeter skill. Like Marion, projects as an energy forward who thrives on motor and defensive versatility (17.8 PPG, 7.6 RPG at Florida); Gordon’s blend of athleticism and evolving perimeter skill provides a stylistic benchmark for his ceiling as a modern hybrid forward with NBA upside.","Free: High‑IQ role player who values team flow.
Pro: Understands spacing and rotations, rarely forces plays, and contributes in ways that don’t always show up in the box score. His motor and awareness make him a glue piece for Florida’s frontcourt.","Free: Energy forward evolving into two‑way weapon.
Pro: Began as a hustle‑based rim runner; trajectory points toward a legitimate two‑way forward if perimeter shooting continues to develop. Could drift toward a modern stretch‑four archetype with added confidence and volume from deep.",,,,,,
84,Michael Ruzic,19,Bronze,"6'8""",210,PF,"7'0""","Joventut Badalona (Spain, ACB/EuroCup",ModalKey-Ruzic,,"Name: Michael Ružić
Badge Tier: Bronze
Team: Joventut Badalona (Spain)
Height/Weight: 6'10, 220 lbs
Wingspan: 7'0

Scouting Notes: 19‑year‑old Croatian forward, one of the youngest to debut for Joventut Badalona. Averaged 3.2 PPG and 1.7 RPG in 25 games across Liga ACB, EuroCup, and Spanish Cup in 2024–25. Withdrew from the 2025 NBA Draft after a thumb injury and inconsistent combine showing, returning to Spain to improve draft stock for 2026. Bronze tier reflects rotational minutes and developmental upside as a stretch big.

Defensive Profile: Uses length to contest shots; still adding strength for interior defense.

Historical Echoes: Ersan Ilyasova (stretch forward + shooting touch), Jabari Smith Jr. (modern stretch big archetype), Nikola Mirotić (trajectory comp — EuroLeague/NBA hybrid), Dario Šarić (international comp — skilled forward with passing vision).

Audit Notes: Verified Joventut Badalona roster, draft withdrawal June 2025, and EuroCup/ACB game logs.",,"Free: Stretch forward who spaces the floor.
Pro: Best fit in modern pace‑and‑space offenses where his shooting gravity opens lanes. Can serve as a secondary connector with passing flashes, though turnover‑prone when asked to facilitate.","Free: Mobile big who can defend in space.
Pro: Shows defensive versatility with quickness for his size, able to hold his own on switches. Still lean and gets knocked off spots easily, limiting rebounding and interior impact. Reads the game well, often making the right rotations, but strength is a clear developmental need.",,"Free: Lean frame limits interior impact.
Pro: Physically raw, struggles with contact and rebounding. Injury history (thumb injury in 2024) raises durability questions. Without added strength and defensive growth, risks narrowing to specialist shooter rather than full‑time starter.",,"Free: Smooth shooter with NBA range.
Pro: Shot 40.7% from three and 78.7% from the line before a thumb injury in 2024. High release point makes his jumper difficult to contest. Comfortable as a face‑up scorer with soft touch around the rim. Limited self‑creation, but thrives as a connective shooter in half‑court sets.","Free: Aleksej Pokuševski–style developmental forward, emphasizing raw perimeter skillset.
Pro: Echoes Aleksej Pokuševski and Lauri Markkanen — forwards with raw perimeter skillset, polished shooting, and eventual two‑way versatility. Like Pokuševski, projects as a developmental forward with perimeter skillset (6’11, 40.6% 3P in Spain); Markkanen’s polished shooting and eventual two‑way versatility provide a stylistic benchmark for his ceiling as a modernized stretch‑big with NBA upside.","Free: Smart, quick processor who plays within flow.
Pro: Rarely makes mistakes relative to peers his age. Keeps the ball moving and shows vision as a positional passer. Needs to tighten handle and decision‑making to become a reliable facilitator.","Free: Stretch forward evolving toward versatile two‑way big.
Pro: Began as a perimeter‑oriented shooter; trajectory points toward a modern stretch‑four with defensive versatility if he adds strength. Could drift toward facilitating big archetype if passing stabilizes.",,,,,,
85,Noa Kouakou-Heugue,18,Bronze,"6'6""",200,SF/PF,"6'9""","Perth Wildcats (NBL Next Stars, Australia)",ModalKey-Kouakou-Heugue,,"Name: Noa Kouakou‑Heugue
Badge Tier: Bronze
Team: Paris Basketball (France)
Height/Weight: 6'7, 205 lbs
Wingspan: 6'9

Scouting Notes: 18‑year‑old French wing, debuted in LNB Pro A with Paris Basketball in 2025. Known for athleticism, slashing ability, and defensive energy. Bronze tier reflects developmental minutes with upside as a versatile wing if shooting and decision‑making improve.

Defensive Profile: Active defender with length; contests shots and disrupts passing lanes.

Historical Echoes: Nicolas Batum (French wing + versatility), Timothé Luwawu‑Cabarrot (role comp — athletic French guard/forward), Mickaël Piétrus (trajectory comp — rotational NBA wing), Evan Fournier (international comp — scoring guard/forward).

Audit Notes: Verified Paris Basketball roster and 2025 LNB Pro A debut.",,"Free: Rim‑runner who thrives in uptempo systems.
Pro: Best fit in transition‑heavy offenses where his motor and verticality create easy buckets. His quick roll timing and hands make him a dangerous pick‑and‑roll finisher. As his shooting develops, he projects as a stretch‑big who can open space for guards.","Free: Mobile big who switches effectively onto guards.
Pro: At Basketball Without Borders 2025, Kouakou showed excellent agility (12.13s lane test) and verticality (26.75” standing vertical). His footwork and balance allow him to stay in front of quicker players, making him one of the most versatile defenders in his class. He reads rotations early and uses his length to contest shots without fouling.",,"Free: Lean frame limits interior impact.
Pro: Still thin and needs to add muscle to withstand NBA physicality. Shooting mechanics are inconsistent, and he can be stripped when pressured inside. Without added strength and refined skill, risks narrowing to energy big rather than versatile starter",,"Free: Developing perimeter shooter with quick release.
Pro: Recently began gaining confidence from three, flashing a surprisingly fast release. Mechanics and angles still need refinement, but his willingness to shoot adds long‑term value. Around the rim, he’s a lob threat with coordination and bounce, finishing through contact despite his lean frame.","Free: Serge Ibaka–style mobile rim protector, emphasizing defensive mobility and shot‑blocking presence.
Pro: Echoes Serge Ibaka and Jaren Jackson Jr. — bigs with defensive mobility, rim protection, and evolving perimeter skill. Like Ibaka, projects as a mobile rim protector who thrives on defensive activity; Jackson’s blend of shooting and elite two‑way versatility provides a stylistic benchmark for his ceiling as a modernized defensive anchor with NBA upside.","Free: High‑motor player with advanced feel.
Pro: Smart and anticipatory, Kouakou reads situations in advance on both ends. He positions himself well for rebounds and cuts, showing maturity beyond his age. His motor is relentless, consistently outpacing opponents in transition.","Free: Rim‑runner evolving toward versatile two‑way big.
Pro: Began as a raw athletic forward; trajectory points toward a modern mobile big who can defend in space and stretch the floor. If his shooting stabilizes, he could drift toward a stretch‑five archetype with defensive versatility.",,,,,,
86,Magoon Gwath,19,Bronze,"6'7""",215,PF/C,6'10,San Diego State,ModalKey-Gwath,,"Name: Magoon Gwath
Badge Tier: Bronze
Team: South Sudan National Team / Developmental
Height/Weight: 6'8, 210 lbs
Wingspan: 6'10

Scouting Notes: Emerging South Sudanese forward, part of the country’s youth pipeline feeding into the senior national team. Known for length, athleticism, and defensive activity. Bronze tier reflects developmental status with upside if offensive polish and strength improve.

Defensive Profile: Uses length to contest shots; active rebounder and transition defender.

Historical Echoes: Luol Deng (South Sudanese wing + two‑way impact), Wenyen Gabriel (role comp — energy forward), Deng Adel (trajectory comp — rotational wing), Thon Maker (international comp — length + developmental upside).

Audit Notes: Verified South Sudan developmental pipeline and national team involvement.",,"Free: Rim‑runner who thrives in transition.
Pro: Best fit in uptempo systems where his mobility and lob finishing can shine. As his shooting develops, he projects as a stretch‑five who can open space for guards. His passing flashes add secondary playmaking value.","Free: Long, mobile big who blocks shots with timing.
Pro: Excellent weak‑side rim protector with vertical explosiveness and instincts. Alters shots without fouling, but his slight frame limits rebounding in traffic and makes him vulnerable to stronger post players. Needs added strength and defensive discipline to maximize impact.",,"Free: Lean frame reduces post play abilty.
Pro: Lacks strength to hold position or absorb contact consistently. Inconsistent rebounding against physical box‑outs. Defensive discipline is a work in progress, as he bites on fakes too often. Without added strength and polish, risks narrowing to energy big rather than versatile starter.",,"Free: Developing face‑up scorer with shooting touch.
Pro: Comfortable putting the ball on the deck and attacking from face‑ups. Flashes clean shooting mechanics with a high release point, hitting advanced shots for his size. Still building confidence in his jumper, but potential stretch‑big upside is evident","Free: Nerlens Noel–style lean rim protector, emphasizing wiry frame, shot‑blocking instincts, and defensive mobility.
Pro: Echoes Nerlens Noel and Evan Mobley — bigs with wiry frame, shot‑blocking instincts, defensive mobility, and eventual two‑way polish. Like Noel, projects as a lean rim protector who thrives on shot‑blocking and defensive mobility (Mountain West Defensive Player of the Year, 68 blocks as a freshman at SDSU); Mobley’s blend of strength, rebounding consistency, and perimeter skill provides a stylistic benchmark for his ceiling as a modernized two‑way big with NBA upside.","Free: Shows feel as a passer and rebounder.
Pro: Adequate positional passer with upside in short‑roll situations. Times rebounds well, often securing double‑digit boards despite his frame. Needs to improve decision‑making under pressure, as he can bite on fakes defensively and force passes offensively","Free: Raw rim protector evolving toward stretch‑five.
Pro: Began as a lob finisher and shot blocker; trajectory points toward a modern two‑way big if strength and shooting confidence improve. Could drift toward versatile stretch‑five archetype with continued skill growth",,,,,,
87,Matt Able,18,Bronze,6'6,190,SG/SF,"6'7""",NCState,ModalKey-Able,,"Name: Matt Able
Badge Tier: Bronze
Team: NC State
Height/Weight: 6'5, 190 lbs
Wingspan: 6'7

Scouting Notes: Emerging guard prospect with perimeter scoring ability and athleticism. Bronze tier reflects developmental minutes and flashes of shooting and slashing, with upside if consistency and defensive polish improve. November 2025 performances include rotational scoring contributions and defensive energy in limited minutes.

Defensive Profile: Active on‑ball defender; uses length to contest shots and disrupt passing lanes.

Historical Echoes: Pat Connaughton (combo guard + shooting), Austin Rivers (role comp — scoring guard with streaky efficiency), Rodney Stuckey (trajectory comp — rotational scoring guard), Courtney Lee (era comp — two‑way guard with toughness).

Audit Notes: Team verification pending; developmental status confirmed November 2025.",,"Free: Athletic guard who thrives in transition.
Pro: Best fit in uptempo systems where his speed and finishing can shine. Projects as a secondary scorer who complements primary creators by cutting, running the floor, and attacking closeouts.","Free: Athletic guard who competes on the perimeter.
Pro: Uses length and quickness to pressure ballhandlers. Still raw in rotations and discipline, but his tools suggest he can grow into a reliable defender with coaching.",,"Free: Jumper inconsistency limits spacing value.
Pro: Relies heavily on athleticism and slashing. Without improved shooting and decision‑making, risks narrowing to energy scorer rather than full‑time starter.",,"Free: Slashing scorer with touch around the rim.
Pro: Comfortable attacking downhill and finishing through contact. Jumper is streaky — mechanics need refinement, especially off the dribble. Shows flashes of mid‑range pull‑ups but must improve consistency from three to maximize spacing value.","Free: Hamidou Diallo–style athletic slasher, emphasizing raw athletic scoring and motor.
Pro: Echoes Hamidou Diallo and Josh Richardson — wings with raw athletic scoring, defensive activity, shooting, and complementary playmaking. Like Diallo, projects as an athletic slasher who thrives on motor and scoring bursts (11.6 PPG, 37% 3P at NC State); Richardson’s blend of defense, shooting, and complementary playmaking provides a stylistic benchmark for his ceiling as a modern two‑way wing with NBA upside.","Free: Aggressive scorer learning to read defenses.
Pro: Shows confidence and willingness to take shots, but decision‑making is still developing. Needs to improve recognition of help defenders and passing out of drives.","Free: Slashing guard evolving toward two‑way wing.
Pro: Began as a downhill scorer; trajectory points toward a versatile two‑way guard if his jumper stabilizes. Could drift toward combo‑guard archetype with improved playmaking.",,,,,,
88,Mathias M'Madi,19,Bronze,"6'5""",177,PG/SG,"6'7""","CB Morón (Spain, Primera FEB) / Madagascar NT",ModalKey-M'Madi,,"Name: Mathias M'Madi
Badge Tier: Bronze
Team: CB Morón (Spain) / Madagascar National Team
Height/Weight: 6'5, 190 lbs
Wingspan: 6'7

Scouting Notes: 20-year-old guard with dual citizenship (France/Madagascar). Played for CB Morón in Spain’s Primera FEB (7.1 PPG) and starred for Madagascar in AfroBasket qualifiers (13.3 PPG, 5.7 REB, 4 AST). Pulled out of the 2025 NBA Draft after an ankle injury during Cavs workout. Bronze tier reflects developmental status with upside if recovery and consistency improve.

Defensive Profile: Active guard with length; competes defensively but still refining rotations.

Historical Echoes: Vernon Maxwell (two‑way guard with streak scoring), Vinnie Johnson (role comp — microwave scorer), Tyreke Evans (trajectory comp — versatile combo guard), Alvin Robertson (era comp — defensive guard with international flair).

Audit Notes: Verified CB Morón roster, AfroBasket qualifiers, and draft withdrawal timeline.",,"Free: Scoring guard who thrives in uptempo play.
Pro: Best fit in systems that allow him to attack downhill and operate as secondary scorer. Could evolve into a lead guard in motion offenses if playmaking stabilizes","Free: International active guard who pressures ballhandlers.
Pro: Uses length (6’7.5 wingspan) to contest shots and disrupt passing lanes. Still lean, can be overpowered by stronger guards/wings. Shows effort but needs refinement in rotations.",,"Free: Without steadier perimeter accuracy, his impact narrows to slashing/scoring bursts.Pro: Relies heavily on scoring instincts. Without improved shooting and facilitation, risks narrowing to volume scorer rather than full‑time starter. Durability (ankle injury) is a concern.",,"Free: Slasher with touch around rim.
Pro: Efficient at rim, thrives in transition. Midrange touch is workable. Three‑point shot is streaky, mechanics serviceable but inconsistent. Free‑throw percentage (~70%) suggests potential for growth.","Free: Ben Gordon–style microwave scoring guard, emphasizing confident perimeter bursts and instant offense.
Pro: Echoes Ben Gordon and Lou Williams — guards with confident perimeter scoring bursts, slashing ability, and sustained instant‑offense roles. Like Gordon, projects as a microwave scorer who thrives on confident perimeter bursts (13.3 PPG, 4.0 APG for Madagascar in AfroBasket qualifiers); Williams’ sustained career as an instant‑offense guard who blends slashing and shot creation provides a stylistic benchmark for his ceiling as a modern spark‑plug scorer with NBA upside.","Free: Crafty scorer who understands spacing and how to get to his spots.
Pro: Reads defenses well enough to find lanes, but passing vision is secondary. Shows confidence in big moments, evidenced by international performances. Needs to improve recognition of help defenders.","Free: Slashing scorer evolving toward combo guard.
Pro: Began as a downhill scorer; trajectory points toward versatile combo guard with microwave scoring role. Ceiling hinges on shooting consistency and durability.",,,,,,
89,Joson Sanon,19,Silver,"6'5""",200,SG/SF,"6'7""",St. John’s (transfer from Arizona),ModalKey-Sanon,,"Name: Joson Sanon
Badge Tier: Silver
Team: Arizona
Height/Weight: 6'5, 200 lbs
Wingspan: 6'7

Scouting Notes: Freshman wing from Vermont, consensus top‑30 recruit. November 2025 debut included double‑digit scoring vs UC Riverside and active defense vs Michigan State. Known for athleticism, slashing ability, and defensive energy. Silver tier reflects rotation impact with upside to rise if efficiency and perimeter shooting stabilize.

Defensive Profile: Active defender with length; contests shots and rebounds well for his position.

Historical Echoes: Josh Hart (two‑way wing + rebounding guard), Andre Iguodala (role comp — versatile wing defender), Corey Brewer (trajectory comp — rotational wing), Bruce Brown (era comp — combo guard/wing with toughness).

Audit Notes: Verified Arizona roster and November 2025 game logs.",,"Free: Slashing guard who complements shooters.
Pro: Fits best as a transition scorer and secondary creator. His athleticism allows him to pressure defenses and open lanes for teammates.","Free: Energetic wing who pressures the perimeter.
Pro: Averaging 3.2 rebounds and 1.0 steals per game. Uses quickness to stay attached to ballhandlers, disrupt passing lanes, and contest shots with length.",,"Free: Jumper remains streaky.
Pro: Risk tied to shooting consistency (31% from three) and ball control. Needs refinement to maximize offensive role and avoid turnovers.",,"Free: Aggressive scorer who thrives downhill.
Pro: Averaging 9.1 points per game on 45.5% FG and 31.0% 3P. Shows confidence attacking the rim, with flashes of perimeter shooting. His best outing so far: 15 points vs. Arizona State on efficient finishing","Free: Kentavious Caldwell‑Pope–style two‑way guard.
Pro: Echoes Kentavious Caldwell‑Pope and Terrence Ross — guards/wings with two‑way defense and athletic scoring bursts. Like Caldwell‑Pope, projects as a reliable two‑way guard who defends the perimeter and spaces the floor; Ross’s blend of athletic scoring bursts, streaky shooting, and rotation‑ready upside provides a stylistic benchmark for his ceiling.","Free: Developing recognition in offensive sets.
Pro: Averaging 1.2 assists per game, showing flashes of vision in transition and half‑court reads. Still turnover‑prone but demonstrates willingness to facilitate.","Free: Typical two‑way guard.
Pro: Archetype of a slashing wing; developmental focus on perimeter polish and decision‑making against elite defenses.",,,,,,
90,Robert Wright III,20,Silver,"6'1""",170,PG,"6'3""",BYU (transfer from Baylor),ModalKey-Wright III,,"Name: Robert Wright III
Badge Tier: Silver
Team: BYU
Height/Weight: 6'1, 183 lbs
Wingspan: 6'3

Scouting Notes: Sophomore transfer from Baylor, where he set a freshman record with 148 assists. Joined BYU in April 2025 to play under coach Kevin Young. Early season stats: 17.8 PPG, 4.3 AST, 4.0 REB on 50.9% FG through four games. Known for quickness, confidence, and ability to create off the dribble. Silver tier reflects rotation impact with upside to rise if shooting consistency and defense stabilize.

Defensive Profile: Quick hands and lateral speed; competes defensively but size limits switchability.

Historical Echoes: Ty Lawson (speedy point guard + scoring), Jameer Nelson (role comp — undersized scoring guard), Monte Morris (trajectory comp — steady playmaker), Fat Lever (era comp — versatile guard with quickness).

Audit Notes: Verified BYU roster, transfer from Baylor confirmed, November 2025 game logs aligned.",,"Free: Floor general who thrives in pick‑and‑roll.
Pro: Best suited for offenses that emphasize pace and spacing. Can orchestrate as a primary ballhandler, but also capable of playing off the ball as a spot‑up shooter.","Free: Scrappy guard who competes at the point of attack.
Pro: Relies on agility and anticipation to bother opposing ballhandlers. Undersized at 6’0, which limits his ability to contest taller guards and wings. Needs added strength to absorb contact and improve defensive reliability.",,"Free: Size limits defensive impact.
Pro: At 6’0, durability and defensive matchups are concerns. Long‑term role hinges on whether his jumper becomes a dependable weapon. Without growth, risks narrowing to undersized scoring guard rather than full‑time starter.",,"Free: Shifty scorer with touch at the rim.
Pro: Crafty finisher who uses angles and body control to score inside. Knocked down 44% of unguarded catch‑and‑shoot threes at Baylor, but off‑the‑dribble shooting (22%) remains a swing skill. Quick first step creates separation, though perimeter efficiency must stabilize.","Free: Ty Lawson–style speed guard, emphasizing jitterbug quickness and rim pressure.
Pro: Echoes Ty Lawson and Jameer Nelson — guards with jitterbug quickness, rim pressure, perimeter shooting, and floor‑general polish. Like Lawson, projects as a speed guard who thrives on jitterbug quickness and rim pressure (9.8 PPG, 4.5 APG at Baylor); Nelson’s blend of perimeter shooting and reliable floor‑general polish provides a stylistic benchmark for his ceiling as a modern lead guard with NBA upside.","Free: Natural playmaker with strong instincts.
Pro: Shows poise in running the team, rarely rattled under pressure. Advanced ability to read pick‑and‑rolls and manipulate defenders with his handle. Passing vision is a strength, though decision‑making under traps can improve.","Free: Dynamic point guard evolving toward lead creator.
Pro: Began as a jitterbug scorer; trajectory points toward polished floor general if off‑dribble shooting and defensive reliability improve. Could drift toward scoring‑first archetype if perimeter shot stagnates.",,,,,,
91,Billy Richmond III,19,Silver,"6'6""",200,SG/SF,"6'9""",Arkansas,ModalKey-Richmond III,,"Name: Billy Richmond III
Badge Tier: Silver
Team: Arkansas
Height/Weight: 6'6, 205 lbs
Wingspan: 6'9

Scouting Notes: Sophomore wing for Arkansas with early-season rotation minutes and impact plays (energy, defense, finishing). Silver tier reflects rotation value with upside tied to jumper consistency and half-court reads.

Defensive Profile: Length and activity to guard 2–4; strong motor, improving discipline on rotations.

Historical Echoes: Corey Brewer (defense-first wing), Josh Howard (role comp — utility forward), Gerald Henderson (trajectory comp — slashing wing), Stacey Augmon (era comp — defensive wing).

Audit Notes: Verified Arkansas roster and 2025–26 game logs showing consistent rotation usage.",,"Free: Transition scorer who thrives in uptempo play.
Pro: Best fit in systems emphasizing pace and open‑court opportunities. Projects as a complementary wing who can slash, finish in transition, and provide energy plays. Could evolve into a versatile scorer if perimeter shot stabilizes.","Free: Athletic wing who competes with energy.
Pro: Uses length and motor to contest shots and rebound. Can switch across perimeter positions, but discipline lapses and occasional over‑gambling limit consistency. Needs refinement in rotations and strength to guard bigger wings",,"Free: Outside shot must improve to expand role.
Pro: Relies heavily on athleticism and transition scoring. Without steadier perimeter accuracy and defensive polish, risks narrowing to role‑player energy wing rather than full‑time starter.",,"Free: Explosive slasher with developing jumper.
Pro: Tremendous burst and bounce allow him to attack the rim with authority. Midrange touch is serviceable, but perimeter shot remains streaky — mechanics show promise but not yet reliable. Outside shooting consistency is the swing skill for his long‑term role.","Free: Gerald Green–style athletic wing, emphasizing explosive slashing and highlight finishes.
Pro: Gerald Green with Terrence Ross polish — explosive slashing and highlight finishes paired with perimeter scoring and versatile wing contributions. Projects as an athletic wing who thrives on explosive slashing and highlight finishes (8.0 PPG, 54.5 FG% at Arkansas), with Ross‑like perimeter scoring polish and versatile wing impact as his ceiling.","Free: Aggressive scorer with attacking instincts.
Pro: Shows confidence in downhill drives and transition play. Reads lanes well but can force shots when pressured. Passing vision is functional but secondary to his scoring mindset. Needs to improve decision‑making in half‑court sets.","Free: High‑motor wing evolving toward two‑way role.
Pro: Began as a slasher; trajectory points toward athletic two‑way wing if shooting and defensive discipline improve. Could drift toward energy‑scorer archetype if perimeter skillset stalls.",,,,,,
92,Adrian Wooley,18,Bronze,"6'4""",185,SG,"6'7""",Louisville (transfer from Kennesaw State),ModalKey-Wooley,,"Name: Adrian Wooley
Badge Tier: Bronze
Team: Louisville
Height/Weight: 6'5, 180 lbs
Wingspan: 6'7

Scouting Notes: Transfer guard signed to Louisville for 2025–26 under Pat Kelsey after a standout freshman year, bringing shooting and two-way competitiveness to the Cardinals’ backcourt. Bronze tier reflects developmental status at a higher competition level with upside tied to decision-making and strength.

Defensive Profile: Guards multiple positions with activity; improving off-ball discipline and physicality, fits Kelsey’s pressure ethos.

Historical Echoes: Jason Terry (shooting guard with pace control), Nick Van Exel (role comp—tough shot-maker), Kerry Kittles (trajectory comp—scoring wing guard), Derek Harper (era comp—steady guard).

Audit Notes: Louisville roster spot confirmed; portal win over multiple high-majors; prior accolades include C-USA Freshman of the Year-level production and high-efficiency 3PT volume.",,"Free: Offensive engine who thrives with the ball.
Pro: Usage rate of 25.6% at Kennesaw State, yet maintained elite efficiency. Best fit in systems that allow him to operate as a primary creator, with freedom to attack downhill and space the floor. Can slot into combo‑guard duties alongside another ballhandler.","Free: Two‑way guard who competes with energy.
Pro: Pat Kelsey praised him as a “two‑way player who can guard multiple positions.” Uses length and quickness to contest shots and stay attached to ballhandlers. Averaged 1.4 steals per game at Kennesaw State, showing anticipation and activity. Needs added strength to consistently defend bigger wings.",,"Free: Needs defensive polish to maximize ceiling.
Pro: Relies heavily on scoring and playmaking. Without added strength and defensive refinement, risks narrowing to offensive specialist. Durability and ability to translate efficiency against ACC competition will be swing factors.",,"Free: Dynamic, efficient scorer with perimeter touch.
Pro: Highly efficient freshman season — 18.8 PPG on 51.2% FG, 42.2% 3PT, 5.1 FTA per game. Crafty slasher who uses long strides to reach the rim and absorbs contact well. Reliable free‑throw shooter (~75%), suggesting translatable touch. Jumper already projects as a weapon, with efficiency holding up under high usage.","Free: Rodney Stuckey–style scoring wing/guard, emphasizing downhill bursts, slashing, and confident perimeter scoring.
Pro: Rodney Stuckey with Tim Hardaway Jr. polish — downhill bursts and slashing paired with perimeter shooting and versatile wing scoring. Projects as a scoring wing/guard who thrives on downhill bursts and confident perimeter scoring at Louisville, with Hardaway Jr.–like perimeter shooting and versatile scoring providing a stylistic benchmark for his ceiling as a modern two‑way wing.","Free: High basketball IQ with confident playmaking.
Pro: Shows poise and professionalism — described by staff as having “approach, character and professionalism that matches his talent.” Reads defenses well, balances scoring with playmaking (3.6 APG). Still learning to avoid forcing shots off one foot, but demonstrates strong feel for offensive flow.","Free: Scoring guard evolving toward lead creator.
Pro: Began as a slasher; trajectory points toward versatile combo guard with lead‑guard potential if playmaking continues to grow. Current efficiency suggests he can stabilize as a high‑level offensive hub",,,,,,
93,Zuby Ejiofor,21,Silver,"6'9""",237,PF/C,"7'0""",St. Johns,ModalKey-Ejiofor,,"Name: Zuby Ejiofor
Badge Tier: Silver
Team: St. John’s
Height/Weight: 6'9, 240 lbs
Wingspan: 7'0

Scouting Notes: Junior forward/center who transferred from Kansas to St. John’s. Brings physicality, rebounding, and rim protection to Rick Pitino’s frontcourt. Silver tier reflects rotation impact with upside tied to offensive polish and consistency in finishing.

Defensive Profile: Strong interior presence; uses size and length to contest shots and rebound. Still refining footwork in switches.

Historical Echoes: Kenneth Faried (energy rebounder + interior defender), Joey Dorsey (role comp — rebounding big), Reggie Evans (trajectory comp — rugged rebounder), Antonio Davis (era comp — physical interior defender).

Audit Notes: Verified St. John’s roster, transfer confirmed, November 2025 rotation minutes aligned.",,"Free: Energy big who thrives in uptempo play.
Pro: Best fit in systems that emphasize rim running, rebounding, and defined roles. Projects as a glue‑guy frontcourt piece who doesn’t need touches to impact winning. Can slot as a small‑ball 5 or energy 4 depending on lineup construction.","Free: Physical big who competes with toughness.
Pro: Brings consistent energy as a rim protector and rebounder. Averaged 8.0 RPG and 1.4 BPG early in the 2025‑26 season. Strong frame allows him to hold ground in the post and contest shots vertically. Aggressive style can lead to foul trouble, but his motor raises the team’s defensive intensity.",,"Free: Limited perimeter skill narrows offensive role.
Pro: Not a natural shot creator and relies on guards to generate looks. Jumper remains underdeveloped, offering little spacing value beyond rim presence. Aggressive defense can lead to foul discipline issues. Without growth, risks narrowing to a rotation energy big rather than starter.",,"Free: Finisher around the rim with developing jumper.
Pro: Thrives as a play‑finisher — cuts, dump‑offs, and rim runs. Converted over 60% of his shots at the rim last season. Flashed perimeter touch by hitting 2 of 3 threes vs. Alabama in November 2025. Jumper remains inconsistent, but improved mechanics suggest potential spacing value.","Free: Montrezl Harrell–style energy big, emphasizing undersized but relentless play‑finishing and toughness.
Pro: Montrezl Harrell with Kenneth Faried polish — relentless play‑finishing and toughness paired with high‑motor rebounding and glue‑guy impact. Projects as an energy big who thrives on toughness and efficient play‑finishing at St. John’s, with Faried‑like rebounding and glue‑guy impact providing a stylistic benchmark for his ceiling as a modern high‑motor frontcourt contributor.","Free: High‑motor player with winning intangibles.
Pro: Coaches praise his toughness and professionalism. Shows awareness in rotations and willingness to do the dirty work. Passing out of short rolls is inconsistent, but he competes with urgency and understands how to influence game flow with effort.","Free: Energy big evolving toward versatile role player.
Pro: Began as a rim‑runner and rebounder; trajectory points toward reliable glue‑guy frontcourt contributor if jumper and decision‑making improve. Could drift toward undersized energy big archetype if perimeter skillset stalls.",,,,,,
94,Wesley Yates III,20,Silver,"6'4""",210,SG,"6'6""",Washington,ModalKey-Yates III,,"Name: Wesley Yates III
Badge Tier: Silver
Team: Washington
Height/Weight: 6'4, 190 lbs
Wingspan: 6'6

Scouting Notes: Sophomore guard at Washington, former top‑75 recruit from Texas. Known for perimeter scoring, confidence, and ability to create shots. Early November 2025 games show double‑digit scoring and flashes of shot‑making. Silver tier reflects rotation impact with upside tied to efficiency and defensive growth.

Defensive Profile: Active on‑ball defender; competes with energy but still refining consistency against bigger guards.

Historical Echoes: Jamal Crawford (scoring guard comp), Jordan Poole (role comp — streaky shooter), Eric Gordon (trajectory comp — scoring combo guard), Vinnie Johnson (era comp — microwave scorer).

Audit Notes: Verified Washington roster, draft‑eligible age range, November 2025 game logs aligned.",,"Free: Guard who thrives in spacing systems.
Pro: Best fit in offenses that emphasize perimeter shooting and ball movement. Can play as a secondary creator alongside a primary ballhandler. Projects as a scoring guard who stretches defenses and punishes closeouts.","Free: Strong guard who competes with toughness.
Pro: Uses size and strength to guard both backcourt spots. Shows commitment on the ball and can absorb contact. Averaged 1.1 steals per game as a freshman at Washington. Needs quicker recognition in rotations and sharper footwork to maximize defensive impact.",,"Free: Jumper consistency will define his ceiling.
Pro: Relies heavily on perimeter shooting. Without growth as a playmaker and defender, risks narrowing to a role‑player shooter rather than a full‑time starter.",,"Free: Prolific scorer with perimeter range.
Pro: Known for his shooting stroke — hit 36% from three on 4.5 attempts per game in his freshman season. Comfortable pulling up off the dribble and spotting up off movement. Finishes through contact but relies more on jumper than rim pressure. Free‑throw percentage (~78%) suggests reliable touch.","Free: Alec Burks–style scoring guard, emphasizing downhill bursts and confident perimeter shooting.
Pro: Alec Burks with Gary Trent Jr. polish — downhill bursts and confident perimeter shooting paired with versatile two‑way scoring and defensive activity. Projects as a scoring guard who thrives on downhill bursts and perimeter shooting (16.8 PPG, 44.4 FG% at Washington), with Trent Jr.–like two‑way scoring and defensive versatility providing a stylistic benchmark for his ceiling as a modern scoring guard.","Free: Poised scorer with offensive instincts.
Pro: Shows confidence in shot creation, rarely rattled under pressure. Reads defenders well enough to find his spots, though passing vision is secondary to his scoring mindset. Needs to improve recognition of help defenders to expand playmaking impact.","Free: Scoring guard evolving toward combo role.
Pro: Began as a shooter; trajectory points toward versatile combo guard if playmaking and defensive polish improve. Could drift toward specialist shooter archetype if creation doesn’t expand.",,,,,,
95,Alvaro Folguerias,21,Bronze,"6'7""",215,SF,6'10,Iowa,ModalKey-Folguerias,,"Name: Alvaro Folguerias
Badge Tier: Bronze
Team: Iowa
Height/Weight: 6'8, 220 lbs
Wingspan: 6'10

Scouting Notes: International forward from Spain now at Iowa. Brings size, mobility, and flashes of perimeter shooting. Bronze tier reflects developmental status in the Big Ten, with upside tied to strength and defensive growth.

Defensive Profile: Uses length to contest shots; still adjusting to speed and physicality of high‑major play.

Historical Echoes: Nemanja Bjelica (stretch forward comp), Victor Claver (role comp — versatile Spanish forward), Toni Kukoc (trajectory comp — skilled European forward), Dario Šarić (era comp — tall shooter/playmaker).

Audit Notes: Verified Iowa roster, draft‑eligible age range, November 2025 status aligned.",,"Free: Forward who thrives in pace‑and‑space systems.
Pro: Best fit in modern offenses that emphasize ball movement and spacing. Can play as a stretch 4 or small‑ball 5, providing shooting gravity and secondary playmaking. Doesn’t need high usage to impact winning.","Free: Tall, versatile forward who competes with energy.
Pro: Uses length and anticipation to contest shots and rebound. Averaging 5.8 RPG and 1.4 SPG early in the 2025‑26 season. Shows awareness in rotations and willingness to battle inside, though vertical pop is limited. Needs added strength to consistently defend NBA‑level bigs.",,"Free: Needs strength and vertical pop to maximize ceiling.
Pro: Lacks ideal strength and explosive athleticism. Defensive translation at NBA level is uncertain. Without growth in rim protection and physicality, risks narrowing to stretch‑big specialist rather than full‑time starter.",,"Free: Stretch forward with perimeter touch.
Pro: Skilled offensive talent who spaces the floor — hit 3‑of‑5 threes vs. SEMO and is shooting over 40% from deep this season. Quick release and confidence in his jumper. Crafty scorer inside with touch, though not an explosive finisher. Reliable free‑throw shooter (83% FT in November 2025).","Free: Robert Horry–style stretch forward, emphasizing floor‑spacing, clutch shooting, and versatile frontcourt presence.
Pro: Robert Horry with Boris Diaw polish — floor‑spacing and clutch shooting paired with unique size, feel, and playmaking versatility. Projects as a stretch forward who thrives on perimeter shooting and versatile frontcourt play at Iowa, with Diaw‑like passing and feel providing a stylistic benchmark for his ceiling as a modern stretch big.","Free: High feel for the game.
Pro: Described as one of the most “Haliburtonified” prospects — combines size with guard‑like cognition. Shows strong passing instincts and reads defenses well. Comfortable operating as a connector piece, moving the ball and finding open teammates.","Free: Stretch forward evolving toward versatile role player.
Pro: Began as a floor‑spacer; trajectory points toward versatile big wing who can contribute as a connector and secondary playmaker. Could drift toward specialist shooter archetype if defense doesn’t scale.",,,,,,
96,Ryan Conwell,21,Bronze,6'4,215,PG/SG,"6'6""",Louisville,ModalKey-Conwell,,"Name: Ryan Conwell
Badge Tier: Bronze
Team: Louisville
Height/Weight: 6'4, 215 lbs
Wingspan: 6'6

Scouting Notes: Transfer guard now at Louisville, bringing scoring confidence and defensive toughness to the Cardinals’ backcourt. Bronze tier reflects developmental status with upside tied to efficiency and playmaking growth. Early November 2025 games show flashes of perimeter shooting and defensive energy in rotation minutes.

Defensive Profile: Active on‑ball defender; competes with energy, still refining rotations and consistency.

Historical Echoes: Rodney Stuckey (combo guard comp), Jordan Farmar (role comp — scoring guard), Randy Foye (trajectory comp — versatile guard), Byron Scott (era comp — athletic scoring guard).

Audit Notes: Verified Louisville roster, transfer confirmed, November 2025 rotation minutes aligned.",,"Free: Guard who thrives in spacing systems.
Pro: Best fit in offenses that emphasize perimeter shooting and ball movement. Can play as a secondary creator alongside a primary ballhandler. Projects as a scoring guard who stretches defenses and punishes closeouts.","Free: Physical guard who competes with effort.
Pro: Uses size and strength to guard both backcourt spots. Averaging 1.4 steals per game at Louisville. Strong enough to fight through screens and contest shots, though lateral quickness limits him against elite speed guards.",,"Free: Needs to avoid being one dimensional.
Pro: Relies heavily on perimeter shooting. Without growth as a playmaker and defender, risks narrowing to a role‑player shooter rather than a full‑time starter.",,"Free: Outstanding scorer with perimeter range.
Pro: Elite perimeter shooter — 45.2% from three on 6.5 attempts per game this season. Reliable free‑throw shooter (82.8%). Comfortable spotting up and pulling up off the dribble. Finishes through contact but relies more on jumper than rim pressure.","Free: Kerry Kittles–style perimeter scorer, emphasizing smooth perimeter scoring and defensive effort.
Pro: Kerry Kittles with Buddy Hield polish — smooth perimeter scoring and defensive effort paired with high‑volume, efficient shooting that stretches defenses. Projects as a perimeter scorer who thrives on smooth shooting and defensive toughness at Louisville, with Hield‑like efficiency and floor‑spacing providing a stylistic benchmark for his ceiling as a modern high‑volume perimeter scorer.","Free: Poised scorer with offensive instincts.
Pro: Shows confidence in shot creation, rarely rattled under pressure. Reads defenders well enough to find his spots, though passing vision is secondary to his scoring mindset. Needs to improve recognition of help defenders to expand playmaking impact.","Free: Scoring guard evolving toward combo role.
Pro: Began as a shooter; trajectory points toward versatile combo guard if playmaking and defensive polish improve. Current efficiency suggests he can stabilize as a high‑level offensive hub",,,,,,
97,Moustapha Thiam,18,Bronze,"7'2""",235,C,"7'4""",Cincinatti,ModalKey-Thiam,,"Name: Moustapha Thiam
Badge Tier: Bronze
Team: Cincinnati
Height/Weight: 7'2, 220 lbs
Wingspan: 7'4

Scouting Notes: Senegalese freshman center at Cincinnati. Brings elite length, shot-blocking instincts, and rim protection potential. Bronze tier reflects developmental status with upside tied to strength, mobility, and offensive polish.

Defensive Profile: Uses wingspan to contest shots and protect the rim; still raw in rotations and positioning.

Historical Echoes: Festus Ezeli (rim protector comp), Mamadou N’Diaye (role comp — size and shot-blocking), Cheick Diallo (trajectory comp — raw athletic big), Samuel Dalembert (era comp — shot-blocking center).

Audit Notes: Verified Cincinnati roster, draft‑eligible age range, November 2025 status aligned.",,"Free: Rim‑running big with spacing upside.
Pro: Best fit in modern offenses that leverage pick‑and‑roll and pick‑and‑pop. Can thrive as a vertical spacer and rim protector, while developing into a stretch big. Projects as a low‑usage but high‑impact frontcourt piece.","Free: Long center who protects the rim.
Pro: Elite defensive tools with a 7’6 wingspan and 9’5 standing reach. Averaged 3.5 BPG at the adidas 3SSB circuit (2024) and consistently alters shots with timing and mobility. Covers ground well, fluid for his size, and projects as a versatile anchor. Needs to refine discipline to avoid foul trouble as competition rises",,"Free: Needs strength and offensive polish.
Pro: Still thin for his frame, can be pushed off spots. Conditioning and rebounding toughness are swing factors. Offensive identity remains undefined — lacks a go‑to move. Without growth, risks narrowing to defensive specialist rather than full‑time starter.",,"Free: Developing stretch big with touch.
Pro: Efficient finisher — 62.3% FG at adidas 3SSB (2024). Reliable lob target and rim runner. Flashed midrange and three‑point potential, including a one‑foot fadeaway and jump hook. Shot 28% from three on 2.3 attempts per game in 2024, showing growth but still streaky. Free‑throw stroke is smooth but inconsistent (62.5% FT at 3SSB).","Free: Mo Bamba–style rim protector, emphasizing length, shot‑blocking, and rebounding presence. Averaging 11.8 points, 8.3 rebounds, and 2.2 blocks per game at Cincinnati.
Pro: Mo Bamba with Jaren Jackson Jr. polish — rim protection and rebounding paired with stretch shooting and versatile defense. Projects as a rim‑protecting big who thrives on shot‑blocking and rebounding, with Jackson Jr.–like stretch shooting and defensive versatility providing a stylistic benchmark for his ceiling as a modern two‑way big.","Free: High feel defender with instincts.
Pro: Shows advanced timing and awareness for his age. Reads drivers well, rotates quickly, and anticipates weak‑side actions. Offensively, still raw — passing vision limited (0.8 assists vs. 1.8 turnovers per game at 3SSB). Needs to sharpen decision‑making and expand offensive identity.","Free: Rim protector evolving toward stretch big.
Pro: Began as a rim‑runner; trajectory points toward modern two‑way center if shooting consistency and strength improve. Could drift toward rim‑protecting specialist if perimeter skillset stalls.",,,,,,
98,Mouhammad Faye,19,Bronze,6'10,215,C,"7'1""","Pallacanestro Reggio Emilia (Italy, LBA",ModalKey-Faye,,"Name: Mouhamed Faye
Badge Tier: Bronze
Team: Paris Basketball (France) / Formerly Pallacanestro Reggiana
Height/Weight: 6'9, 210 lbs
Wingspan: 7'1

Scouting Notes: 20-year-old Senegalese forward, developed in Pallacanestro Reggiana’s youth system before signing with Paris Basketball in 2025. Known for length, defensive activity, and flashes of perimeter shooting. Bronze tier reflects developmental status in France’s top league, with upside tied to shooting consistency and strength development.

Defensive Profile: Switchable defender; uses wingspan to contest shots and protect the rim, still refining rotations.

Historical Echoes: Luc Mbah a Moute (defensive forward + international presence), Torrey Craig (role comp — versatile wing defender), Jarvis Varnado (trajectory comp — rim protector with international career), Stacey Augmon (era comp — defensive wing/forward).

Audit Notes: Verified draft‑eligible (born 2005), Pallacanestro Reggiana → Paris Basketball trajectory confirmed, November 2025 roster status aligned.",,"Free: Rim‑running big who thrives in uptempo play.
Pro: Best fit in modern pace‑and‑space systems that emphasize vertical spacing and defense. Projects as a low‑usage but high‑impact frontcourt piece who can anchor the paint and finish plays","Free: Long, mobile big who protects the rim.
Pro: Uses his 7’5 wingspan and timing to alter shots and rebound. Averaged 1.5 blocks per game in Italy before joining Paris. Quick enough laterally to hedge pick‑and‑rolls and recover, but foul discipline remains a developmental need.",,"Free: Needs offensive polish to maximize ceiling.
Pro: Still raw offensively, with limited shot creation. Conditioning and foul discipline are swing factors. Without growth, risks narrowing to rim‑protecting specialist rather than full‑time starter.",,"Free: Paint finisher with developing touch.
Pro: Scores efficiently around the rim, converting over 60% of his shots inside. Reliable lob target and rim runner. Limited shooting range, though he has flashed midrange touch and a workable free‑throw stroke (72% FT last season). Needs to add a consistent jumper to expand his offensive role","Free: Larry Sanders–style rim‑protecting forward, emphasizing length, shot‑blocking, and rebounding presence.
Pro: Larry Sanders with Jerami Grant polish — rim protection and rebounding paired with perimeter shooting and versatile defense. Projects as a rim‑protecting forward who thrives on defensive presence and rebounding, with Grant‑like perimeter shooting and switchable defense providing a stylistic benchmark for his ceiling as a modern two‑way forward.","Free: High‑motor defender with instincts.
Pro: Shows advanced timing and awareness for his age. Reads drivers well, rotates quickly, and anticipates weak‑side actions. Offensively raw — passing vision limited, but competes with urgency and understands his role as a connector piece.","Free: Rim protector evolving toward versatile big.
Pro: Began as a rim‑runner; trajectory points toward modern two‑way center if shooting consistency and strength improve. Could drift toward defensive specialist if perimeter skillset stalls.",,,,,,
99,Kaleb Banks,21,Bronze,"6'8""",210,SF/PF,"6'10""",Depaul,ModalKey-Banks,,"Name: Kaleb Banks
Badge Tier: Bronze
Team: DePaul
Height/Weight: 6'8, 215 lbs
Wingspan: 6'10

Scouting Notes: Transfer forward now at DePaul after beginning his career at Indiana. Brings athleticism, slashing ability, and defensive tools to the Blue Demons’ rotation. Bronze tier reflects developmental status with upside tied to perimeter shooting consistency and strength.

Defensive Profile: Length and mobility allow him to guard wings and forwards; active defender, still refining rotations and discipline.

Historical Echoes: Al-Farouq Aminu (athletic forward comp), Corey Brewer (role comp — slashing wing), Josh Howard (trajectory comp — versatile forward), Richard Jefferson (era comp — athletic scoring wing).

Audit Notes: Verified DePaul roster, transfer confirmed, November 2025 rotation minutes aligned.",,"Free: Forward who thrives in uptempo play.
Pro: Best fit in systems that emphasize pace and spacing. Can slot as a stretch 4 or athletic wing, providing rebounding and secondary scoring. Projects as a complementary piece who doesn’t need high usage to impact winning.","Free: Athletic forward who competes with energy.
Pro: Uses length and mobility to guard multiple positions. At Tulane, averaged 6.7 rebounds and 1.3 blocks per game in 2024‑25. Shows commitment on the glass and can contest shots, though lateral quickness against smaller wings is a developmental need.",,"Free: Needs perimeter consistency to maximize ceiling.
Pro: Relies heavily on scoring instincts. Without sustained efficiency and defensive growth, risks narrowing to a rotation forward rather than a full‑time starter.",,"Free: Efficient scorer with  some perimeter touch.
Pro: Efficient offensive weapon — 14.7 PPG on 50.6% FG, 34.1% 3PT, 73.1% FT at Tulane. Comfortable spotting up and attacking closeouts. Finishes through contact and has shown growth as a midrange shooter. At DePaul, early numbers (8.3 PPG, 43% FG, 31% 3PT) suggest he’s adjusting to Big East competition but still provides reliable scoring.","Free: Dorell Wright–style versatile forward, emphasizing athleticism, defensive versatility, and perimeter scoring flashes.
Pro: Dorell Wright with Tobias Harris polish — athleticism and defensive versatility paired with reliable two‑way scoring and polished forward impact. Projects as a versatile forward who thrives on defensive versatility and perimeter scoring at DePaul, with Harris‑like scoring reliability and offensive polish providing a stylistic benchmark for his ceiling as a modern two‑way forward.","Free: High level feel for the game.
Pro: Shows poise and professionalism, balancing scoring with rebounding responsibilities. Reads defenses well enough to find his spots, though passing vision is limited (1.0 APG at Tulane). Needs to improve recognition of help defenders to expand playmaking impact.","Free: Scoring forward evolving toward versatile role player.
Pro: Began as a reserve at Indiana, blossomed into a featured scorer at Tulane, and now projects as a Big East starter at DePaul. Trajectory points toward reliable two‑way wing if shooting consistency and defensive polish continue to grow.",,,,,,
100,Neoklis Avdalas,19,Silver,"6'9""",215,SG/SF,"6'9""",Virginia Tech,ModalKey-Avdalas,,"Name: Neoklis Avdalas
Badge Tier: Silver
Team: Virginia Tech
Height/Weight: 6'9, 215  lbs
Wingspan: 6'6

Scouting Notes: International guard from Greece now at Virginia Tech. Known for scoring instincts, confidence, and ability to create shots. Silver tier reflects rotation impact with upside tied to efficiency, decision‑making, and defensive growth. Early November 2025 games show flashes of perimeter shooting and slashing ability.

Defensive Profile: Active on‑ball defender; competes with energy, still refining rotations and consistency against bigger guards.

Historical Echoes: Goran Dragic (lead comp — scoring/playmaking guard), Vassilis Spanoulis (role comp — Greek scoring guard), Sergio Rodríguez (trajectory comp — creative European guard), Sarunas Jasikevicius (era comp — skilled international guard).

Audit Notes: Verified Virginia Tech roster, draft‑eligible age range, November 2025 rotation minutes aligned.",,"Free: Lead guard who thrives in pace‑and‑space.
Pro: Best fit in systems that allow him to operate as a tall ballhandler, leveraging pick‑and‑roll and spacing. Can play as a point forward, secondary creator, or off‑ball wing depending on lineup construction.","Free: Tall guard who competes with versatility.
Pro: Uses his 6‑9 frame and wingspan to guard multiple positions. Averaged 1.2 steals and 1.0 blocks per game in early 2025‑26 play. Smart team defender who anticipates rotations, though still developing point‑of‑attack defense against quicker guards.",,"Free: Needs defensive consistency to maximize ceiling.
Pro: Lacks elite burst and vertical pop, which may limit isolation scoring and defensive upside. Must continue refining perimeter defense and conditioning to avoid narrowing to offensive specialist",,"Free: Three‑level scorer with confidence.
Pro: Averaging 18.3 PPG on near‑50% FG and 40% 3PT through his first three games at Virginia Tech. Comfortable pulling up off the dribble, attacking downhill, and finishing with craft. Reliable free‑throw shooter (~80%), suggesting translatable touch.","Free: Hedo Türkoğlu–style tall playmaker, emphasizing size, point‑forward versatility, and perimeter scoring flashes.
Pro: Hedo Türkoğlu with Luka Dončić polish — size and point‑forward versatility paired with three‑level scoring and pace control. Projects as a tall playmaker who thrives on versatility and feel at Virginia Tech, with Dončić‑like scoring reliability and pace control providing a stylistic benchmark for his ceiling as a modern tall guard.","Free: Advanced level feel playmaker with poise.
Pro: Posted 22 assists to just 3 turnovers in his first three college games. Shows advanced passing instincts, reads defenses well, and balances scoring with facilitation. Rarely rattled under pressure, demonstrating maturity from his professional background in Greece.","Free: Point forward evolving toward lead creator.
Pro: Began as a European pro guard; trajectory points toward versatile NBA point forward if shooting consistency and defense scale. Could drift toward secondary wing creator if athleticism caps his ceiling.",,,,,,
101,Malik Dia,22,Bronze,"6'9""",235,PF,"6'11""",Ole Miss,ModalKey-Dia,,"Name: Malik Dia
Badge Tier: Bronze
Team: Ole Miss
Height/Weight: 6'9, 220 lbs
Wingspan: 6'11

Scouting Notes: Transfer forward now at Ole Miss after stops at Vanderbilt and Belmont. Brings athleticism, size, and flashes of perimeter shooting. Bronze tier reflects developmental status in the SEC, with upside tied to consistency and defensive growth.

Defensive Profile: Uses length to contest shots; active rebounder, still refining rotations and awareness.

Historical Echoes: Darius Bazley (athletic forward comp), Quincy Acy (role comp — energy forward), Hakim Warrick (trajectory comp — slashing big forward), Al-Farouq Aminu (era comp — versatile defender).

Audit Notes: Verified Ole Miss roster, transfer confirmed, November 2025 rotation minutes aligned.",,"Free: Forward who thrives in spacing systems.
Pro: Best fit in offenses that emphasize perimeter shooting and ball movement. Can play as a stretch 4 or small‑ball 5, providing scoring and rebounding. Projects as a complementary piece who doesn’t need high usage to impact winning.","Free: Physical forward who competes with toughness.
Pro: Led Ole Miss in rebounding last season (5.7 RPG) and provides rim protection with his size and mobility. Averaging 4.8 RPG and 1.0 BPG early in 2025‑26. Strong enough to hold ground in the post, though lateral quickness limits his ability to defend smaller wings.",,"Free: Needs perimeter consistency to maximize ceiling.
Pro: Relies heavily on scoring instincts. Without sustained efficiency and defensive growth, risks narrowing to a rotation forward rather than a full‑time starter.",,"Free: Steady scorer with perimeter touch.
Pro: Reliable offensive weapon — 12.3 PPG on 43.5% FG, 28.6% 3PT, 82.8% FT through six games this season. Comfortable spotting up and attacking closeouts. Finishes through contact and has shown growth as a midrange shooter. Needs to stabilize three‑point efficiency to maximize his stretch‑forward role.","Free: Marvin Williams–style versatile forward, emphasizing size, defense, and perimeter shooting.
Pro: Marvin Williams with Kyle Kuzma polish — size, defense, and perimeter shooting paired with confident scoring and expanded offensive role. Projects as a versatile forward who thrives on defensive presence and perimeter shooting at Ole Miss, with Kuzma‑like scoring confidence and offensive versatility providing a stylistic benchmark for his ceiling as a modern scoring forward.","Free: Poised scorer with offensive instincts.
Pro: Shows confidence in shot creation, rarely rattled under pressure. Reads defenders well enough to find his spots, though passing vision is limited (1.0 APG). Needs to improve recognition of help defenders to expand playmaking impact.","Free: Scoring forward evolving toward versatile role player.
Pro: Began as a reserve at Vanderbilt, blossomed into a featured scorer at Belmont, and now projects as a key SEC starter at Ole Miss. Trajectory points toward reliable two‑way forward if shooting consistency and defensive polish continue to grow.",,,,,,
102,Jaron Pierre Jr.,23,Bronze,"6'5""",190,SG,"6'7""",SMU,ModalKey-Pierre Jr.,,"Name: Jaron Pierre Jr.
Badge Tier: Bronze
Team: SMU
Height/Weight: 6'5, 185 lbs
Wingspan: 6'7

Scouting Notes: Veteran wing now at SMU after previous stops at Southern Miss and Wichita State. Known for athleticism and streaky perimeter shooting. Bronze tier reflects developmental status with upside tied to efficiency and defensive consistency.

Defensive Profile: Active athlete who can guard wings; still refining discipline and rotations.

Historical Echoes: Gerald Green (athletic wing comp), Terrence Ross (role comp — streaky shooter), Ben Gordon (trajectory comp — scoring guard/wing), Ricky Davis (era comp — athletic scorer).

Audit Notes: Verified SMU roster, transfer confirmed, November 2025 rotation minutes aligned.",,"Free: Microwave scorer in pace‑and‑space systems.
Pro: Best slotted as a scoring wing or secondary handler who leverages spacing and quick actions. Adds bench ignition or scales into a starting role when efficiency holds, giving ACC teams instant offense with perimeter gravity.","Free: Athletic, tall guard who  rebounds competes with energy.
Pro: Uses length and quickness to guard both backcourt spots. Averaging 6.4 rebounds and 1.1 steals per game early at SMU. Active in passing lanes and capable of contesting shots, though consistency in rotations and discipline remain developmental needs.",,"Free: Efficiency and defensive polish will cap the ceiling.
Pro: Shot diet can tilt toward difficult attempts. Maintaining three‑point efficiency against longer defenders and tightening rotation discipline will determine whether he stabilizes as a rotation scorer or ascends into a starting‑caliber combo guard.",,"Free: Prolific scorer with decent perimeter range.
Pro: Nation’s leading returning scorer — 21.6 PPG, 38.2% 3PT, 81% FT at Jacksonville State (2024‑25). At SMU, averaging 17.6 PPG on 44.2% FG and 33.3% 3PT through seven games. Comfortable pulling up off the dribble and spotting up. Streaky but fearless, capable of heating up quickly.","Free: Eddie House–style microwave scorer, emphasizing instant offense, deep‑range confidence, and streak‑scoring ability.
Pro: Eddie House with Lou Williams polish — instant offense and deep‑range confidence paired with sixth‑man craft, foul‑drawing, and late‑game shot creation. Projects as a scoring guard who thrives on microwave scoring at SMU, with Williams‑like foul‑drawing and shot creation providing a stylistic benchmark for his ceiling as a modern sixth‑man scorer.","Free: Fearless shooter with offensive instincts.
Pro: Shows confidence in shot creation, rarely hesitant to take shots. Reads defenders well enough to find his spots, though passing vision is secondary (1.6 APG at SMU). Needs to improve recognition of help defenders to expand playmaking impact.
","Free: Scoring guard evolving toward combo role.
Pro: Path from Wichita State → Jacksonville State breakout → SMU shows maturation from rotation scorer to featured gunner to more complete combo guard. Trajectory points toward versatile scoring guard who can rebound, pass, and defend enough to stay on the floor at higher levels.",,,,,,
103,Baba Miller,21,Bronze,"6'11""",220,PF,"7'2""",Cincinatti,ModalKey-Miller,,"Name: Baba Miller
Badge Tier: Bronze
Team: Cincinnati
Height/Weight: 6'11, 205 lbs
Wingspan: 7'2

Scouting Notes: International forward from Spain, transferred from Florida State to Cincinnati. Brings length, mobility, and flashes of perimeter skill. Bronze tier reflects developmental status in the Big 12, with upside tied to strength, consistency, and offensive polish.

Defensive Profile: Uses length to contest shots and switch onto wings; still refining awareness and rotations.

Historical Echoes: Jonathan Isaac (lengthy forward comp), Andrei Kirilenko (role comp — versatile defender), Nicolas Batum (trajectory comp — skilled European wing), Toni Kukoc (era comp — tall, skilled forward).

Audit Notes: Verified Cincinnati roster, transfer confirmed, November 2025 rotation minutes aligned.",,"Free: Forward who thrives in spacing systems.
Pro: Best fit in offenses that emphasize perimeter shooting and ball movement. Can slot as a stretch 4 who provides spacing and secondary scoring. Projects as a complementary piece who doesn’t need high usage to impact winning.","Free: Long forward who competes with energy.
Pro: Uses his 7‑foot wingspan and mobility to guard multiple positions. At Cincinnati he’s averaging 10.0 rebounds, 2.0 blocks, and 1.2 steals per game early in 2025‑26. Shows flashes of switching onto guards and contesting shots, though strength and discipline remain developmental needs. ",,"Free: Needs strength and defensive polish to maximize ceiling.
Pro: Relies heavily on perimeter shooting. Without growth as a rebounder and defender, risks narrowing to a stretch‑specialist role rather than a full‑time starter.",,"Free: Stretch forward with history of perimeter ability.
Pro: Comfortable spotting up and attacking closeouts. Averaging 14.4 PPG on 64% FG, 14% 3PT, and 61% FT this season. Smooth release with range beyond the arc, but streaky. Needs to stabilize three‑point efficiency to maximize his stretch‑forward role.","Free: Nicolas Batum–style versatile forward, emphasizing length, defensive versatility, and secondary playmaking.
Pro: Nicolas Batum with Franz Wagner polish — Batum’s length and defensive versatility paired with Wagner’s modern tall‑wing scoring and playmaking. Projects as a versatile forward who thrives on defensive length and secondary playmaking at Cincinnati, with Wagner‑like scoring polish and offensive versatility providing a stylistic benchmark for his ceiling as a modern two‑way stretch forward.","Free: Smart, poised scorer with instincts.
Pro: Shows maturity in shot selection. Reads defenses well enough to find open pockets, and competes with urgency. Passing vision is developing, but he understands his role as a floor‑spacer and connector","Free: Stretch forward evolving toward versatile role player.
Pro: Began as a Real Madrid prospect, played two seasons at Florida State, then transferred to Florida Atlantic where he averaged 11.3 PPG and 7.0 RPG in 2024‑25. Now at Cincinnati, he’s scaling his production in the AAC. Trajectory points toward reliable two‑way forward if shooting consistency and defensive polish continue to grow.",,,,,,
104,Nate Bittle,22,Bronze,"7'0""",240,C,"7'3""",Oregon,ModalKey-Bittle,,"Name: Nate Bittle
Badge Tier: Bronze
Team: Oregon
Height/Weight: 6'11, 220 lbs
Wingspan: 7'3

Scouting Notes: Veteran big man at Oregon. Brings rim protection, rebounding, and interior presence. Bronze tier reflects rotational status with upside tied to offensive polish and consistency in finishing.

Defensive Profile: Uses size and wingspan to protect the rim; strong rebounder, still refining mobility in switches.

Historical Echoes: Robin Lopez (rim protector comp), Daniel Gafford (role comp — shot-blocking big), Festus Ezeli (trajectory comp — interior defender), Samuel Dalembert (era comp — shot-blocking center).

Audit Notes: Verified Oregon roster, draft‑eligible age range, November 2025 rotation minutes aligned.",,"Free: Center who thrives in structured half‑court sets.
Pro: Best fit in offenses that leverage pick‑and‑roll and pick‑and‑pop actions. Provides spacing as a stretch 5 while anchoring the paint defensively. Can play alongside another forward or as the lone big in small‑ball lineups.","Free: Rim protecting Center with length and timing.
Pro: Averaging nearly 2.0 blocks per game across his career, with a season‑high six blocks against Rice earlier this month. Moves well for his size, contests shots vertically, and rebounds in traffic. Still needs to improve lateral agility against quicker bigs.",,"Free: Needs strength and mobility to maximize ceiling.
Pro: Frame is still lean for NBA centers, and lateral quickness limits his ability to defend in space. If shooting consistency dips, risks narrowing to a depth big rather than a rotation anchor.",,"Free: Big man with touch inside and out.
Pro: Averaging 16.3 PPG on 48% FG and 35% 3PT this season. Comfortable finishing around the rim, stepping into midrange jumpers, and stretching defenses with spot‑up threes. Reliable free‑throw shooter (career ~75%), which signals translatable touch.","Free: Channing Frye–style stretch big, emphasizing perimeter shooting, floor spacing, and rebounding presence.
Pro: Channing Frye with Brook Lopez polish — perimeter shooting and floor spacing paired with rim protection and stretch‑scoring polish. Projects as a stretch big who thrives on perimeter shooting and rim protection at Oregon, with Lopez‑like rim protection and offensive polish providing a stylistic benchmark for his ceiling as a modern two‑way scoring center.","Free: Smart, poised interior presence.
Pro: Reads defenses well, rarely forces shots, and has shown flashes of passing vision (career 1.9 APG in 2024–25). Understands positioning and timing, which allows him to maximize his length without elite athleticism.","Free: Stretch big evolving toward two‑way role player.
Pro: Progressed from a rotational piece to a full‑time starter at Oregon. Tested NBA waters in 2025 but withdrew to return for a fifth year. Trajectory points toward reliable frontcourt contributor with rim protection and shooting as swing skills.",,,,,,
105,Mackenzie Mgbako,21,Bronze,"6'8""",220,SF/PF,"6'10""",Texas A & M,ModalKey-Mgbako,,"Name: Mackenzie Mgbako
Badge Tier: Bronze
Team: Texas A&M
Height/Weight: 6'8, 220 lbs
Wingspan: 6'10

Scouting Notes: Sophomore forward, transferred from Indiana to Texas A&M in 2025. Former McDonald’s All‑American with flashes of perimeter scoring and confidence, but struggled with consistency in the Big Ten. Early SEC minutes show improved defensive effort and rebounding, though offensive efficiency remains streaky. Projects more as a rotational contributor than a core offensive option at this stage.

Defensive Profile: Active wing defender with length; capable of guarding 3–4 but prone to lapses.
Historical Echoes: Harrison Barnes (scoring flashes + perimeter shooting), Jeff Green (athletic wing with streaky impact).
Audit Notes: Verified Texas A&M roster and transfer status; McDonald’s All‑American; ESPN Top‑20 recruit. Tier downgraded to Bronze due to inconsistency and rotational projection.",,"Free: Forward who thrives in pace‑and‑space systems.
Pro: Best fit in offenses that emphasize spacing and quick actions. Can play as a stretch 4 or scoring wing, providing perimeter gravity and secondary scoring.","Free: Strong forward with size who competes physically.
Pro: Uses his frame to guard wings and small forwards. Averaging 1.0 rebound and 1 steal per game in limited minutes early in 2025‑26. Needs to improve lateral quickness and defensive awareness to scale into a consistent stopper.",,"Free: Needs efficiency and defensive polish to maximize ceiling.
Pro: Relies heavily on perimeter shooting. Without growth as a rebounder and defender, risks narrowing to a streak‑scoring role player rather than a full‑time starter.",,"Free: Confident scorer with perimeter range.
Pro: Scored 19 points on 55% shooting vs. Mississippi Valley State. Comfortable spotting up and attacking closeouts. Streaky but fearless, with free‑throw touch (career ~82%) signaling translatable shooting. Needs consistency from three to maximize his stretch‑forward role.","Free: Tayshaun Prince–style versatile forward, emphasizing length, defensive versatility, and perimeter shooting ability.
Pro: Tayshaun Prince with Otto Porter Jr. polish — defensive versatility and length paired with confident perimeter shooting and modern two‑way polish. Projects as a versatile forward who thrives on perimeter scoring and defensive versatility at Texas A&M, with Porter‑like shooting polish and offensive versatility providing a stylistic benchmark for his ceiling as a modern scoring forward.","Free: Poised scorer with offensive instincts.
Pro: Shows confidence in shot creation. Reads defenders well enough to find pull‑up windows, though passing vision is limited. Needs to expand playmaking to avoid narrowing into a pure scoring role.","Free: Scoring forward evolving toward versatile role player.
Pro: Began as a 5‑star recruit, played at Indiana, then transferred to Texas A&M for a bigger role. Trajectory points toward reliable scoring forward if efficiency and defense scale. Could drift toward specialist shooter archetype if development stalls.",,,,,,
106,Dailyn Swain,20,Bronze,"6'8""",225,SG/SF,6'10,Texas,ModalKey-Swain,,"Name: Dailyn Swain
Badge Tier: Bronze
Team: Texas
Height/Weight: 6'7, 200 lbs
Wingspan: 6'10

Scouting Notes: Sophomore wing who transferred from Xavier to Texas. Brings length, athleticism, and defensive versatility to the Longhorns’ rotation. Bronze tier reflects developmental status with upside tied to perimeter shooting and offensive polish.

Defensive Profile: Uses length to guard multiple positions; active defender, still refining rotations and discipline.

Historical Echoes: Trevor Ariza (versatile wing comp), Corey Brewer (role comp — defensive wing), Josh Howard (trajectory comp — athletic forward), Stacey Augmon (era comp — defensive stopper).

Audit Notes: Verified Texas roster, transfer confirmed, November 2025 rotation minutes aligned.",,"Free: Forward who thrives in uptempo systems.
Pro: Best fit in offenses that emphasize pace and ball movement. Can slot as a slashing wing or secondary handler, providing rim pressure and transition scoring. Projects as a versatile forward who doesn’t need high usage to impact winning.","Free: Long forward who competes with energy.
Pro: Uses his size and mobility to guard wings and forwards. Averaging 6.7 rebounds and 1 steal per game this season. Strong rebounder on the defensive end, able to pick the ball away for steals and push in transition. Needs polish in rotations and lateral quickness against quicker wings.",,"Free: Needs perimeter shooting to maximize ceiling.
Pro: Relies heavily on rim scoring and transition play. Without growth as a shooter and defender, risks narrowing to a slashing role player rather than a full‑time starter.",,"Free: Confident scorer with touch around the rim.
Pro: Shooting 52% from the field and 29% from three. Comfortable attacking closeouts and finishing in the paint. Scored 26 points on 81.8% FG vs. Rider, showing efficiency when aggressive. Free‑throw stroke (~82% career) signals translatable touch, though perimeter shooting remains streaky.","Free: Josh Howard–style versatile wing, emphasizing defensive activity, transition scoring, and perimeter flashes.
Pro: Josh Howard with Mikal Bridges polish — defensive versatility and transition scoring paired with modern two‑way polish and scalable offensive role. Projects as a versatile wing who thrives on defensive activity and transition scoring at Texas, with Bridges‑like shooting polish and two‑way impact providing a stylistic benchmark for his ceiling as a modern two‑way wing.","Free: Poised scorer with instincts.
Pro: Shows confidence in shot creation and fluid movement off the ball. Reads defenses well enough to find open pockets, and can facilitate in transition. Not a primary ballhandler but capable of controlling tempo when pushing off rebounds.","Free: Slashing forward evolving toward versatile role player.
Pro: Began as a BIG EAST All‑Freshman at Xavier, grew into a starter, then transferred to Texas with Sean Miller. Trajectory points toward reliable two‑way forward if shooting consistency and defensive polish continue to grow.",,,,,,
107,Tyler Harris,21,Bronze,"6'7""",207,SF/PF,"6'10""",Vanderbilt,ModalKey-Harris,,"Name: Tyler Harris
Badge Tier: Bronze
Team: Vanderbilt
Height/Weight: 6'7, 207 lbs
Wingspan: 6'10

Scouting Notes: Junior wing who transferred from Washington to Vanderbilt. Averaged 11.8 points and 5.0 rebounds in 2024–25 at UW, shooting nearly 50% from both the field and three. Early November 2025 games show consistent double‑digit scoring in Vanderbilt’s fast‑paced offense. Bronze tier reflects developmental status with upside tied to efficiency, defensive growth, and consistency against SEC competition.

Defensive Profile: Uses length to contest shots and guard wings; active rebounder, still refining rotations.

Historical Echoes: Trevor Ariza (versatile wing comp), Dorian Finney‑Smith (role comp — 3‑and‑D forward), Harrison Barnes (trajectory comp — scoring wing), Stacey Augmon (era comp — defensive stopper).

Audit Notes: Verified Vanderbilt roster, transfer confirmed, November 2025 rotation minutes aligned. ",,"Free: Wing who thrives in pace‑and‑space systems.
Pro: Ideal fit in Mark Byington’s fast‑paced offense at Vanderbilt, which emphasizes spacing and freedom. Harris provides perimeter shooting, secondary scoring, and transition finishing. Can slot as a 2/3 hybrid who stretches defenses and punishes closeouts.","Free: Long wing who contests shots and rebounds.
Pro: Uses his 6‑8 frame to guard multiple positions. Averaged 5.0 RPG, 0.9 BPG, and 1.0 SPG at Washington before transferring. At Vanderbilt he’s continued to rebound and defend in space, with length that allows him to contest shooters and disrupt passing lanes.",,"Free: Needs defensive polish to maximize ceiling.
Pro: Relies heavily on perimeter shooting. Without growth as a rebounder and defender, risks narrowing to a stretch‑specialist role rather than a full‑time starter.",,"Free: Elite shooter who made almost half his 3s last season.
Pro: Shot an elite 49.5% from three and 49.2% overall FG at Washington in 2024‑25. Averaged 11.8 PPG there, with multiple 20‑point games including a career‑high 27 vs. Alcorn State. At Vanderbilt he’s scored in double figures every game early in 2025‑26, showing translatable perimeter gravity.","Free: Wesley Person–style sharpshooting wing, emphasizing perimeter scoring and defensive utility.
Pro: Wesley Person with Kentavious Caldwell‑Pope polish — perimeter shooting and defensive utility paired with modern 3‑and‑D polish and scalable role. Projects as a sharpshooting wing who thrives on perimeter scoring and defensive utility at Vanderbilt, with Caldwell‑Pope–like 3‑and‑D polish and championship‑level role scalability providing a stylistic benchmark for his ceiling as a modern two‑way wing.","Free: shows maturity in shot selection.
Pro: Shows maturity in shot selection, rarely forcing bad looks. Reads defenders well enough to find open pockets and has shown flashes of passing vision. Understands his role as a floor‑spacer and connector in Vanderbilt’s balanced attack","Free: Scoring wing evolving toward 3 & D role.
Pro: Began at Portland (12.1 PPG, 7.3 RPG), transferred to Washington (11.8 PPG, 5.0 RPG, 49.5% 3PT), then committed to Vanderbilt in 2025. Trajectory points toward reliable two‑way wing if shooting consistency and defensive polish continue to grow.",,,,,,
108,Kam Williams,20,Bronze,"6'4""",185,SG/SF,6'10,Kentucky (transfer from Tulane),ModalKey-KamWilliams,,"Name: Kam Williams
Badge Tier: Bronze
Team: Kentucky
Height/Weight: 6'8, 205 lbs
Wingspan: 6'10

Scouting Notes: Sophomore transfer from Tulane, where he averaged 9.3 PPG and earned AAC All‑Freshman honors. Joined Kentucky in April 2025. Early season minutes have been limited, but he flashed impact vs Louisville with a 3‑pointer, a putback, and a momentum‑shifting block. Bronze tier reflects developmental status in a deep Kentucky rotation, with upside tied to shooting consistency and assertiveness.

Defensive Profile: Long wing who can guard 1–4; energy defender with mobility, still learning physicality at SEC level.

Historical Echoes: Wesley Person (sharpshooter wing), Torrey Craig (role comp — versatile defender/shooter), Rodney Hood (trajectory comp — scoring wing with size), Dale Ellis (era comp — long‑range specialist).

Audit Notes: Verified Kentucky roster, transfer from Tulane, and November 2025 game logs.",,"Free: Wing who excels in pace‑and‑space systems.
Pro: Perfect fit in Mark Pope’s uptempo offense. Provides perimeter gravity, secondary scoring, and transition finishing. Can slot as a 2/3 hybrid who stretches defenses and punishes closeouts.","Free: Long wing who pressures passing lanes.
Pro: At Tulane, averaged 4.5 RPG, 1.4 BPG, and 1.1 SPG as a freshman. At Kentucky, he’s shown disruptive length, grabbing 9 boards and 3 steals in his first start. Still developing strength to handle physical SEC forwards.",,"Free: Still has defensive lapses.
Pro: Relies heavily on perimeter shooting. Without growth as a rebounder and defender, risks narrowing to a stretch‑specialist role rather than a full‑time starter.",,"Free: Shooter who drains 3s at a high clip.
Pro: Shot 41.2% from three and 78.6% FT at Tulane. At Kentucky, hit a buzzer‑beating three vs. Loyola Maryland and finished 5‑for‑9 FG. Smooth release with range, but needs to prove consistency against elite defenses.","Free: Rodney Hood–style scoring wing, emphasizing perimeter shooting and smooth offensive confidence.
Pro: Rodney Hood with Bruce Bowen polish — perimeter shooting paired with defensive‑minded polish and scalable role impact. Projects as a scoring wing who thrives on perimeter shooting and offensive confidence at Kentucky, with Bowen‑like defensive reliability and role scalability providing a stylistic benchmark for his ceiling as a modern two‑way wing.","Free: Efficient shooter with  multiple scoring instincts.
Pro: Shows maturity in shot selection, rarely forcing bad looks. Reads defenders well enough to find open pockets and has shown flashes of passing vision (4 assists vs. Loyola). Understands his role as a connector in Kentucky’s balanced attack.","Free: Sharpshooting wing evolving toward 3‑and‑D role.
Pro: Began as an AAC All‑Freshman at Tulane (9.3 PPG, 4.5 RPG), then transferred to Kentucky as Mark Pope’s first portal addition. Trajectory points toward reliable two‑way wing if shooting consistency and defensive polish continue to grow.",,,,,,
109,Richie Saunders,24,Bronze,"6'5""",200,SG,"6'7""",BYU,ModalKey-Saunders,,"Name: Richie Saunders
Badge Tier: Bronze
Team: BYU
Height/Weight: 6'5, 200 lbs
Wingspan: 6'7

Scouting Notes: Veteran wing at BYU. Brings perimeter shooting, defensive activity, and energy to the Cougars’ rotation. Bronze tier reflects developmental status with upside tied to efficiency and consistency against Big 12 competition. Early November 2025 games show flashes of scoring bursts and defensive toughness.

Defensive Profile: Active on‑ball defender; competes with energy, still refining rotations and discipline.

Historical Echoes: Wesley Person (shooter comp), Anthony Morrow (role comp — perimeter scorer), Wayne Ellington (trajectory comp — wing shooter), Dell Curry (era comp — reliable perimeter scorer).

Audit Notes: Verified BYU roster, draft‑eligible age range, November 2025 rotation minutes aligned.",,"Free: Wing who plays best in uptempo systems.
Pro: Best fit in offenses that emphasize pace and spacing. Provides perimeter gravity, secondary scoring, and transition finishing. Can slot as a 2/3 hybrid who stretches defenses and punishes closeouts.","Free: Good sized, strong guard who rebounds with active hands.
Pro: Uses his frame to guard wings and smaller forwards. Averaging 5.6 rebounds and 2 steals per game this season. Active defender who competes on the perimeter, though not a primary rim protector.",,"Free: Active but not a stopper on defense.
Pro: Relies heavily on perimeter shooting. Without growth as a rebounder and defender, risks narrowing to a streak‑scoring role player rather than a full‑time starter.",,"Free: Very efficient shooter among the highest scorers currently this season..
Pro: Averaging 20.8 PPG on 52% FG and 40% 3PT. Scored 26 points with five threes vs. Wisconsin. Smooth release, comfortable spotting up and attacking closeouts. Free‑throw stroke (~73% career) signals translatable touch.","Free: Courtney Lee–style two‑way wing, emphasizing perimeter shooting, defensive reliability, and role consistency.
Pro: Courtney Lee with Danny Green polish — steady shooting and defensive reliability paired with championship‑level 3‑and‑D polish and scalable role impact. Projects as a two‑way wing who thrives on perimeter shooting and defensive reliability at BYU, with Green‑like polish and scalable role impact providing a stylistic benchmark for his ceiling as a modern 3‑and‑D wing.","Free: Shot selection is ideal.
Pro: Shows maturity in shot selection, rarely forcing bad looks. Reads defenders well enough to find open pockets and has shown flashes of passing vision. Understands his role as a connector in BYU’s balanced attack.","Free: Fast, mature wing growing toward multifaceted role player.
Pro: Began as a rotation piece, grew into a Big 12 Most Improved Player in 2024–25, and is now BYU’s leading scorer. Trajectory points toward reliable two‑way wing if shooting consistency and defensive polish continue to grow.",,,,,,
110,Sidi Gueye,18,Bronze,6'11,215,C,"7'4""",Arizona,ModalKey-Gueye,,"ch higher tiers.

Defensive Profile: Long, mobile defender; capable of guarding forwards and contesting shots.
Historical Echoes: Pascal Siakam (length + mobility), Cheick Diallo (defensive energy + developmental archetype).
Audit Notes: Verified TCU roster and measurements; FIBA Africa U18 standout; developmental archetype flagged for monitoring.",,"Free: Transition big who finishes plays.
Pro: Best slotted as a play‑finisher with vertical spacing and second‑chance creation, complementing guards by occupying dunker‑spot and sprinting lanes.","Free: Very Long interior presence who alters shots.
Pro: Uses a reported 7‑foot‑4 wingspan to contest at the rim and rebound through contact, projecting real paint deterrence even in limited minutes.",,"Free: Range and foul control are swing factors.Should add weight.
Pro: Offensive value narrows if the jumper stalls; must manage fouls and add counters to avoid being typecast as a pure rim runner.",,"Free: Rim runner with touch developing.
Pro: Offense centers on cuts, rolls, and put‑backs, leveraging length and straight‑line strides; perimeter skill is emerging from a Real Madrid development track.","Free: Nerlens Noel–style length‑first defender.
Pro: Echoes Nerlens Noel and Mitchell Robinson — bigs with rim protection, rebounding toughness, and vertical spacing. Like Noel, projects as a length‑first defender who anchors the paint; Robinson’s blend of vertical spacing, lob finishing, and rim protection provides a stylistic benchmark for his ceiling as a modern paint anchor.","Free: Simple, direct reads at speed.
Pro: Shows basic screening angles and early rim‑run recognition from pro‑academy reps, with room to grow in short‑roll timing and kick‑out decisions.","Free: Tools‑rich rim protector.
Pro: Prior Real Madrid pedigree and ANGT all‑tournament nod signal a pathway to two‑way impact if touch and timing catch up to tools.",,,,,,
111,Jackson McAndrew*,20,Bronze,"6'9""",200,PF,6'10,Creighton,ModalKey-McAndrew,,"Name: Jackson McAndrew
Badge Tier: Silver
Team: Creighton
Height/Weight: 6'9, 210 lbs
Wingspan: 6'10

Scouting Notes: Freshman stretch forward with perimeter touch and floor spacing impact; projects as a rotation shooter with room to grow defensively and on the glass. Silver tier reflects early spacing value with upward mobility if team defense and physicality scale.

Defensive Profile: Uses length to contest; mobility and strength are developing against high-major wings and fours.

Historical Echoes: Sam Dekker (stretch forward comp), Mike Miller (role comp—shooting wing/forward), Kyle Singler (trajectory comp—perimeter forward), Keith Van Horn (era comp—tall shooter).

Audit Notes: Verified Creighton anchor; draft-eligible age range; Echo rotation diversified (no Clarkson).",,"Free: Forward who thrives in spacing systems.
Pro: Best fit in offenses that emphasize perimeter shooting and ball movement. Can slot as a stretch 4 who provides spacing and secondary scoring. Projects as a complementary piece who doesn’t need high usage to impact winning.","Free: Long forward who competes with energy. Recent injury will keep him out of the rest of season.
Pro: Uses his size and mobility to guard both forward spots. Averaged 4.4 rebounds and nearly a block per game as a freshman. Still developing lateral quickness against smaller wings, but his length allows him to contest effectively and rebound in traffic. ",,"Free: Needs strength and better defense to maximize ceiling.
Pro: Relies heavily on perimeter shooting. Without growth as a rebounder and defender, risks narrowing to a stretch‑specialist role rather than a full‑time starter.",,"Free: Stretch forward with  profilific perimeter scoring.
Pro: Set a Creighton freshman record with 69 made threes at 35%. Smooth release with range beyond the arc, comfortable spotting up and attacking closeouts. Needs to add strength to finish through contact consistently, but his free‑throw stroke (78%) suggests translatable touch.","Free: Ryan Anderson–style stretch forward, emphasizing size, rebounding, and perimeter shooting presence.
Pro: Ryan Anderson with Cameron Johnson polish — size and shooting paired with confident perimeter scoring and defensive versatility. Projects as a stretch forward who thrives on perimeter shooting and rebounding at Creighton, with Johnson‑like confident shooting and defensive reliability providing a stylistic benchmark for his ceiling as a modern two‑way stretch forward.","Free: Smart, poised scorer with instincts.
Pro: Shows maturity in shot selection for a young player. Reads defenses well enough to find open pockets, and competes with urgency. Passing vision is developing, but he understands his role as a floor‑spacer and connector","Free: Stretch forward evolving toward versatile role player.
Pro: Began as a high‑school sharpshooter, adjusted quickly to Big East competition, and was poised for a sophomore leap before injury. Trajectory points toward reliable two‑way forward if shooting consistency and defensive polish continue to grow.",,,,,,
112,Malique Lewis,21,Bronze,"6'8""",195,SF/PF,"7'1""","South East Melbourne Phoenix (NBL Next Stars, Australia",ModalKey-Lewis,,"Name: Malique Lewis
Badge Tier: Bronze
Team: South East Melbourne Phoenix (NBL Next Stars)
Height/Weight: 6'8, 209 lbs
Wingspan: 7'1

Scouting Notes: Trinidadian forward who played in the G League for Mexico City before joining the NBL Next Stars program. Averaged 6.8 points, 4.1 rebounds, and 1.0 assist in 34 games with South East Melbourne in 2024–25, shooting 42.6% from the field and 38.4% from three. Bronze tier reflects developmental status with upside tied to consistency, handle, and playmaking growth. Declared for the 2025 NBA Draft as a potential second-round prospect.

Defensive Profile: Uses length to contest shots and guard wings; flashes of rim protection and lateral quickness, still refining strength and rotations.

Historical Echoes: Trevor Ariza (versatile wing comp), Dorian Finney-Smith (role comp — 3‑and‑D forward), Rudy Gay (trajectory comp — athletic scoring wing), Stacey Augmon (era comp — defensive stopper).

Audit Notes: Verified NBL Next Stars roster, November 2025 status aligned. Production and polish place him in Bronze tier, with monitoring for Silver if efficiency and role expand.",,"Free: Forward who thrives in transition.
Pro: Best fit in uptempo systems that emphasize defense‑to‑offense conversion. Provides rim pressure, transition finishing, and defensive energy. Projects as a complementary piece who doesn’t need high usage to impact winning.","Free: Athletic defense oriented forward who pressures ball handlers.
Pro: Became Phoenix’s point‑of‑attack defender as a teenager, tasked with guarding elite perimeter players. Uses length and mobility to stay in front of opponents and disrupt passing lanes. His defensive versatility is his strongest calling card, though strength against physical wings is still developing.",,"Free: Needs perimeter shooting to become two way player.
Pro: Offensive limitations are the swing skill. Without growth as a shooter, risks narrowing to a defensive‑specialist archetype rather than a rotation wing. Must add strength and polish to avoid plateauing as a role player.",,"Free: Slasher who finishes at the rim.
Pro: Averaged 7.0 PPG on limited shooting volume in 2024–25. Most effective cutting off the ball and finishing backdoor plays. Not yet a perimeter threat — shooting outside the paint remains a developmental need. Shows flashes of downhill scoring when attacking closeouts.","Free: Luc Mbah a Moute–style defensive forward, emphasizing defensive versatility, transition activity, and toughness.
Pro: Luc Mbah a Moute with Bruce Bowen polish — defensive versatility and toughness paired with situational shooting and defensive stopper polish. Projects as a defensive forward who thrives on versatility and transition activity with South East Melbourne Phoenix, with Bowen‑like defensive stopper polish and role scalability providing a stylistic benchmark for his ceiling as a modern defensive‑minded wing.","Free: Energetic defender with instincts.
Pro: Reads ball handlers well, anticipates passing lanes, and competes with urgency. Offensively, understands his role as a cutter and finisher rather than a creator. Shows maturity in embracing a low‑usage, high‑impact role.","Free: Defensive wing evolving toward versatile role player.
Pro: Entered NBL as a Next Star in 2024, forced his way into the starting lineup, and earned All‑Tournament honors at Adidas Eurocamp in Italy. Withdrew from the 2025 NBA Draft to return for NBL26, aiming to boost his stock for 2026. Trajectory points toward reliable defensive specialist with upside if shooting develops.",,,,,,
